datetime,open,high,low,close,volume
2026-01-27T18:00:00+00:00,5989.11,5991.129999999999,5985.11,5990.119999999999,164.14486391571555
2026-01-27T18:30:00+00:00,5990.119999999999,5993.129999999999,5989.11,5992.129999999999,125.47864077669902
2026-01-27T19:00:00+00:00,5992.129999999999,5997.129999999999,5991.11,5997.11,111
2026-01-27T19:30:00+00:00,5997.11,5999.119999999999,5995.11,5996.129999999999,80.28645289137093
2026-01-27T20:00:00+00:00,5996.129999999999,6000.619999999999,5995.11,5995.119999999999,86
2026-01-27T20:30:00+00:00,5995.119999999999,5996.129999999999,5978.129999999999,5983.169999999999,254.27856025039125
2026-01-28T07:00:00+00:00,5983.169999999999,6035.329999999999,5982.669999999999,6028.329999999999,338.6771844660194
2026-01-28T07:30:00+00:00,6028.329999999999,6028.329999999999,6017.839999999999,6019.849999999999,300
2026-01-28T08:00:00+00:00,6019.849999999999,6023.329999999999,6001.829999999999,6004.839999999999,1523
2026-01-28T08:30:00+00:00,6004.839999999999,6007.839999999999,5981.829999999999,5984.829999999999,636
2026-01-28T09:00:00+00:00,5984.829999999999,5990.849999999999,5981.339999999999,5985.339999999999,567
2026-01-28T09:30:00+00:00,5985.339999999999,5989.849999999999,5981.849999999999,5984.329999999999,350
2026-01-28T10:00:00+00:00,5984.329999999999,5991.839999999999,5978.829999999999,5989.849999999999,303.7586206896552
2026-01-28T10:30:00+00:00,5989.849999999999,5995.829999999999,5987.349999999999,5994.829999999999,305
2026-01-28T11:00:00+00:00,5994.829999999999,5997.849999999999,5991.829999999999,5992.839999999999,360
2026-01-28T11:30:00+00:00,5992.839999999999,5996.839999999999,5988.829999999999,5989.839999999999,295
2026-01-28T12:00:00+00:00,5989.839999999999,5991.849999999999,5970.829999999999,5973.349999999999,846
2026-01-28T12:30:00+00:00,5973.349999999999,5974.839999999999,5956.829999999999,5957.829999999999,441
2026-01-28T13:00:00+00:00,5957.829999999999,5968.829999999999,5955.329999999999,5957.829999999999,480
2026-01-28T13:30:00+00:00,5957.829999999999,5970.349999999999,5956.829999999999,5963.349999999999,483
2026-01-28T14:00:00+00:00,5963.349999999999,5967.839999999999,5954.829999999999,5959.339999999999,703
2026-01-28T14:30:00+00:00,5959.339999999999,5959.339999999999,5940.829999999999,5941.829999999999,1676
2026-01-28T15:00:00+00:00,5941.829999999999,5953.839999999999,5938.349999999999,5938.349999999999,1401
2026-01-28T15:30:00+00:00,5938.349999999999,5944.849999999999,5931.829999999999,5936.339999999999,601
2026-01-28T16:00:00+00:00,5936.339999999999,5945.849999999999,5933.849999999999,5939.839999999999,440.84837545126356
2026-01-28T16:30:00+00:00,5939.839999999999,5940.829999999999,5922.829999999999,5923.839999999999,399
2026-01-28T17:00:00+00:00,5923.839999999999,5937.839999999999,5923.839999999999,5933.849999999999,215.83475588938205
2026-01-28T17:30:00+00:00,5933.849999999999,5936.849999999999,5930.829999999999,5930.829999999999,199.83950177935944
2026-01-28T18:00:00+00:00,5930.829999999999,5938.849999999999,5929.829999999999,5936.839999999999,138
2026-01-28T18:30:00+00:00,5936.839999999999,5941.839999999999,5933.829999999999,5940.339999999999,138.1839464882943
2026-01-28T19:00:00+00:00,5940.339999999999,5944.849999999999,5933.829999999999,5934.839999999999,706
2026-01-28T19:30:00+00:00,5934.839999999999,5944.849999999999,5931.829999999999,5937.849999999999,2044
2026-01-28T20:00:00+00:00,5937.849999999999,5944.349999999999,5936.829999999999,5940.849999999999,617
2026-01-28T20:30:00+00:00,5940.849999999999,5943.849999999999,5932.879999999999,5936.379999999999,303
2026-01-29T07:00:00+00:00,5936.379999999999,5962.829999999999,5935.879999999999,5957.839999999999,284.134065193317
2026-01-29T07:30:00+00:00,5957.839999999999,5966.339999999999,5956.839999999999,5963.339999999999,282.42880257368597
2026-01-29T08:00:00+00:00,5963.339999999999,5974.339999999999,5947.329999999999,5972.329999999999,1781
2026-01-29T08:30:00+00:00,5972.329999999999,5974.829999999999,5950.82,5955.839999999999,802
2026-01-29T09:00:00+00:00,5955.839999999999,5972.329999999999,5954.329999999999,5959.839999999999,559
2026-01-29T09:30:00+00:00,5959.839999999999,5963.829999999999,5947.32,5947.32,696
2026-01-29T10:00:00+00:00,5947.32,5960.339999999999,5941.32,5955.839999999999,521
2026-01-29T10:30:00+00:00,5955.839999999999,5962.339999999999,5951.32,5952.82,529
2026-01-29T11:00:00+00:00,5952.82,5962.339999999999,5947.339999999999,5960.32,466
2026-01-29T11:30:00+00:00,5960.32,5966.839999999999,5955.32,5965.829999999999,368
2026-01-29T12:00:00+00:00,5965.829999999999,5967.339999999999,5956.32,5958.32,353
2026-01-29T12:30:00+00:00,5958.32,5960.329999999999,5952.339999999999,5954.839999999999,301
2026-01-29T13:00:00+00:00,5954.839999999999,5965.329999999999,5954.839999999999,5964.829999999999,345
2026-01-29T13:30:00+00:00,5964.829999999999,5973.839999999999,5963.839999999999,5973.329999999999,289
2026-01-29T14:00:00+00:00,5973.329999999999,5974.329999999999,5960.32,5962.32,381
2026-01-29T14:30:00+00:00,5962.32,5965.339999999999,5922.32,5922.329999999999,1625
2026-01-29T15:00:00+00:00,5922.329999999999,5926.339999999999,5911.32,5913.32,2303
2026-01-29T15:30:00+00:00,5913.32,5913.32,5887.329999999999,5891.829999999999,1709
2026-01-29T16:00:00+00:00,5891.829999999999,5906.339999999999,5879.32,5889.32,1742
2026-01-29T16:30:00+00:00,5889.32,5909.339999999999,5888.329999999999,5902.32,1550
2026-01-29T17:00:00+00:00,5902.32,5927.329999999999,5902.32,5924.839999999999,1218
2026-01-29T17:30:00+00:00,5924.839999999999,5933.339999999999,5913.32,5915.32,767
2026-01-29T18:00:00+00:00,5915.32,5929.339999999999,5914.329999999999,5929.329999999999,1100
2026-01-29T18:30:00+00:00,5929.329999999999,5933.339999999999,5924.32,5925.82,966
2026-01-29T19:00:00+00:00,5925.82,5937.339999999999,5923.839999999999,5936.32,571
2026-01-29T19:30:00+00:00,5936.32,5937.339999999999,5930.329999999999,5931.82,624
2026-01-29T20:00:00+00:00,5931.82,5937.339999999999,5930.829999999999,5931.839999999999,374.0071942446043
2026-01-29T20:30:00+00:00,5931.839999999999,5942.32,5930.339999999999,5940.869999999999,288.7755102040816
2026-01-30T07:00:00+00:00,5940.869999999999,5941.369999999999,5907.28,5920.28,493.52331321996706
2026-01-30T07:30:00+00:00,5920.28,5925.78,5902.2699999999995,5904.28,595
2026-01-30T08:00:00+00:00,5904.28,5925.28,5896.259999999999,5923.28,1315
2026-01-30T08:30:00+00:00,5923.28,5931.28,5909.759999999999,5930.28,544
2026-01-30T09:00:00+00:00,5930.28,5934.2699999999995,5917.28,5933.7699999999995,363
2026-01-30T09:30:00+00:00,5933.7699999999995,5934.2699999999995,5915.28,5918.7699999999995,477
2026-01-30T10:00:00+00:00,5918.7699999999995,5924.2699999999995,5916.2699999999995,5918.78,359
2026-01-30T10:30:00+00:00,5918.78,5932.78,5918.2699999999995,5926.2699999999995,288
2026-01-30T11:00:00+00:00,5926.2699999999995,5937.28,5924.28,5937.259999999999,260
2026-01-30T11:30:00+00:00,5937.259999999999,5956.259999999999,5937.259999999999,5952.78,417
2026-01-30T12:00:00+00:00,5952.78,5958.28,5949.259999999999,5949.28,465
2026-01-30T12:30:00+00:00,5949.28,5953.28,5944.259999999999,5946.259999999999,428
2026-01-30T13:00:00+00:00,5946.259999999999,5951.28,5940.2699999999995,5946.78,310
2026-01-30T13:30:00+00:00,5946.78,5947.28,5938.2699999999995,5939.259999999999,620
2026-01-30T14:00:00+00:00,5939.259999999999,5953.28,5937.7699999999995,5952.28,470.8933333333333
2026-01-30T14:30:00+00:00,5952.28,5967.2699999999995,5950.2699999999995,5955.28,1985
2026-01-30T15:00:00+00:00,5955.28,5968.28,5951.28,5955.759999999999,1905
2026-01-30T15:30:00+00:00,5955.759999999999,5964.28,5943.28,5944.2699999999995,1919
2026-01-30T16:00:00+00:00,5944.2699999999995,5951.78,5934.759999999999,5940.28,792
2026-01-30T16:30:00+00:00,5940.28,5956.28,5937.259999999999,5938.2699999999995,1207
2026-01-30T17:00:00+00:00,5938.2699999999995,5945.28,5930.259999999999,5943.78,1692
2026-01-30T17:30:00+00:00,5943.78,5947.28,5935.259999999999,5935.2699999999995,1985
2026-01-30T18:00:00+00:00,5935.2699999999995,5939.28,5915.259999999999,5930.759999999999,1490
2026-01-30T18:30:00+00:00,5930.759999999999,5942.7699999999995,5919.2699999999995,5939.78,736.2463401650252
2026-01-30T19:00:00+00:00,5939.78,5949.28,5939.259999999999,5940.28,1223
2026-01-30T19:30:00+00:00,5940.28,5946.259999999999,5934.259999999999,5937.78,1834
2026-01-30T20:00:00+00:00,5937.78,5943.28,5930.259999999999,5932.259999999999,1244
2026-01-30T20:30:00+00:00,5932.259999999999,5944.28,5930.2699999999995,5937.3099999999995,599
2026-02-02T07:00:00+00:00,5937.3099999999995,5941.8099999999995,5870.589999999999,5888.589999999999,703.8699853587116
2026-02-02T07:30:00+00:00,5888.589999999999,5903.579999999999,5888.589999999999,5903.089999999999,564
2026-02-02T08:00:00+00:00,5903.089999999999,5921.589999999999,5896.589999999999,5913.07,1203
2026-02-02T08:30:00+00:00,5913.07,5935.079999999999,5912.57,5929.579999999999,530
2026-02-02T09:00:00+00:00,5929.579999999999,5938.589999999999,5920.589999999999,5937.57,793
2026-02-02T09:30:00+00:00,5937.57,5948.579999999999,5934.57,5943.07,528
2026-02-02T10:00:00+00:00,5943.07,5949.589999999999,5941.57,5949.089999999999,447
2026-02-02T10:30:00+00:00,5949.089999999999,5955.589999999999,5947.579999999999,5954.089999999999,379
2026-02-02T11:00:00+00:00,5954.089999999999,5965.589999999999,5953.57,5965.579999999999,299
2026-02-02T11:30:00+00:00,5965.579999999999,5970.589999999999,5962.57,5970.579999999999,225
2026-02-02T12:00:00+00:00,5970.579999999999,5983.589999999999,5970.579999999999,5982.589999999999,420
2026-02-02T12:30:00+00:00,5982.589999999999,5989.579999999999,5979.579999999999,5982.079999999999,310
2026-02-02T13:00:00+00:00,5982.079999999999,5983.579999999999,5974.57,5978.579999999999,522
2026-02-02T13:30:00+00:00,5978.579999999999,5990.589999999999,5974.57,5990.089999999999,305
2026-02-02T14:00:00+00:00,5990.089999999999,5996.579999999999,5986.57,5988.589999999999,392
2026-02-02T14:30:00+00:00,5988.589999999999,6005.589999999999,5987.57,5997.07,2026
2026-02-02T15:00:00+00:00,5997.07,6025.589999999999,5994.07,6017.079999999999,925
2026-02-02T15:30:00+00:00,6017.079999999999,6019.589999999999,6004.57,6012.589999999999,804
2026-02-02T16:00:00+00:00,6012.589999999999,6020.589999999999,6009.579999999999,6011.589999999999,518
2026-02-02T16:30:00+00:00,6011.589999999999,6017.589999999999,6010.57,6017.07,317
2026-02-02T17:00:00+00:00,6017.07,6026.589999999999,6017.07,6023.579999999999,252
2026-02-02T17:30:00+00:00,6023.579999999999,6028.589999999999,6022.57,6026.07,163
2026-02-02T18:00:00+00:00,6026.07,6027.589999999999,6018.589999999999,6019.07,190.33839527223557
2026-02-02T18:30:00+00:00,6019.07,6027.589999999999,6018.57,6026.079999999999,121
2026-02-02T19:00:00+00:00,6026.079999999999,6030.579999999999,6024.589999999999,6027.589999999999,92.18652607978248
2026-02-02T19:30:00+00:00,6027.589999999999,6030.589999999999,6021.57,6022.089999999999,275.04282483011434
2026-02-02T20:00:00+00:00,6022.089999999999,6027.589999999999,6021.57,6026.57,823
2026-02-02T20:30:00+00:00,6026.57,6034.589999999999,6024.579999999999,6028.619999999999,395
2026-02-03T07:00:00+00:00,6028.619999999999,6057.749999999999,6028.119999999999,6053.759999999999,245.2345890410959
2026-02-03T07:30:00+00:00,6053.759999999999,6061.259999999999,6051.24,6056.749999999999,285
2026-02-03T08:00:00+00:00,6056.749999999999,6082.259999999999,6045.24,6076.759999999999,777
2026-02-03T08:30:00+00:00,6076.759999999999,6077.759999999999,6066.259999999999,6072.759999999999,605
2026-02-03T09:00:00+00:00,6072.759999999999,6079.249999999999,6051.749999999999,6052.249999999999,454
2026-02-03T09:30:00+00:00,6052.249999999999,6054.259999999999,6042.249999999999,6048.74,330
2026-02-03T10:00:00+00:00,6048.74,6057.24,6046.259999999999,6046.259999999999,289
2026-02-03T10:30:00+00:00,6046.259999999999,6047.24,6032.259999999999,6035.759999999999,317
2026-02-03T11:00:00+00:00,6035.759999999999,6036.249999999999,6027.24,6031.74,327
2026-02-03T11:30:00+00:00,6031.74,6036.759999999999,6027.259999999999,6035.749999999999,293
2026-02-03T12:00:00+00:00,6035.749999999999,6036.259999999999,6030.24,6034.259999999999,391
2026-02-03T12:30:00+00:00,6034.259999999999,6042.249999999999,6029.24,6029.259999999999,227
2026-02-03T13:00:00+00:00,6029.259999999999,6032.259999999999,6023.24,6027.24,267
2026-02-03T13:30:00+00:00,6027.24,6028.259999999999,6015.249999999999,6017.759999999999,273
2026-02-03T14:00:00+00:00,6017.759999999999,6019.249999999999,5998.24,6000.749999999999,305
2026-02-03T14:30:00+00:00,6000.749999999999,6011.259999999999,5986.24,5986.249999999999,1349
2026-02-03T15:00:00+00:00,5986.249999999999,5998.259999999999,5982.24,5994.249999999999,2260
2026-02-03T15:30:00+00:00,5994.249999999999,6004.259999999999,5983.24,6001.24,1602
2026-02-03T16:00:00+00:00,6001.24,6004.249999999999,5993.24,5998.259999999999,888
2026-02-03T16:30:00+00:00,5998.259999999999,6005.249999999999,5993.249999999999,5999.259999999999,697
2026-02-03T17:00:00+00:00,5999.259999999999,6000.259999999999,5980.24,5984.249999999999,1634
2026-02-03T17:30:00+00:00,5984.249999999999,5992.259999999999,5979.24,5981.74,1342
2026-02-03T18:00:00+00:00,5981.74,5991.259999999999,5965.259999999999,5968.259999999999,1284
2026-02-03T18:30:00+00:00,5968.259999999999,5971.259999999999,5959.249999999999,5959.249999999999,1035
2026-02-03T19:00:00+00:00,5959.249999999999,5970.259999999999,5950.24,5963.249999999999,1466
2026-02-03T19:30:00+00:00,5963.249999999999,5971.259999999999,5957.249999999999,5969.249999999999,1620
2026-02-03T20:00:00+00:00,5969.249999999999,5971.259999999999,5962.249999999999,5969.249999999999,1102
2026-02-03T20:30:00+00:00,5969.249999999999,5992.249999999999,5969.249999999999,5990.299999999999,575
2026-02-04T07:00:00+00:00,5990.299999999999,6013.61,5990.299999999999,6013.599999999999,266.19384615384615
2026-02-04T07:30:00+00:00,6013.599999999999,6018.11,6010.589999999999,6012.099999999999,290
2026-02-04T08:00:00+00:00,6012.099999999999,6024.61,6005.589999999999,6007.589999999999,1050
2026-02-04T08:30:00+00:00,6007.589999999999,6009.599999999999,5996.099999999999,5997.589999999999,554
2026-02-04T09:00:00+00:00,5997.589999999999,6001.11,5982.589999999999,5990.599999999999,601
2026-02-04T09:30:00+00:00,5990.599999999999,5999.599999999999,5981.589999999999,5998.599999999999,518
2026-02-04T10:00:00+00:00,5998.599999999999,6007.599999999999,5997.599999999999,6005.089999999999,429
2026-02-04T10:30:00+00:00,6005.089999999999,6019.61,6005.089999999999,6017.589999999999,326
2026-02-04T11:00:00+00:00,6017.589999999999,6020.599999999999,6011.589999999999,6015.599999999999,310
2026-02-04T11:30:00+00:00,6015.599999999999,6034.61,6014.589999999999,6032.61,325.4382183908046
2026-02-04T12:00:00+00:00,6032.61,6038.61,6026.589999999999,6027.599999999999,490.45582486317437
2026-02-04T12:30:00+00:00,6027.599999999999,6027.61,6013.589999999999,6017.089999999999,413
2026-02-04T13:00:00+00:00,6017.089999999999,6020.61,6009.589999999999,6015.099999999999,651
2026-02-04T13:30:00+00:00,6015.099999999999,6020.599999999999,6012.589999999999,6015.099999999999,462
2026-02-04T14:00:00+00:00,6015.099999999999,6018.589999999999,6005.589999999999,6014.61,438
2026-02-04T14:30:00+00:00,6014.61,6028.589999999999,6004.589999999999,6010.089999999999,3403
2026-02-04T15:00:00+00:00,6010.089999999999,6026.61,6003.61,6016.589999999999,3614
2026-02-04T15:30:00+00:00,6016.589999999999,6019.61,5998.589999999999,6003.61,3057
2026-02-04T16:00:00+00:00,6003.61,6006.11,5983.589999999999,5993.599999999999,1400
2026-02-04T16:30:00+00:00,5993.599999999999,5995.61,5965.599999999999,5981.599999999999,1048
2026-02-04T17:00:00+00:00,5981.599999999999,5984.099999999999,5955.61,5957.61,2266
2026-02-04T17:30:00+00:00,5957.61,5965.61,5948.589999999999,5962.599999999999,2116
2026-02-04T18:00:00+00:00,5962.599999999999,5968.589999999999,5948.599999999999,5966.589999999999,1643
2026-02-04T18:30:00+00:00,5966.589999999999,5970.61,5954.61,5963.589999999999,1768
2026-02-04T19:00:00+00:00,5963.589999999999,5968.099999999999,5955.589999999999,5964.599999999999,1830
2026-02-04T19:30:00+00:00,5964.599999999999,5987.589999999999,5964.589999999999,5983.089999999999,1283
2026-02-04T20:00:00+00:00,5983.089999999999,5984.61,5975.089999999999,5978.099999999999,917
2026-02-04T20:30:00+00:00,5978.099999999999,5985.61,5966.65,5974.159999999999,538
2026-02-05T07:00:00+00:00,5974.159999999999,5989.48,5970.659999999999,5986.469999999999,354.5841784989858
2026-02-05T07:30:00+00:00,5986.469999999999,5991.469999999999,5977.459999999999,5978.98,360
2026-02-05T08:00:00+00:00,5978.98,6005.48,5977.469999999999,5992.48,1406
2026-02-05T08:30:00+00:00,5992.48,5995.459999999999,5962.959999999999,5964.459999999999,972
2026-02-05T09:00:00+00:00,5964.459999999999,5969.48,5954.469999999999,5969.459999999999,665
2026-02-05T09:30:00+00:00,5969.459999999999,5974.469999999999,5948.48,5957.459999999999,543
2026-02-05T10:00:00+00:00,5957.459999999999,5968.48,5948.459999999999,5966.48,488
2026-02-05T10:30:00+00:00,5966.48,5972.48,5960.98,5968.959999999999,343
2026-02-05T11:00:00+00:00,5968.959999999999,5973.48,5962.459999999999,5972.469999999999,437
2026-02-05T11:30:00+00:00,5972.469999999999,5976.469999999999,5962.459999999999,5972.48,447
2026-02-05T12:00:00+00:00,5972.48,5980.48,5951.469999999999,5951.469999999999,920
2026-02-05T12:30:00+00:00,5951.469999999999,5953.48,5920.459999999999,5930.469999999999,1748
2026-02-05T13:00:00+00:00,5930.469999999999,5938.98,5923.459999999999,5926.48,1352
2026-02-05T13:30:00+00:00,5926.48,5937.959999999999,5909.459999999999,5911.98,1330
2026-02-05T14:00:00+00:00,5911.98,5916.98,5896.469999999999,5907.98,1660
2026-02-05T14:30:00+00:00,5907.98,5945.48,5898.48,5920.48,5937
2026-02-05T15:00:00+00:00,5920.48,5924.469999999999,5898.459999999999,5900.98,4791
2026-02-05T15:30:00+00:00,5900.98,5919.48,5896.459999999999,5906.959999999999,4363
2026-02-05T16:00:00+00:00,5906.959999999999,5926.48,5897.469999999999,5925.959999999999,2473
2026-02-05T16:30:00+00:00,5925.959999999999,5944.469999999999,5923.469999999999,5942.969999999999,2225
2026-02-05T17:00:00+00:00,5942.969999999999,5943.959999999999,5924.459999999999,5943.48,2139
2026-02-05T17:30:00+00:00,5943.48,5951.48,5933.459999999999,5935.469999999999,2760
2026-02-05T18:00:00+00:00,5935.469999999999,5940.969999999999,5920.469999999999,5925.969999999999,2138
2026-02-05T18:30:00+00:00,5925.969999999999,5930.969999999999,5915.459999999999,5923.459999999999,1206
2026-02-05T19:00:00+00:00,5923.459999999999,5938.48,5919.469999999999,5932.48,1595
2026-02-05T19:30:00+00:00,5932.48,5932.48,5922.48,5927.98,1406
2026-02-05T20:00:00+00:00,5927.98,5938.98,5921.459999999999,5922.459999999999,1600
2026-02-05T20:30:00+00:00,5922.459999999999,5928.48,5913.459999999999,5916.509999999999,1261
2026-02-06T07:00:00+00:00,5916.509999999999,5920.339999999999,5903.82,5919.339999999999,484.13924761370015
2026-02-06T07:30:00+00:00,5919.339999999999,5927.329999999999,5914.329999999999,5927.329999999999,403
2026-02-06T08:00:00+00:00,5927.329999999999,5934.339999999999,5912.32,5919.82,1695
2026-02-06T08:30:00+00:00,5919.82,5928.32,5905.329999999999,5922.32,1010
2026-02-06T09:00:00+00:00,5922.32,5944.32,5916.32,5941.32,1099
2026-02-06T09:30:00+00:00,5941.32,5954.339999999999,5939.82,5941.32,794
2026-02-06T10:00:00+00:00,5941.32,5949.339999999999,5937.32,5944.329999999999,649
2026-02-06T10:30:00+00:00,5944.329999999999,5960.839999999999,5944.329999999999,5959.339999999999,354
2026-02-06T11:00:00+00:00,5959.339999999999,5971.339999999999,5958.339999999999,5967.829999999999,336
2026-02-06T11:30:00+00:00,5967.829999999999,5973.829999999999,5963.32,5969.82,418.7173501577287
2026-02-06T12:00:00+00:00,5969.82,5975.339999999999,5967.32,5968.82,557
2026-02-06T12:30:00+00:00,5968.82,5969.829999999999,5958.829999999999,5960.339999999999,418
2026-02-06T13:00:00+00:00,5960.339999999999,5967.32,5958.329999999999,5966.829999999999,308
2026-02-06T13:30:00+00:00,5966.829999999999,5971.339999999999,5954.82,5957.82,645
2026-02-06T14:00:00+00:00,5957.82,5967.329999999999,5955.32,5963.82,397
2026-02-06T14:30:00+00:00,5963.82,5993.329999999999,5961.32,5981.32,2738
2026-02-06T15:00:00+00:00,5981.32,5992.339999999999,5972.32,5991.339999999999,3356
2026-02-06T15:30:00+00:00,5991.339999999999,5997.32,5981.339999999999,5993.82,1625
2026-02-06T16:00:00+00:00,5993.82,6003.339999999999,5990.82,5996.829999999999,585
2026-02-06T16:30:00+00:00,5996.829999999999,6003.339999999999,5991.32,5994.339999999999,520
2026-02-06T17:00:00+00:00,5994.339999999999,6001.339999999999,5992.329999999999,6001.339999999999,837
2026-02-06T17:30:00+00:00,6001.339999999999,6007.329999999999,5997.32,6002.32,455
2026-02-06T18:00:00+00:00,6002.32,6005.339999999999,5998.32,6001.339999999999,472
2026-02-06T18:30:00+00:00,6001.339999999999,6006.339999999999,6001.32,6001.32,260
2026-02-06T19:00:00+00:00,6001.32,6005.339999999999,6000.32,6005.32,346
2026-02-06T19:30:00+00:00,6005.32,6005.339999999999,6001.32,6002.32,379.74271577789995
2026-02-06T20:00:00+00:00,6002.32,6009.339999999999,6000.829999999999,6007.329999999999,237.5964353914704
2026-02-06T20:30:00+00:00,6007.329999999999,6017.339999999999,6005.329999999999,6015.889999999999,338
2026-02-09T07:00:00+00:00,6015.889999999999,6030.28,6013.889999999999,6021.759999999999,203.05082319255547
2026-02-09T07:30:00+00:00,6021.759999999999,6025.28,6014.2699999999995,6020.78,232
2026-02-09T08:00:00+00:00,6020.78,6042.78,6020.759999999999,6023.7699999999995,566
2026-02-09T08:30:00+00:00,6023.7699999999995,6032.2699999999995,6018.259999999999,6020.2699999999995,284
2026-02-09T09:00:00+00:00,6020.2699999999995,6023.28,6011.28,6017.7699999999995,319
2026-02-09T09:30:00+00:00,6017.7699999999995,6024.28,6011.2699999999995,6012.78,194
2026-02-09T10:00:00+00:00,6012.78,6014.28,6003.259999999999,6005.7699999999995,263
2026-02-09T10:30:00+00:00,6005.7699999999995,6009.259999999999,5996.259999999999,6008.259999999999,391
2026-02-09T11:00:00+00:00,6008.259999999999,6017.28,6004.259999999999,6015.28,355
2026-02-09T11:30:00+00:00,6015.28,6017.28,6009.259999999999,6015.28,314
2026-02-09T12:00:00+00:00,6015.28,6019.28,6012.259999999999,6014.259999999999,330
2026-02-09T12:30:00+00:00,6014.259999999999,6017.259999999999,6009.28,6015.759999999999,212.4488188976378
2026-02-09T13:00:00+00:00,6015.759999999999,6023.2699999999995,6015.259999999999,6016.78,211
2026-02-09T13:30:00+00:00,6016.78,6023.28,6016.2699999999995,6017.28,250
2026-02-09T14:00:00+00:00,6017.28,6019.2699999999995,6009.259999999999,6014.28,331.86990191017037
2026-02-09T14:30:00+00:00,6014.28,6030.28,6009.259999999999,6024.78,2198
2026-02-09T15:00:00+00:00,6024.78,6042.28,6022.7699999999995,6038.78,556
2026-02-09T15:30:00+00:00,6038.78,6054.28,6038.78,6052.759999999999,250
2026-02-09T16:00:00+00:00,6052.759999999999,6061.259999999999,6051.78,6058.2699999999995,169
2026-02-09T16:30:00+00:00,6058.2699999999995,6066.28,6057.259999999999,6061.28,157
2026-02-09T17:00:00+00:00,6061.28,6063.28,6058.2699999999995,6061.78,137
2026-02-09T17:30:00+00:00,6061.78,6064.78,6059.2699999999995,6059.2699999999995,156.68144499178982
2026-02-09T18:00:00+00:00,6059.2699999999995,6062.28,6050.259999999999,6059.28,348.4071303844983
2026-02-09T18:30:00+00:00,6059.28,6064.2699999999995,6057.259999999999,6061.2699999999995,225.63849513447246
2026-02-09T19:00:00+00:00,6061.2699999999995,6068.28,6060.259999999999,6068.28,206.1766081871345
2026-02-09T19:30:00+00:00,6068.28,6069.259999999999,6066.759999999999,6067.28,122.11551925320887
2026-02-09T20:00:00+00:00,6067.28,6068.28,6064.259999999999,6065.259999999999,144.59237321110737
2026-02-09T20:30:00+00:00,6065.259999999999,6067.28,6061.28,6062.329999999999,335.2316784869976
2026-02-10T07:00:00+00:00,6062.329999999999,6066.949999999999,6051.959999999999,6066.459999999999,124.89111619067188
2026-02-10T07:30:00+00:00,6066.459999999999,6070.459999999999,6064.959999999999,6069.449999999999,125
2026-02-10T08:00:00+00:00,6069.449999999999,6069.459999999999,6049.949999999999,6059.969999999999,628
2026-02-10T08:30:00+00:00,6059.969999999999,6065.969999999999,6055.949999999999,6063.949999999999,339
2026-02-10T09:00:00+00:00,6063.949999999999,6078.969999999999,6063.949999999999,6078.459999999999,258
2026-02-10T09:30:00+00:00,6078.459999999999,6082.949999999999,6069.949999999999,6071.959999999999,266
2026-02-10T10:00:00+00:00,6071.959999999999,6075.469999999999,6065.949999999999,6065.959999999999,207
2026-02-10T10:30:00+00:00,6065.959999999999,6066.969999999999,6060.469999999999,6064.959999999999,151
2026-02-10T11:00:00+00:00,6064.959999999999,6069.959999999999,6060.949999999999,6068.459999999999,207
2026-02-10T11:30:00+00:00,6068.459999999999,6075.969999999999,6066.949999999999,6071.459999999999,167.75487115021997
2026-02-10T12:00:00+00:00,6071.459999999999,6074.969999999999,6070.469999999999,6073.969999999999,156.31564245810057
2026-02-10T12:30:00+00:00,6073.969999999999,6077.969999999999,6064.949999999999,6066.959999999999,338
2026-02-10T13:00:00+00:00,6066.959999999999,6068.449999999999,6059.969999999999,6067.469999999999,385
2026-02-10T13:30:00+00:00,6067.469999999999,6072.969999999999,6064.459999999999,6068.469999999999,310.0751206064783
2026-02-10T14:00:00+00:00,6068.469999999999,6071.959999999999,6063.949999999999,6066.469999999999,139
2026-02-10T14:30:00+00:00,6066.469999999999,6070.949999999999,6054.469999999999,6069.949999999999,1174
2026-02-10T15:00:00+00:00,6069.949999999999,6070.969999999999,6062.949999999999,6066.949999999999,608
2026-02-10T15:30:00+00:00,6066.949999999999,6071.969999999999,6054.949999999999,6057.449999999999,594
2026-02-10T16:00:00+00:00,6057.449999999999,6058.969999999999,6047.969999999999,6053.969999999999,621
2026-02-10T16:30:00+00:00,6053.969999999999,6060.949999999999,6049.949999999999,6059.449999999999,355
2026-02-10T17:00:00+00:00,6059.449999999999,6064.949999999999,6054.459999999999,6060.949999999999,316.23842195540306
2026-02-10T17:30:00+00:00,6060.949999999999,6066.959999999999,6058.949999999999,6065.469999999999,102.85513247208138
2026-02-10T18:00:00+00:00,6065.469999999999,6065.469999999999,6054.469999999999,6054.969999999999,328.396875
2026-02-10T18:30:00+00:00,6054.969999999999,6059.949999999999,6051.949999999999,6056.949999999999,580
2026-02-10T19:00:00+00:00,6056.949999999999,6060.969999999999,6055.949999999999,6060.459999999999,733
2026-02-10T19:30:00+00:00,6060.459999999999,6060.969999999999,6055.949999999999,6058.949999999999,292.0261780104712
2026-02-10T20:00:00+00:00,6058.949999999999,6058.969999999999,6052.969999999999,6054.969999999999,434
2026-02-10T20:30:00+00:00,6054.969999999999,6056.959999999999,6042.949999999999,6046.0199999999995,485
2026-02-11T07:00:00+00:00,6046.0199999999995,6059.82,6046.0199999999995,6053.82,212.39622641509433
2026-02-11T07:30:00+00:00,6053.82,6053.82,6047.799999999999,6049.799999999999,290.3829236739974
2026-02-11T08:00:00+00:00,6049.799999999999,6059.8099999999995,6034.3099999999995,6037.82,988
2026-02-11T08:30:00+00:00,6037.82,6049.82,6026.799999999999,6029.299999999999,492
2026-02-11T09:00:00+00:00,6029.299999999999,6043.3099999999995,6028.799999999999,6040.299999999999,497
2026-02-11T09:30:00+00:00,6040.299999999999,6040.8099999999995,6017.82,6023.299999999999,403
2026-02-11T10:00:00+00:00,6023.299999999999,6034.82,6017.82,6031.799999999999,408
2026-02-11T10:30:00+00:00,6031.799999999999,6036.82,6027.3099999999995,6036.299999999999,299
2026-02-11T11:00:00+00:00,6036.299999999999,6049.799999999999,6036.299999999999,6049.799999999999,274
2026-02-11T11:30:00+00:00,6049.799999999999,6050.8099999999995,6038.8099999999995,6038.8099999999995,304
2026-02-11T12:00:00+00:00,6038.8099999999995,6048.82,6038.32,6047.799999999999,334
2026-02-11T12:30:00+00:00,6047.799999999999,6047.82,6039.82,6040.799999999999,359
2026-02-11T13:00:00+00:00,6040.799999999999,6048.82,6036.8099999999995,6046.86,329
2026-02-11T13:30:00+00:00,6046.86,6070.82,6046.86,6066.8099999999995,1114
2026-02-11T14:00:00+00:00,6066.8099999999995,6072.8099999999995,6055.82,6072.8099999999995,341
2026-02-11T14:30:00+00:00,6072.8099999999995,6077.8099999999995,6057.8099999999995,6062.82,2189
2026-02-11T15:00:00+00:00,6062.82,6063.82,6027.799999999999,6030.8099999999995,2626
2026-02-11T15:30:00+00:00,6030.8099999999995,6048.82,6027.8099999999995,6047.8099999999995,2654
2026-02-11T16:00:00+00:00,6047.8099999999995,6062.82,6044.799999999999,6045.799999999999,665
2026-02-11T16:30:00+00:00,6045.799999999999,6052.82,6040.799999999999,6040.82,778
2026-02-11T17:00:00+00:00,6040.82,6066.82,6040.82,6064.799999999999,983
2026-02-11T17:30:00+00:00,6064.799999999999,6068.8099999999995,6061.799999999999,6063.299999999999,484
2026-02-11T18:00:00+00:00,6063.299999999999,6065.799999999999,6054.799999999999,6065.299999999999,751
2026-02-11T18:30:00+00:00,6065.299999999999,6066.82,6059.799999999999,6063.82,491
2026-02-11T19:00:00+00:00,6063.82,6081.82,6062.8099999999995,6081.8099999999995,346
2026-02-11T19:30:00+00:00,6081.8099999999995,6082.82,6075.799999999999,6080.82,485
2026-02-11T20:00:00+00:00,6080.82,6088.32,6079.799999999999,6083.8099999999995,298
2026-02-11T20:30:00+00:00,6083.8099999999995,6086.82,6075.3099999999995,6076.849999999999,278
2026-02-12T07:00:00+00:00,6076.849999999999,6094.159999999999,6075.849999999999,6093.169999999999,278.7332550562128
2026-02-12T07:30:00+00:00,6093.169999999999,6095.15,6086.15,6093.169999999999,213.99654775604142
2026-02-12T08:00:00+00:00,6093.169999999999,6103.169999999999,6092.169999999999,6098.15,1213
2026-02-12T08:30:00+00:00,6098.15,6099.169999999999,6079.15,6090.159999999999,569
2026-02-12T09:00:00+00:00,6090.159999999999,6097.169999999999,6087.15,6088.159999999999,570
2026-02-12T09:30:00+00:00,6088.159999999999,6088.169999999999,6077.15,6080.169999999999,403
2026-02-12T10:00:00+00:00,6080.169999999999,6082.169999999999,6072.15,6074.65,301
2026-02-12T10:30:00+00:00,6074.65,6078.15,6070.65,6077.159999999999,233
2026-02-12T11:00:00+00:00,6077.159999999999,6083.669999999999,6073.15,6080.669999999999,223
2026-02-12T11:30:00+00:00,6080.669999999999,6082.169999999999,6074.15,6080.65,188
2026-02-12T12:00:00+00:00,6080.65,6083.669999999999,6077.15,6082.159999999999,236
2026-02-12T12:30:00+00:00,6082.159999999999,6087.15,6077.15,6086.15,225
2026-02-12T13:00:00+00:00,6086.15,6089.169999999999,6082.169999999999,6088.15,203
2026-02-12T13:30:00+00:00,6088.15,6092.159999999999,6085.15,6086.659999999999,282
2026-02-12T14:00:00+00:00,6086.659999999999,6090.169999999999,6082.15,6088.169999999999,194
2026-02-12T14:30:00+00:00,6088.169999999999,6093.169999999999,6076.15,6078.159999999999,1355
2026-02-12T15:00:00+00:00,6078.159999999999,6086.169999999999,6070.15,6076.65,1254
2026-02-12T15:30:00+00:00,6076.65,6079.169999999999,6052.15,6052.15,1111
2026-02-12T16:00:00+00:00,6052.15,6053.159999999999,6007.169999999999,6008.65,1721
2026-02-12T16:30:00+00:00,6008.65,6037.159999999999,6007.15,6025.659999999999,2529
2026-02-12T17:00:00+00:00,6025.659999999999,6032.169999999999,6002.169999999999,6021.15,2083
2026-02-12T17:30:00+00:00,6021.15,6031.169999999999,6011.15,6011.669999999999,1882
2026-02-12T18:00:00+00:00,6011.669999999999,6020.169999999999,6007.159999999999,6015.669999999999,1487
2026-02-12T18:30:00+00:00,6015.669999999999,6031.169999999999,6012.15,6026.15,1189
2026-02-12T19:00:00+00:00,6026.15,6035.159999999999,6024.15,6024.669999999999,1161
2026-02-12T19:30:00+00:00,6024.669999999999,6034.169999999999,6024.15,6029.169999999999,929
2026-02-12T20:00:00+00:00,6029.169999999999,6033.169999999999,6020.15,6020.659999999999,609
2026-02-12T20:30:00+00:00,6020.659999999999,6024.169999999999,6005.15,6010.709999999999,992
2026-02-13T07:00:00+00:00,6010.709999999999,6024.48,6010.709999999999,6021.48,439.7154195011338
2026-02-13T07:30:00+00:00,6021.48,6022.48,6011.469999999999,6013.98,303
2026-02-13T08:00:00+00:00,6013.98,6019.469999999999,5985.469999999999,6005.49,1576
2026-02-13T08:30:00+00:00,6005.49,6022.49,6004.48,6016.98,844
2026-02-13T09:00:00+00:00,6016.98,6021.48,6000.469999999999,6013.99,622
2026-02-13T09:30:00+00:00,6013.99,6020.49,6005.469999999999,6008.98,675
2026-02-13T10:00:00+00:00,6008.98,6014.49,5997.469999999999,6009.48,573
2026-02-13T10:30:00+00:00,6009.48,6011.49,5990.469999999999,5992.969999999999,718
2026-02-13T11:00:00+00:00,5992.969999999999,5995.469999999999,5986.469999999999,5986.98,703
2026-02-13T11:30:00+00:00,5986.98,5995.48,5979.469999999999,5994.48,785
2026-02-13T12:00:00+00:00,5994.48,5998.49,5979.98,5984.99,814
2026-02-13T12:30:00+00:00,5984.99,5987.48,5968.48,5978.969999999999,860
2026-02-13T13:00:00+00:00,5978.969999999999,5985.49,5969.469999999999,5982.49,895
2026-02-13T13:30:00+00:00,5982.49,6003.49,5982.49,5995.969999999999,1830
2026-02-13T14:00:00+00:00,5995.969999999999,6005.49,5978.469999999999,5984.98,619
2026-02-13T14:30:00+00:00,5984.98,5995.49,5963.469999999999,5979.48,6463
2026-02-13T15:00:00+00:00,5979.48,6000.49,5977.469999999999,5997.969999999999,5679
2026-02-13T15:30:00+00:00,5997.969999999999,6009.49,5986.48,5994.48,2312
2026-02-13T16:00:00+00:00,5994.48,6008.49,5991.469999999999,5993.469999999999,1585
2026-02-13T16:30:00+00:00,5993.469999999999,5999.49,5987.469999999999,5995.99,1069
2026-02-13T17:00:00+00:00,5995.99,6003.49,5992.49,6000.49,1017
2026-02-13T17:30:00+00:00,6000.49,6009.48,5999.469999999999,6000.469999999999,805
2026-02-13T18:00:00+00:00,6000.469999999999,6008.469999999999,5992.48,6000.469999999999,986
2026-02-13T18:30:00+00:00,6000.469999999999,6005.49,5997.469999999999,5998.969999999999,1039
2026-02-13T19:00:00+00:00,5998.969999999999,6005.49,5998.469999999999,5999.49,955
2026-02-13T19:30:00+00:00,5999.49,6003.49,5985.48,5986.98,847
2026-02-13T20:00:00+00:00,5986.98,5989.99,5977.469999999999,5978.469999999999,1001
2026-02-13T20:30:00+00:00,5978.469999999999,5995.99,5975.469999999999,5993.5199999999995,1371
2026-02-16T07:00:00+00:00,5993.5199999999995,6010.799999999999,5992.5199999999995,6009.789999999999,219.57186544342505
2026-02-16T07:30:00+00:00,6009.789999999999,6017.289999999999,6007.799999999999,6016.789999999999,172
2026-02-16T08:00:00+00:00,6016.789999999999,6021.799999999999,6007.799999999999,6012.289999999999,1034
2026-02-16T08:30:00+00:00,6012.289999999999,6019.799999999999,6005.78,6015.789999999999,678
2026-02-16T09:00:00+00:00,6015.789999999999,6025.799999999999,6013.28,6022.789999999999,424
2026-02-16T09:30:00+00:00,6022.789999999999,6022.789999999999,6010.789999999999,6016.789999999999,380
2026-02-16T10:00:00+00:00,6016.789999999999,6017.78,6005.28,6008.789999999999,293
2026-02-16T10:30:00+00:00,6008.789999999999,6015.799999999999,6004.78,6011.78,197
2026-02-16T11:00:00+00:00,6011.78,6015.799999999999,6004.789999999999,6014.789999999999,216
2026-02-16T11:30:00+00:00,6014.789999999999,6015.799999999999,6007.799999999999,6009.789999999999,169
2026-02-16T12:00:00+00:00,6009.789999999999,6017.28,6006.28,6015.28,226
2026-02-16T12:30:00+00:00,6015.28,6015.299999999999,6005.78,6011.799999999999,281.0460405156538
2026-02-16T13:00:00+00:00,6011.799999999999,6013.799999999999,6002.799999999999,6012.789999999999,259
2026-02-16T13:30:00+00:00,6012.789999999999,6013.78,6005.789999999999,6005.789999999999,235
2026-02-16T14:00:00+00:00,6005.789999999999,6005.789999999999,5992.78,5993.799999999999,508
2026-02-16T14:30:00+00:00,5993.799999999999,6000.799999999999,5990.78,5995.78,813
2026-02-16T15:00:00+00:00,5995.78,6004.789999999999,5995.78,5998.299999999999,494
2026-02-16T15:30:00+00:00,5998.299999999999,6000.799999999999,5988.78,5990.789999999999,512
2026-02-16T16:00:00+00:00,5990.789999999999,5995.799999999999,5987.78,5994.78,436
2026-02-16T16:30:00+00:00,5994.78,6000.799999999999,5986.78,5997.78,203.68601895734596
2026-02-16T17:00:00+00:00,5997.78,5999.799999999999,5996.78,5998.799999999999,157.64196574562925
2026-02-16T17:30:00+00:00,5998.799999999999,6000.799999999999,5997.78,5999.28,88.90109186174952
2026-02-16T18:00:00+00:00,5999.28,6000.78,5999.28,5999.789999999999,60.77674665609523
2026-02-16T18:30:00+00:00,5999.789999999999,5999.799999999999,5997.78,5997.78,47.59930523790836
2026-02-16T19:00:00+00:00,5997.78,5998.799999999999,5996.78,5997.289999999999,62.27119373368607
2026-02-16T19:30:00+00:00,5997.289999999999,5997.799999999999,5996.78,5996.78,65.93123242612096
2026-02-16T20:00:00+00:00,5996.78,5997.799999999999,5996.78,5997.78,57.40735548806779
2026-02-16T20:30:00+00:00,5997.78,5997.799999999999,5995.78,5997.289999999999,54.26141536681637
2026-02-17T07:00:00+00:00,5997.289999999999,5999.789999999999,5959.61,5960.619999999999,231.19269776876268
2026-02-17T07:30:00+00:00,5960.619999999999,5974.619999999999,5959.619999999999,5972.619999999999,288
2026-02-17T08:00:00+00:00,5972.619999999999,5997.61,5971.619999999999,5991.129999999999,846
2026-02-17T08:30:00+00:00,5991.129999999999,5996.129999999999,5984.61,5987.129999999999,598
2026-02-17T09:00:00+00:00,5987.129999999999,5999.619999999999,5985.61,5994.629999999999,540
2026-02-17T09:30:00+00:00,5994.629999999999,6002.119999999999,5993.61,6000.11,357
2026-02-17T10:00:00+00:00,6000.11,6003.61,5993.129999999999,5995.61,238
2026-02-17T10:30:00+00:00,5995.61,5996.619999999999,5980.629999999999,5982.119999999999,354.0468890892696
2026-02-17T11:00:00+00:00,5982.119999999999,5989.629999999999,5975.61,5988.61,389
2026-02-17T11:30:00+00:00,5988.61,5997.629999999999,5986.629999999999,5994.61,363
2026-02-17T12:00:00+00:00,5994.61,5996.619999999999,5983.629999999999,5986.619999999999,376
2026-02-17T12:30:00+00:00,5986.619999999999,5988.119999999999,5972.61,5973.629999999999,414
2026-02-17T13:00:00+00:00,5973.629999999999,5984.619999999999,5962.61,5981.129999999999,620
2026-02-17T13:30:00+00:00,5981.129999999999,5996.629999999999,5978.61,5981.619999999999,1099
2026-02-17T14:00:00+00:00,5981.619999999999,5997.619999999999,5981.619999999999,5996.61,464
2026-02-17T14:30:00+00:00,5996.61,6016.629999999999,5983.61,5988.119999999999,3917
2026-02-17T15:00:00+00:00,5988.119999999999,6012.629999999999,5987.129999999999,5998.129999999999,4240
2026-02-17T15:30:00+00:00,5998.129999999999,6009.629999999999,5989.61,6009.129999999999,3127
2026-02-17T16:00:00+00:00,6009.129999999999,6037.629999999999,6007.11,6031.61,1181
2026-02-17T16:30:00+00:00,6031.61,6037.629999999999,6027.61,6035.61,894
2026-02-17T17:00:00+00:00,6035.61,6036.629999999999,6020.61,6029.61,1596
2026-02-17T17:30:00+00:00,6029.61,6030.619999999999,6012.61,6023.629999999999,1682
2026-02-17T18:00:00+00:00,6023.629999999999,6032.619999999999,6017.629999999999,6030.619999999999,1385
2026-02-17T18:30:00+00:00,6030.619999999999,6046.61,6029.61,6043.619999999999,886
2026-02-17T19:00:00+00:00,6043.619999999999,6045.629999999999,6040.61,6043.11,457
2026-02-17T19:30:00+00:00,6043.11,6048.629999999999,6040.61,6041.119999999999,484
2026-02-17T20:00:00+00:00,6041.119999999999,6044.629999999999,6039.619999999999,6042.119999999999,472
2026-02-17T20:30:00+00:00,6042.119999999999,6044.619999999999,6036.619999999999,6040.179999999999,594
2026-02-18T07:00:00+00:00,6040.179999999999,6045.879999999999,6038.179999999999,6042.869999999999,293.9701670644391
2026-02-18T07:30:00+00:00,6042.869999999999,6046.879999999999,6041.86,6042.369999999999,206.26738794435857
2026-02-18T08:00:00+00:00,6042.369999999999,6067.879999999999,6041.879999999999,6057.369999999999,620
2026-02-18T08:30:00+00:00,6057.369999999999,6073.86,6057.369999999999,6071.879999999999,373
2026-02-18T09:00:00+00:00,6071.879999999999,6074.879999999999,6057.86,6066.86,271
2026-02-18T09:30:00+00:00,6066.86,6077.879999999999,6065.869999999999,6074.879999999999,291
2026-02-18T10:00:00+00:00,6074.879999999999,6084.879999999999,6073.879999999999,6084.86,178
2026-02-18T10:30:00+00:00,6084.86,6090.869999999999,6081.869999999999,6089.879999999999,193
2026-02-18T11:00:00+00:00,6089.879999999999,6092.869999999999,6081.869999999999,6084.869999999999,199
2026-02-18T11:30:00+00:00,6084.869999999999,6085.869999999999,6076.86,6078.869999999999,181
2026-02-18T12:00:00+00:00,6078.869999999999,6088.879999999999,6076.86,6078.879999999999,305
2026-02-18T12:30:00+00:00,6078.879999999999,6083.879999999999,6071.86,6082.869999999999,325
2026-02-18T13:00:00+00:00,6082.869999999999,6082.869999999999,6070.379999999999,6073.86,226
2026-02-18T13:30:00+00:00,6073.86,6076.379999999999,6061.869999999999,6064.879999999999,359.22872340425533
2026-02-18T14:00:00+00:00,6064.879999999999,6072.879999999999,6059.879999999999,6071.36,198
2026-02-18T14:30:00+00:00,6071.36,6093.879999999999,6062.86,6091.879999999999,2125
2026-02-18T15:00:00+00:00,6091.879999999999,6102.869999999999,6091.879999999999,6100.86,736
2026-02-18T15:30:00+00:00,6100.86,6113.879999999999,6095.86,6113.879999999999,543
2026-02-18T16:00:00+00:00,6113.879999999999,6115.879999999999,6109.869999999999,6112.369999999999,360
2026-02-18T16:30:00+00:00,6112.369999999999,6115.369999999999,6106.86,6108.879999999999,337
2026-02-18T17:00:00+00:00,6108.879999999999,6113.879999999999,6104.86,6112.86,319
2026-02-18T17:30:00+00:00,6112.86,6117.86,6110.369999999999,6115.869999999999,150.4959702417855
2026-02-18T18:00:00+00:00,6115.869999999999,6120.86,6102.86,6105.869999999999,319
2026-02-18T18:30:00+00:00,6105.869999999999,6112.869999999999,6102.869999999999,6109.369999999999,502
2026-02-18T19:00:00+00:00,6109.369999999999,6112.879999999999,6104.86,6107.379999999999,779
2026-02-18T19:30:00+00:00,6107.379999999999,6108.869999999999,6089.86,6093.86,1034
2026-02-18T20:00:00+00:00,6093.86,6097.879999999999,6088.86,6088.869999999999,863
2026-02-18T20:30:00+00:00,6088.869999999999,6107.879999999999,6088.86,6103.909999999999,435
2026-02-19T07:00:00+00:00,6103.909999999999,6111.57,6102.0599999999995,6111.049999999999,248.870699972974
2026-02-19T07:30:00+00:00,6111.049999999999,6111.0599999999995,6099.0599999999995,6101.049999999999,278.86432463010357
2026-02-19T08:00:00+00:00,6101.049999999999,6104.07,6087.0599999999995,6090.549999999999,821
2026-02-19T08:30:00+00:00,6090.549999999999,6094.0599999999995,6077.049999999999,6079.07,501
2026-02-19T09:00:00+00:00,6079.07,6087.57,6076.07,6080.549999999999,517
2026-02-19T09:30:00+00:00,6080.549999999999,6083.07,6067.049999999999,6069.57,511
2026-02-19T10:00:00+00:00,6069.57,6070.049999999999,6058.5599999999995,6058.5599999999995,683
2026-02-19T10:30:00+00:00,6058.5599999999995,6065.07,6054.549999999999,6062.07,337
2026-02-19T11:00:00+00:00,6062.07,6072.0599999999995,6060.049999999999,6069.549999999999,264
2026-02-19T11:30:00+00:00,6069.549999999999,6069.549999999999,6056.049999999999,6059.0599999999995,238
2026-02-19T12:00:00+00:00,6059.0599999999995,6065.049999999999,6053.049999999999,6062.07,431.7446183953033
2026-02-19T12:30:00+00:00,6062.07,6065.07,6059.049999999999,6059.049999999999,258
2026-02-19T13:00:00+00:00,6059.049999999999,6063.07,6044.049999999999,6046.5599999999995,272
2026-02-19T13:30:00+00:00,6046.5599999999995,6059.07,6044.049999999999,6052.0599999999995,354
2026-02-19T14:00:00+00:00,6052.0599999999995,6054.07,6046.07,6048.049999999999,307
2026-02-19T14:30:00+00:00,6048.049999999999,6051.07,6036.049999999999,6046.07,2771
2026-02-19T15:00:00+00:00,6046.07,6058.07,6042.049999999999,6052.07,1958
2026-02-19T15:30:00+00:00,6052.07,6064.07,6049.5599999999995,6056.57,1272
2026-02-19T16:00:00+00:00,6056.57,6063.0599999999995,6046.049999999999,6056.049999999999,539
2026-02-19T16:30:00+00:00,6056.049999999999,6065.0599999999995,6052.049999999999,6057.0599999999995,726
2026-02-19T17:00:00+00:00,6057.0599999999995,6061.07,6048.049999999999,6055.049999999999,1219
2026-02-19T17:30:00+00:00,6055.049999999999,6058.07,6047.049999999999,6049.07,1200
2026-02-19T18:00:00+00:00,6049.07,6056.0599999999995,6046.049999999999,6051.5599999999995,561
2026-02-19T18:30:00+00:00,6051.5599999999995,6063.0599999999995,6050.049999999999,6061.57,420
2026-02-19T19:00:00+00:00,6061.57,6062.07,6056.0599999999995,6057.049999999999,429
2026-02-19T19:30:00+00:00,6057.049999999999,6060.07,6051.0599999999995,6057.07,487.5221941537351
2026-02-19T20:00:00+00:00,6057.07,6064.07,6056.5599999999995,6061.0599999999995,403
2026-02-19T20:30:00+00:00,6061.0599999999995,6070.07,6060.0599999999995,6069.119999999999,531.604958677686
2026-02-20T07:00:00+00:00,6069.119999999999,6083.829999999999,6069.119999999999,6080.339999999999,193.08948288033488
2026-02-20T07:30:00+00:00,6080.339999999999,6083.339999999999,6075.329999999999,6080.329999999999,228
2026-02-20T08:00:00+00:00,6080.329999999999,6086.839999999999,6066.32,6081.329999999999,879
2026-02-20T08:30:00+00:00,6081.329999999999,6089.339999999999,6072.32,6089.329999999999,481
2026-02-20T09:00:00+00:00,6089.329999999999,6102.339999999999,6088.32,6099.32,324
2026-02-20T09:30:00+00:00,6099.32,6099.32,6090.32,6093.329999999999,339
2026-02-20T10:00:00+00:00,6093.329999999999,6099.339999999999,6089.839999999999,6098.339999999999,203
2026-02-20T10:30:00+00:00,6098.339999999999,6101.329999999999,6092.829999999999,6095.339999999999,276
2026-02-20T11:00:00+00:00,6095.339999999999,6095.339999999999,6085.82,6092.32,346
2026-02-20T11:30:00+00:00,6092.32,6097.339999999999,6088.839999999999,6092.82,298.72748267898385
2026-02-20T12:00:00+00:00,6092.82,6092.82,6084.339999999999,6087.839999999999,362.9587995930824
2026-02-20T12:30:00+00:00,6087.839999999999,6088.32,6080.329999999999,6082.829999999999,252
2026-02-20T13:00:00+00:00,6082.829999999999,6093.329999999999,6080.339999999999,6091.339999999999,189.8898665352815
2026-02-20T13:30:00+00:00,6091.339999999999,6092.839999999999,6082.32,6090.82,486
2026-02-20T14:00:00+00:00,6090.82,6093.339999999999,6087.329999999999,6091.32,280
2026-02-20T14:30:00+00:00,6091.32,6113.339999999999,6091.32,6109.839999999999,1528
2026-02-20T15:00:00+00:00,6109.839999999999,6155.339999999999,6105.82,6117.829999999999,5150
2026-02-20T15:30:00+00:00,6117.829999999999,6140.339999999999,6113.32,6139.32,2386
2026-02-20T16:00:00+00:00,6139.32,6140.339999999999,6129.82,6133.82,1196
2026-02-20T16:30:00+00:00,6133.82,6147.339999999999,6130.32,6140.339999999999,530
2026-02-20T17:00:00+00:00,6140.339999999999,6143.339999999999,6118.329999999999,6122.32,1337
2026-02-20T17:30:00+00:00,6122.32,6136.339999999999,6122.32,6133.32,1231
2026-02-20T18:00:00+00:00,6133.32,6135.329999999999,6122.82,6130.339999999999,1092
2026-02-20T18:30:00+00:00,6130.339999999999,6146.339999999999,6121.829999999999,6144.339999999999,1759
2026-02-20T19:00:00+00:00,6144.339999999999,6145.339999999999,6135.32,6136.839999999999,892
2026-02-20T19:30:00+00:00,6136.839999999999,6139.82,6134.32,6134.32,542
2026-02-20T20:00:00+00:00,6134.32,6142.339999999999,6134.32,6139.32,498
2026-02-20T20:30:00+00:00,6139.32,6146.339999999999,6139.32,6144.389999999999,397
2026-02-23T07:00:00+00:00,6144.389999999999,6146.889999999999,6114.209999999999,6119.209999999999,402.91901108269394
2026-02-23T07:30:00+00:00,6119.209999999999,6124.199999999999,6117.19,6120.199999999999,265
2026-02-23T08:00:00+00:00,6120.199999999999,6127.209999999999,6113.19,6122.209999999999,827
2026-02-23T08:30:00+00:00,6122.209999999999,6132.209999999999,6116.19,6132.209999999999,418
2026-02-23T09:00:00+00:00,6132.209999999999,6141.19,6132.209999999999,6136.199999999999,403
2026-02-23T09:30:00+00:00,6136.199999999999,6137.199999999999,6129.19,6131.209999999999,317
2026-02-23T10:00:00+00:00,6131.209999999999,6137.209999999999,6112.69,6133.19,595
2026-02-23T10:30:00+00:00,6133.19,6145.19,6132.19,6141.199999999999,280
2026-02-23T11:00:00+00:00,6141.199999999999,6145.209999999999,6137.19,6137.709999999999,236
2026-02-23T11:30:00+00:00,6137.709999999999,6142.209999999999,6134.209999999999,6138.69,228
2026-02-23T12:00:00+00:00,6138.69,6142.209999999999,6130.19,6131.699999999999,225
2026-02-23T12:30:00+00:00,6131.699999999999,6132.699999999999,6127.19,6132.699999999999,268
2026-02-23T13:00:00+00:00,6132.699999999999,6137.709999999999,6128.209999999999,6137.709999999999,258
2026-02-23T13:30:00+00:00,6137.709999999999,6146.209999999999,6137.19,6143.209999999999,229
2026-02-23T14:00:00+00:00,6143.209999999999,6155.209999999999,6143.209999999999,6153.199999999999,185
2026-02-23T14:30:00+00:00,6153.199999999999,6164.209999999999,6152.19,6155.199999999999,1686
2026-02-23T15:00:00+00:00,6155.199999999999,6161.209999999999,6143.19,6150.199999999999,1632
2026-02-23T15:30:00+00:00,6150.199999999999,6151.199999999999,6122.69,6123.69,928
2026-02-23T16:00:00+00:00,6123.69,6126.19,6111.19,6126.19,827
2026-02-23T16:30:00+00:00,6126.19,6134.709999999999,6124.19,6126.709999999999,1005
2026-02-23T17:00:00+00:00,6126.709999999999,6129.209999999999,6120.19,6120.209999999999,841
2026-02-23T17:30:00+00:00,6120.209999999999,6121.209999999999,6107.19,6121.199999999999,812
2026-02-23T18:00:00+00:00,6121.199999999999,6134.209999999999,6120.19,6133.199999999999,600
2026-02-23T18:30:00+00:00,6133.199999999999,6136.209999999999,6121.709999999999,6123.199999999999,354.2053535757092
2026-02-23T19:00:00+00:00,6123.199999999999,6125.209999999999,6120.19,6120.699999999999,722
2026-02-23T19:30:00+00:00,6120.699999999999,6126.209999999999,6117.19,6122.209999999999,475
2026-02-23T20:00:00+00:00,6122.209999999999,6127.209999999999,6121.209999999999,6125.209999999999,384
2026-02-23T20:30:00+00:00,6125.209999999999,6130.24,6121.709999999999,6128.759999999999,404.70626503312565
2026-02-24T07:00:00+00:00,6128.759999999999,6139.089999999999,6128.759999999999,6135.069999999999,276.7806413699448
2026-02-24T07:30:00+00:00,6135.069999999999,6136.079999999999,6119.069999999999,6121.069999999999,260
2026-02-24T08:00:00+00:00,6121.069999999999,6122.089999999999,6101.069999999999,6115.069999999999,1378
2026-02-24T08:30:00+00:00,6115.069999999999,6120.089999999999,6094.069999999999,6100.589999999999,676
2026-02-24T09:00:00+00:00,6100.589999999999,6113.089999999999,6100.069999999999,6103.589999999999,503
2026-02-24T09:30:00+00:00,6103.589999999999,6114.089999999999,6097.069999999999,6114.069999999999,288
2026-02-24T10:00:00+00:00,6114.069999999999,6118.069999999999,6109.069999999999,6118.069999999999,233
2026-02-24T10:30:00+00:00,6118.069999999999,6121.069999999999,6112.079999999999,6119.089999999999,302
2026-02-24T11:00:00+00:00,6119.089999999999,6125.089999999999,6113.579999999999,6117.079999999999,270.82803707381663
2026-02-24T11:30:00+00:00,6117.079999999999,6123.089999999999,6116.069999999999,6122.569999999999,171.31361426256078
2026-02-24T12:00:00+00:00,6122.569999999999,6130.089999999999,6118.069999999999,6118.069999999999,415
2026-02-24T12:30:00+00:00,6118.069999999999,6121.089999999999,6109.069999999999,6116.589999999999,272
2026-02-24T13:00:00+00:00,6116.589999999999,6126.089999999999,6113.089999999999,6124.089999999999,248.01658374792703
2026-02-24T13:30:00+00:00,6124.089999999999,6133.069999999999,6122.069999999999,6130.079999999999,198
2026-02-24T14:00:00+00:00,6130.079999999999,6131.069999999999,6117.569999999999,6119.089999999999,268
2026-02-24T14:30:00+00:00,6119.089999999999,6140.079999999999,6108.069999999999,6131.069999999999,2336
2026-02-24T15:00:00+00:00,6131.069999999999,6147.089999999999,6126.069999999999,6145.069999999999,1892
2026-02-24T15:30:00+00:00,6145.069999999999,6146.089999999999,6130.069999999999,6130.569999999999,792
2026-02-24T16:00:00+00:00,6130.569999999999,6135.089999999999,6125.069999999999,6134.069999999999,386
2026-02-24T16:30:00+00:00,6134.069999999999,6135.589999999999,6120.089999999999,6129.579999999999,452.62107687877915
2026-02-24T17:00:00+00:00,6129.579999999999,6135.069999999999,6126.069999999999,6133.069999999999,456
2026-02-24T17:30:00+00:00,6133.069999999999,6135.069999999999,6130.069999999999,6133.079999999999,239
2026-02-24T18:00:00+00:00,6133.079999999999,6138.089999999999,6132.069999999999,6135.069999999999,285.64218959830663
2026-02-24T18:30:00+00:00,6135.069999999999,6141.089999999999,6134.079999999999,6138.089999999999,215.53684682658442
2026-02-24T19:00:00+00:00,6138.089999999999,6139.089999999999,6134.069999999999,6136.569999999999,292
2026-02-24T19:30:00+00:00,6136.569999999999,6143.589999999999,6136.069999999999,6141.069999999999,236.77806788511748
2026-02-24T20:00:00+00:00,6141.069999999999,6145.089999999999,6140.069999999999,6142.089999999999,169.15619821668113
2026-02-24T20:30:00+00:00,6142.089999999999,6152.089999999999,6141.079999999999,6143.1399999999985,209
2026-02-25T07:00:00+00:00,6143.1399999999985,6149.399999999999,6142.1399999999985,6146.899999999999,214.86029411764707
2026-02-25T07:30:00+00:00,6146.899999999999,6148.3899999999985,6142.409999999999,6145.3899999999985,242
2026-02-25T08:00:00+00:00,6145.3899999999985,6169.399999999999,6145.3899999999985,6161.909999999999,954
2026-02-25T08:30:00+00:00,6161.909999999999,6164.409999999999,6155.909999999999,6159.399999999999,432
2026-02-25T09:00:00+00:00,6159.399999999999,6161.409999999999,6152.3899999999985,6157.3899999999985,511.3981651376147
2026-02-25T09:30:00+00:00,6157.3899999999985,6165.399999999999,6154.8899999999985,6165.399999999999,259
2026-02-25T10:00:00+00:00,6165.399999999999,6170.409999999999,6159.399999999999,6168.409999999999,264
2026-02-25T10:30:00+00:00,6168.409999999999,6172.8899999999985,6165.3899999999985,6167.909999999999,229
2026-02-25T11:00:00+00:00,6167.909999999999,6170.409999999999,6163.3899999999985,6164.409999999999,168
2026-02-25T11:30:00+00:00,6164.409999999999,6173.3899999999985,6164.399999999999,6171.399999999999,178.19774718397997
2026-02-25T12:00:00+00:00,6171.399999999999,6175.409999999999,6168.409999999999,6168.899999999999,192
2026-02-25T12:30:00+00:00,6168.899999999999,6173.3899999999985,6168.3899999999985,6170.899999999999,197
2026-02-25T13:00:00+00:00,6170.899999999999,6175.409999999999,6170.3899999999985,6173.3899999999985,170
2026-02-25T13:30:00+00:00,6173.3899999999985,6179.409999999999,6168.3899999999985,6178.409999999999,172
2026-02-25T14:00:00+00:00,6178.409999999999,6180.409999999999,6175.3899999999985,6179.8899999999985,219
2026-02-25T14:30:00+00:00,6179.8899999999985,6188.409999999999,6177.399999999999,6185.399999999999,783
2026-02-25T15:00:00+00:00,6185.399999999999,6187.409999999999,6168.3899999999985,6170.8899999999985,625
2026-02-25T15:30:00+00:00,6170.8899999999985,6175.3899999999985,6165.8899999999985,6174.399999999999,477
2026-02-25T16:00:00+00:00,6174.399999999999,6184.3899999999985,6170.8899999999985,6182.3899999999985,204
2026-02-25T16:30:00+00:00,6182.3899999999985,6186.399999999999,6180.409999999999,6183.899999999999,224.20024198427103
2026-02-25T17:00:00+00:00,6183.899999999999,6189.409999999999,6183.3899999999985,6188.409999999999,154.23561477892187
2026-02-25T17:30:00+00:00,6188.409999999999,6194.409999999999,6187.409999999999,6192.399999999999,103.30798969072166
2026-02-25T18:00:00+00:00,6192.399999999999,6192.409999999999,6190.3899999999985,6190.399999999999,65.85993573905367
2026-02-25T18:30:00+00:00,6190.399999999999,6191.409999999999,6188.3899999999985,6190.399999999999,99.64831988820428
2026-02-25T19:00:00+00:00,6190.399999999999,6192.409999999999,6189.409999999999,6191.3899999999985,83.0742271270968
2026-02-25T19:30:00+00:00,6191.3899999999985,6193.409999999999,6190.3899999999985,6190.899999999999,69.48476052249637
2026-02-25T20:00:00+00:00,6190.899999999999,6193.409999999999,6190.3899999999985,6191.909999999999,97.0999969342389
2026-02-25T20:30:00+00:00,6191.909999999999,6195.409999999999,6190.399999999999,6192.449999999999,225.92197085390217
2026-02-26T07:00:00+00:00,6192.449999999999,6196.949999999999,6184.149999999999,6190.149999999999,205.5408163265306
2026-02-26T07:30:00+00:00,6190.149999999999,6194.169999999999,6186.169999999999,6187.649999999999,225.33846153846153
2026-02-26T08:00:00+00:00,6187.649999999999,6202.669999999999,6180.649999999999,6194.669999999999,1479
2026-02-26T08:30:00+00:00,6194.669999999999,6200.169999999999,6192.149999999999,6198.649999999999,642
2026-02-26T09:00:00+00:00,6198.649999999999,6200.669999999999,6190.649999999999,6197.659999999999,345.10936591041303
2026-02-26T09:30:00+00:00,6197.659999999999,6211.659999999999,6197.649999999999,6204.659999999999,349.02203116603977
2026-02-26T10:00:00+00:00,6204.659999999999,6207.669999999999,6200.649999999999,6206.649999999999,247.66816367265469
2026-02-26T10:30:00+00:00,6206.649999999999,6214.669999999999,6206.169999999999,6207.169999999999,271
2026-02-26T11:00:00+00:00,6207.169999999999,6211.669999999999,6204.659999999999,6210.669999999999,228.5121212121212
2026-02-26T11:30:00+00:00,6210.669999999999,6216.159999999999,6209.649999999999,6213.159999999999,211
2026-02-26T12:00:00+00:00,6213.159999999999,6217.179999999999,6212.669999999999,6216.179999999999,207
2026-02-26T12:30:00+00:00,6216.179999999999,6216.179999999999,6211.159999999999,6211.169999999999,167.54140127388536
2026-02-26T13:00:00+00:00,6211.169999999999,6215.179999999999,6208.679999999999,6209.159999999999,275
2026-02-26T13:30:00+00:00,6209.159999999999,6215.179999999999,6202.159999999999,6202.169999999999,215
2026-02-26T14:00:00+00:00,6202.169999999999,6209.169999999999,6197.669999999999,6200.169999999999,220
2026-02-26T14:30:00+00:00,6200.169999999999,6204.669999999999,6176.679999999999,6176.679999999999,1751
2026-02-26T15:00:00+00:00,6176.679999999999,6180.679999999999,6150.659999999999,6156.659999999999,2195
2026-02-26T15:30:00+00:00,6156.659999999999,6182.679999999999,6155.659999999999,6178.669999999999,2611
2026-02-26T16:00:00+00:00,6178.669999999999,6184.679999999999,6171.659999999999,6179.159999999999,740
2026-02-26T16:30:00+00:00,6179.159999999999,6182.169999999999,6162.659999999999,6164.179999999999,706
2026-02-26T17:00:00+00:00,6164.179999999999,6170.669999999999,6163.659999999999,6167.659999999999,916
2026-02-26T17:30:00+00:00,6167.659999999999,6171.679999999999,6160.659999999999,6164.169999999999,640
2026-02-26T18:00:00+00:00,6164.169999999999,6172.669999999999,6159.659999999999,6170.659999999999,431
2026-02-26T18:30:00+00:00,6170.659999999999,6185.669999999999,6167.679999999999,6178.679999999999,443
2026-02-26T19:00:00+00:00,6178.679999999999,6189.679999999999,6177.659999999999,6186.679999999999,270.0316754564076
2026-02-26T19:30:00+00:00,6186.679999999999,6190.179999999999,6185.159999999999,6188.169999999999,118.24832357329424
2026-02-26T20:00:00+00:00,6188.169999999999,6191.169999999999,6185.179999999999,6187.159999999999,163.36792836792836
2026-02-26T20:30:00+00:00,6187.159999999999,6191.169999999999,6186.159999999999,6188.229999999999,224.11935208866154
2026-02-27T07:00:00+00:00,6188.229999999999,6193.729999999999,6188.229999999999,6191.739999999999,206.99655667334696
2026-02-27T07:30:00+00:00,6191.739999999999,6194.759999999999,6186.739999999999,6186.759999999999,257
2026-02-27T08:00:00+00:00,6186.759999999999,6188.759999999999,6170.239999999999,6180.759999999999,1207
2026-02-27T08:30:00+00:00,6180.759999999999,6196.759999999999,6176.759999999999,6193.749999999999,720
2026-02-27T09:00:00+00:00,6193.749999999999,6202.759999999999,6192.739999999999,6195.739999999999,530
2026-02-27T09:30:00+00:00,6195.739999999999,6196.259999999999,6180.249999999999,6185.759999999999,686
2026-02-27T10:00:00+00:00,6185.759999999999,6190.749999999999,6179.749999999999,6184.249999999999,537
2026-02-27T10:30:00+00:00,6184.249999999999,6187.759999999999,6174.249999999999,6179.759999999999,351
2026-02-27T11:00:00+00:00,6179.759999999999,6182.759999999999,6174.739999999999,6181.759999999999,381
2026-02-27T11:30:00+00:00,6181.759999999999,6183.749999999999,6170.759999999999,6176.749999999999,421
2026-02-27T12:00:00+00:00,6176.749999999999,6182.759999999999,6172.739999999999,6179.759999999999,425
2026-02-27T12:30:00+00:00,6179.759999999999,6180.749999999999,6169.739999999999,6173.239999999999,297
2026-02-27T13:00:00+00:00,6173.239999999999,6174.759999999999,6146.809999999999,6146.809999999999,551
2026-02-27T13:30:00+00:00,6146.809999999999,6155.759999999999,6137.739999999999,6155.749999999999,1164
2026-02-27T14:00:00+00:00,6155.749999999999,6157.739999999999,6145.249999999999,6152.249999999999,706
2026-02-27T14:30:00+00:00,6152.249999999999,6159.759999999999,6136.739999999999,6137.259999999999,3970
2026-02-27T15:00:00+00:00,6137.259999999999,6158.759999999999,6135.739999999999,6152.249999999999,2155
2026-02-27T15:30:00+00:00,6152.249999999999,6161.759999999999,6147.259999999999,6158.259999999999,1164
2026-02-27T16:00:00+00:00,6158.259999999999,6171.759999999999,6157.739999999999,6165.239999999999,789
2026-02-27T16:30:00+00:00,6165.239999999999,6171.739999999999,6138.739999999999,6139.749999999999,945
2026-02-27T17:00:00+00:00,6139.749999999999,6150.759999999999,6128.749999999999,6130.749999999999,874
2026-02-27T17:30:00+00:00,6130.749999999999,6138.749999999999,6122.749999999999,6130.739999999999,825
2026-02-27T18:00:00+00:00,6130.739999999999,6133.749999999999,6126.739999999999,6130.259999999999,591
2026-02-27T18:30:00+00:00,6130.259999999999,6133.759999999999,6128.739999999999,6131.759999999999,701
2026-02-27T19:00:00+00:00,6131.759999999999,6137.759999999999,6126.739999999999,6126.739999999999,632
2026-02-27T19:30:00+00:00,6126.739999999999,6126.749999999999,6117.739999999999,6117.759999999999,405
2026-02-27T20:00:00+00:00,6117.759999999999,6131.759999999999,6117.739999999999,6130.249999999999,438
2026-02-27T20:30:00+00:00,6130.249999999999,6133.309999999999,6121.239999999999,6132.789999999999,551
2026-03-02T07:00:00+00:00,6132.789999999999,6137.289999999999,6024.279999999999,6044.289999999999,1101.0277227722772
2026-03-02T07:30:00+00:00,6044.289999999999,6048.279999999999,6002.279999999999,6012.279999999999,1036
2026-03-02T08:00:00+00:00,6012.279999999999,6031.289999999999,6001.269999999999,6010.279999999999,4107
2026-03-02T08:30:00+00:00,6010.279999999999,6038.289999999999,6004.769999999999,6017.779999999999,1962
2026-03-02T09:00:00+00:00,6017.779999999999,6051.289999999999,6010.289999999999,6039.279999999999,1581
2026-03-02T09:30:00+00:00,6039.279999999999,6048.269999999999,6032.269999999999,6041.269999999999,955
2026-03-02T10:00:00+00:00,6041.269999999999,6057.289999999999,6037.289999999999,6046.789999999999,840
2026-03-02T10:30:00+00:00,6046.789999999999,6056.289999999999,6036.269999999999,6042.789999999999,578
2026-03-02T11:00:00+00:00,6042.789999999999,6047.289999999999,6031.269999999999,6039.279999999999,579
2026-03-02T11:30:00+00:00,6039.279999999999,6059.269999999999,6036.279999999999,6041.769999999999,529
2026-03-02T12:00:00+00:00,6041.769999999999,6046.289999999999,6019.789999999999,6023.269999999999,747
2026-03-02T12:30:00+00:00,6023.269999999999,6024.779999999999,6010.289999999999,6018.279999999999,682
2026-03-02T13:00:00+00:00,6018.279999999999,6024.779999999999,6008.789999999999,6016.279999999999,860
2026-03-02T13:30:00+00:00,6016.279999999999,6016.279999999999,6000.269999999999,6003.269999999999,634
2026-03-02T14:00:00+00:00,6003.269999999999,6008.289999999999,5995.769999999999,6004.279999999999,656
2026-03-02T14:30:00+00:00,6004.279999999999,6033.789999999999,6003.279999999999,6019.769999999999,2326
2026-03-02T15:00:00+00:00,6019.769999999999,6033.289999999999,6009.769999999999,6013.279999999999,1672
2026-03-02T15:30:00+00:00,6013.279999999999,6019.789999999999,6003.269999999999,6004.289999999999,1565
2026-03-02T16:00:00+00:00,6004.289999999999,6028.279999999999,6002.269999999999,6014.289999999999,842
2026-03-02T16:30:00+00:00,6014.289999999999,6034.769999999999,6003.269999999999,6028.789999999999,1020
2026-03-02T17:00:00+00:00,6028.789999999999,6040.289999999999,6026.269999999999,6031.289999999999,677
2026-03-02T17:30:00+00:00,6031.289999999999,6038.279999999999,6029.269999999999,6035.289999999999,636
2026-03-02T18:00:00+00:00,6035.289999999999,6037.279999999999,6030.269999999999,6035.269999999999,396
2026-03-02T18:30:00+00:00,6035.269999999999,6036.289999999999,6022.269999999999,6022.289999999999,601
2026-03-02T19:00:00+00:00,6022.289999999999,6035.289999999999,6021.269999999999,6034.779999999999,675
2026-03-02T19:30:00+00:00,6034.779999999999,6037.269999999999,6029.789999999999,6030.779999999999,240
2026-03-02T20:00:00+00:00,6030.779999999999,6033.289999999999,6002.269999999999,6008.789999999999,1480
2026-03-02T20:30:00+00:00,6008.789999999999,6020.279999999999,6008.779999999999,6011.829999999999,707
2026-03-03T07:00:00+00:00,6011.829999999999,6014.829999999999,5924.729999999999,5927.729999999999,640.1375051461507
2026-03-03T07:30:00+00:00,5927.729999999999,5929.749999999999,5913.749999999999,5923.249999999999,594
2026-03-03T08:00:00+00:00,5923.249999999999,5927.229999999999,5876.729999999999,5876.739999999999,3046
2026-03-03T08:30:00+00:00,5876.739999999999,5884.749999999999,5837.239999999999,5839.729999999999,2480
2026-03-03T09:00:00+00:00,5839.729999999999,5865.749999999999,5839.729999999999,5848.229999999999,2247
2026-03-03T09:30:00+00:00,5848.229999999999,5852.749999999999,5824.729999999999,5827.249999999999,1700
2026-03-03T10:00:00+00:00,5827.249999999999,5835.739999999999,5797.229999999999,5797.739999999999,1710
2026-03-03T10:30:00+00:00,5797.739999999999,5814.749999999999,5775.749999999999,5811.739999999999,2176
2026-03-03T11:00:00+00:00,5811.739999999999,5814.739999999999,5780.739999999999,5798.239999999999,1949
2026-03-03T11:30:00+00:00,5798.239999999999,5814.749999999999,5797.749999999999,5807.749999999999,1937
2026-03-03T12:00:00+00:00,5807.749999999999,5834.249999999999,5801.239999999999,5827.249999999999,1412
2026-03-03T12:30:00+00:00,5827.249999999999,5837.729999999999,5818.729999999999,5829.749999999999,1408
2026-03-03T13:00:00+00:00,5829.749999999999,5832.249999999999,5807.729999999999,5812.729999999999,1251
2026-03-03T13:30:00+00:00,5812.729999999999,5812.729999999999,5792.729999999999,5796.229999999999,1340
2026-03-03T14:00:00+00:00,5796.229999999999,5796.749999999999,5773.729999999999,5791.239999999999,1111
2026-03-03T14:30:00+00:00,5791.239999999999,5808.749999999999,5775.239999999999,5779.739999999999,3937
2026-03-03T15:00:00+00:00,5779.739999999999,5793.729999999999,5762.749999999999,5766.239999999999,2953
2026-03-03T15:30:00+00:00,5766.239999999999,5796.739999999999,5766.239999999999,5794.239999999999,3256
2026-03-03T16:00:00+00:00,5794.239999999999,5810.729999999999,5782.729999999999,5796.749999999999,1876
2026-03-03T16:30:00+00:00,5796.749999999999,5837.749999999999,5784.239999999999,5827.749999999999,2243
2026-03-03T17:00:00+00:00,5827.749999999999,5833.249999999999,5809.239999999999,5832.749999999999,2043
2026-03-03T17:30:00+00:00,5832.749999999999,5833.739999999999,5818.249999999999,5822.749999999999,1143
2026-03-03T18:00:00+00:00,5822.749999999999,5846.749999999999,5822.729999999999,5842.749999999999,1072
2026-03-03T18:30:00+00:00,5842.749999999999,5865.749999999999,5840.739999999999,5855.739999999999,1544
2026-03-03T19:00:00+00:00,5855.739999999999,5859.739999999999,5842.729999999999,5849.749999999999,1371
2026-03-03T19:30:00+00:00,5849.749999999999,5880.739999999999,5846.229999999999,5871.749999999999,1654
2026-03-03T20:00:00+00:00,5871.749999999999,5875.749999999999,5861.779999999999,5864.729999999999,1478
2026-03-03T20:30:00+00:00,5864.729999999999,5869.749999999999,5846.239999999999,5850.789999999999,984
2026-03-04T07:00:00+00:00,5850.789999999999,5853.789999999999,5786.749999999999,5817.259999999998,855.1431931784768
2026-03-04T07:30:00+00:00,5817.259999999998,5842.759999999998,5817.239999999999,5825.249999999999,1187
2026-03-04T08:00:00+00:00,5825.249999999999,5840.259999999998,5806.249999999999,5814.239999999999,3782
2026-03-04T08:30:00+00:00,5814.239999999999,5822.739999999999,5801.759999999998,5809.239999999999,2469
2026-03-04T09:00:00+00:00,5809.239999999999,5838.249999999999,5801.739999999999,5835.749999999999,2081
2026-03-04T09:30:00+00:00,5835.749999999999,5862.249999999999,5831.249999999999,5860.259999999998,1263
2026-03-04T10:00:00+00:00,5860.259999999998,5894.259999999998,5853.239999999999,5880.749999999999,3153
2026-03-04T10:30:00+00:00,5880.749999999999,5903.259999999998,5880.749999999999,5900.739999999999,1674
2026-03-04T11:00:00+00:00,5900.739999999999,5918.249999999999,5900.239999999999,5908.249999999999,1503
2026-03-04T11:30:00+00:00,5908.249999999999,5913.249999999999,5894.249999999999,5897.739999999999,973
2026-03-04T12:00:00+00:00,5897.739999999999,5907.259999999998,5868.259999999998,5869.759999999998,1531
2026-03-04T12:30:00+00:00,5869.759999999998,5892.249999999999,5864.249999999999,5892.249999999999,1077
2026-03-04T13:00:00+00:00,5892.249999999999,5917.749999999999,5891.239999999999,5910.239999999999,1325
2026-03-04T13:30:00+00:00,5910.239999999999,5916.249999999999,5896.239999999999,5908.249999999999,1239
2026-03-04T14:00:00+00:00,5908.249999999999,5908.749999999999,5896.239999999999,5896.259999999998,997
2026-03-04T14:30:00+00:00,5896.259999999998,5903.249999999999,5874.239999999999,5891.239999999999,4029
2026-03-04T15:00:00+00:00,5891.239999999999,5914.239999999999,5891.239999999999,5910.739999999999,1869
2026-03-04T15:30:00+00:00,5910.739999999999,5916.239999999999,5899.749999999999,5914.259999999998,1119
2026-03-04T16:00:00+00:00,5914.259999999998,5919.249999999999,5896.249999999999,5902.249999999999,961
2026-03-04T16:30:00+00:00,5902.249999999999,5916.259999999998,5898.239999999999,5911.749999999999,1028
2026-03-04T17:00:00+00:00,5911.749999999999,5917.259999999998,5905.759999999998,5906.249999999999,847
2026-03-04T17:30:00+00:00,5906.249999999999,5914.259999999998,5899.249999999999,5912.249999999999,708
2026-03-04T18:00:00+00:00,5912.249999999999,5916.259999999998,5909.239999999999,5915.249999999999,451
2026-03-04T18:30:00+00:00,5915.249999999999,5928.259999999998,5915.249999999999,5925.739999999999,537
2026-03-04T19:00:00+00:00,5925.739999999999,5930.259999999998,5923.239999999999,5925.259999999998,405
2026-03-04T19:30:00+00:00,5925.259999999998,5933.249999999999,5924.739999999999,5930.259999999998,353
2026-03-04T20:00:00+00:00,5930.259999999998,5930.259999999998,5922.239999999999,5926.259999999998,444
2026-03-04T20:30:00+00:00,5926.259999999998,5929.259999999998,5921.249999999999,5924.799999999998,502
2026-03-05T07:00:00+00:00,5924.799999999998,5929.299999999998,5869.969999999998,5883.969999999998,459.95604395604397
2026-03-05T07:30:00+00:00,5883.969999999998,5883.969999999998,5862.989999999999,5880.969999999998,475
2026-03-05T08:00:00+00:00,5880.969999999998,5885.979999999999,5858.469999999998,5860.489999999999,2242
2026-03-05T08:30:00+00:00,5860.489999999999,5890.989999999999,5855.479999999999,5890.469999999998,1355
2026-03-05T09:00:00+00:00,5890.469999999998,5947.979999999999,5888.989999999999,5915.979999999999,2877
2026-03-05T09:30:00+00:00,5915.979999999999,5924.979999999999,5902.969999999998,5922.469999999998,1185
2026-03-05T10:00:00+00:00,5922.469999999998,5935.989999999999,5919.979999999999,5934.969999999998,711
2026-03-05T10:30:00+00:00,5934.969999999998,5935.989999999999,5916.969999999998,5921.979999999999,501
2026-03-05T11:00:00+00:00,5921.979999999999,5935.979999999999,5916.969999999998,5926.479999999999,508
2026-03-05T11:30:00+00:00,5926.479999999999,5927.979999999999,5907.969999999998,5908.979999999999,768
2026-03-05T12:00:00+00:00,5908.979999999999,5917.489999999999,5896.479999999999,5911.979999999999,850
2026-03-05T12:30:00+00:00,5911.979999999999,5913.479999999999,5884.469999999998,5886.479999999999,941
2026-03-05T13:00:00+00:00,5886.479999999999,5887.989999999999,5879.479999999999,5880.979999999999,1006
2026-03-05T13:30:00+00:00,5880.979999999999,5883.469999999998,5854.469999999998,5856.969999999998,841
2026-03-05T14:00:00+00:00,5856.969999999998,5859.989999999999,5840.469999999998,5846.479999999999,1044
2026-03-05T14:30:00+00:00,5846.479999999999,5878.479999999999,5846.479999999999,5877.469999999998,2757
2026-03-05T15:00:00+00:00,5877.469999999998,5885.489999999999,5838.479999999999,5841.479999999999,1727
2026-03-05T15:30:00+00:00,5841.479999999999,5848.489999999999,5831.489999999999,5845.989999999999,2175
2026-03-05T16:00:00+00:00,5845.989999999999,5848.489999999999,5793.969999999998,5799.969999999998,2111
2026-03-05T16:30:00+00:00,5799.969999999998,5831.489999999999,5799.469999999998,5829.989999999999,1981
2026-03-05T17:00:00+00:00,5829.989999999999,5840.489999999999,5804.969999999998,5804.969999999998,1803
2026-03-05T17:30:00+00:00,5804.969999999998,5807.479999999999,5764.469999999998,5769.479999999999,1215
2026-03-05T18:00:00+00:00,5769.479999999999,5789.489999999999,5767.469999999998,5773.489999999999,1423
2026-03-05T18:30:00+00:00,5773.489999999999,5792.489999999999,5771.479999999999,5783.469999999998,1666
2026-03-05T19:00:00+00:00,5783.469999999998,5792.489999999999,5781.469999999998,5783.489999999999,1567
2026-03-05T19:30:00+00:00,5783.489999999999,5787.479999999999,5771.469999999998,5782.479999999999,1487
2026-03-05T20:00:00+00:00,5782.479999999999,5820.489999999999,5777.469999999998,5810.989999999999,1822
2026-03-05T20:30:00+00:00,5810.989999999999,5820.019999999999,5803.969999999998,5820.019999999999,1134
2026-03-06T07:00:00+00:00,5820.019999999999,5850.359999999999,5815.519999999999,5846.339999999998,431.74654377384275
2026-03-06T07:30:00+00:00,5846.339999999998,5846.859999999999,5836.8499999999985,5840.339999999998,461
2026-03-06T08:00:00+00:00,5840.339999999998,5843.3499999999985,5822.839999999998,5825.359999999999,2439
2026-03-06T08:30:00+00:00,5825.359999999999,5856.8499999999985,5822.339999999998,5846.359999999999,1285
2026-03-06T09:00:00+00:00,5846.359999999999,5847.859999999999,5797.3499999999985,5798.3499999999985,2278
2026-03-06T09:30:00+00:00,5798.3499999999985,5806.359999999999,5777.8499999999985,5793.839999999998,2688
2026-03-06T10:00:00+00:00,5793.839999999998,5817.3499999999985,5792.3499999999985,5810.339999999998,1580
2026-03-06T10:30:00+00:00,5810.339999999998,5810.339999999998,5787.3499999999985,5787.859999999999,1252
2026-03-06T11:00:00+00:00,5787.859999999999,5793.3499999999985,5770.839999999998,5783.839999999998,1714
2026-03-06T11:30:00+00:00,5783.839999999998,5785.339999999998,5730.339999999998,5736.359999999999,2425
2026-03-06T12:00:00+00:00,5736.359999999999,5756.3499999999985,5731.339999999998,5749.339999999998,2140
2026-03-06T12:30:00+00:00,5749.339999999998,5752.8499999999985,5736.3499999999985,5748.8499999999985,1596
2026-03-06T13:00:00+00:00,5748.8499999999985,5768.359999999999,5747.3499999999985,5764.859999999999,1146
2026-03-06T13:30:00+00:00,5764.859999999999,5764.859999999999,5690.8499999999985,5696.859999999999,3297
2026-03-06T14:00:00+00:00,5696.859999999999,5705.859999999999,5682.339999999998,5695.359999999999,1944
2026-03-06T14:30:00+00:00,5695.359999999999,5716.859999999999,5678.3499999999985,5705.839999999998,5044
2026-03-06T15:00:00+00:00,5705.839999999998,5748.359999999999,5705.839999999998,5745.339999999998,3589
2026-03-06T15:30:00+00:00,5745.339999999998,5753.839999999998,5718.339999999998,5737.359999999999,2258
2026-03-06T16:00:00+00:00,5737.359999999999,5748.339999999998,5724.839999999998,5735.859999999999,2046
2026-03-06T16:30:00+00:00,5735.859999999999,5764.859999999999,5732.3499999999985,5754.839999999998,1822
2026-03-06T17:00:00+00:00,5754.839999999998,5759.859999999999,5744.3499999999985,5748.339999999998,1927
2026-03-06T17:30:00+00:00,5748.339999999998,5754.359999999999,5735.8499999999985,5742.3499999999985,1945
2026-03-06T18:00:00+00:00,5742.3499999999985,5772.359999999999,5741.339999999998,5760.8499999999985,2079
2026-03-06T18:30:00+00:00,5760.8499999999985,5771.839999999998,5755.839999999998,5760.339999999998,1237
2026-03-06T19:00:00+00:00,5760.339999999998,5770.359999999999,5755.859999999999,5768.359999999999,1246
2026-03-06T19:30:00+00:00,5768.359999999999,5775.359999999999,5765.839999999998,5770.339999999998,991
2026-03-06T20:00:00+00:00,5770.339999999998,5775.359999999999,5752.339999999998,5755.859999999999,813
2026-03-06T20:30:00+00:00,5755.859999999999,5761.839999999998,5748.339999999998,5754.339999999998,1394
2026-03-09T07:00:00+00:00,5754.339999999998,5760.339999999998,5563.839999999998,5611.319999999999,1766.345054945055
2026-03-09T07:30:00+00:00,5611.319999999999,5612.329999999998,5574.819999999999,5584.819999999999,2336
2026-03-09T08:00:00+00:00,5584.819999999999,5607.839999999998,5573.819999999999,5590.319999999999,6628
2026-03-09T08:30:00+00:00,5590.319999999999,5608.839999999998,5578.829999999998,5601.839999999998,4006
2026-03-09T09:00:00+00:00,5601.839999999998,5633.329999999998,5585.819999999999,5631.819999999999,3323
2026-03-09T09:30:00+00:00,5631.819999999999,5659.329999999998,5621.339999999998,5650.339999999998,4436
2026-03-09T10:00:00+00:00,5650.339999999998,5656.339999999998,5626.819999999999,5627.839999999998,3427
2026-03-09T10:30:00+00:00,5627.839999999998,5641.839999999998,5620.339999999998,5637.319999999999,2666
2026-03-09T11:00:00+00:00,5637.319999999999,5645.829999999998,5627.829999999998,5628.329999999998,2301
2026-03-09T11:30:00+00:00,5628.329999999998,5649.839999999998,5622.319999999999,5642.339999999998,1651
2026-03-09T12:00:00+00:00,5642.339999999998,5665.829999999998,5640.829999999998,5663.319999999999,1822
2026-03-09T12:30:00+00:00,5663.319999999999,5668.829999999998,5632.829999999998,5641.819999999999,1595
2026-03-09T13:00:00+00:00,5641.819999999999,5668.829999999998,5641.819999999999,5665.839999999998,2034
2026-03-09T13:30:00+00:00,5665.839999999998,5676.839999999998,5636.329999999998,5656.839999999998,6115
2026-03-09T14:00:00+00:00,5656.839999999998,5669.839999999998,5628.819999999999,5658.829999999998,6508
2026-03-09T14:30:00+00:00,5658.829999999998,5693.839999999998,5658.319999999999,5688.839999999998,3242
2026-03-09T15:00:00+00:00,5688.839999999998,5720.839999999998,5687.839999999998,5718.829999999998,1756
2026-03-09T15:30:00+00:00,5718.829999999998,5723.829999999998,5703.819999999999,5715.339999999998,1835
2026-03-09T16:00:00+00:00,5715.339999999998,5726.339999999998,5699.819999999999,5713.839999999998,1462
2026-03-09T16:30:00+00:00,5713.839999999998,5736.839999999998,5706.829999999998,5730.839999999998,1072
2026-03-09T17:00:00+00:00,5730.839999999998,5730.839999999998,5696.819999999999,5698.339999999998,1425
2026-03-09T17:30:00+00:00,5698.339999999998,5703.839999999998,5687.839999999998,5697.839999999998,1107
2026-03-09T18:00:00+00:00,5697.839999999998,5723.829999999998,5697.839999999998,5711.819999999999,1214
2026-03-09T18:30:00+00:00,5711.819999999999,5720.829999999998,5705.819999999999,5707.839999999998,891
2026-03-09T19:00:00+00:00,5707.839999999998,5793.829999999998,5706.819999999999,5792.839999999998,3222
2026-03-09T19:30:00+00:00,5792.839999999998,5853.819999999999,5779.839999999998,5816.819999999999,3099
2026-03-09T20:00:00+00:00,5816.819999999999,5822.829999999998,5793.829999999998,5813.839999999998,774
2026-03-09T20:30:00+00:00,5813.839999999998,5825.839999999998,5807.829999999998,5818.869999999998,486
2026-03-10T07:00:00+00:00,5818.869999999998,5827.659999999998,5774.669999999998,5825.669999999998,1481.1171428571429
2026-03-10T07:30:00+00:00,5825.669999999998,5836.669999999998,5809.699999999998,5836.659999999998,1424
2026-03-10T08:00:00+00:00,5836.659999999998,5854.669999999998,5823.649999999999,5849.659999999998,3743
2026-03-10T08:30:00+00:00,5849.659999999998,5869.169999999998,5844.649999999999,5844.659999999998,1558
2026-03-10T09:00:00+00:00,5844.659999999998,5870.659999999998,5841.649999999999,5866.149999999999,1279
2026-03-10T09:30:00+00:00,5866.149999999999,5875.669999999998,5850.649999999999,5852.649999999999,964
2026-03-10T10:00:00+00:00,5852.649999999999,5861.149999999999,5839.169999999998,5858.149999999999,1206
2026-03-10T10:30:00+00:00,5858.149999999999,5864.649999999999,5843.649999999999,5856.669999999998,1487
2026-03-10T11:00:00+00:00,5856.669999999998,5872.669999999998,5838.169999999998,5840.659999999998,1802
2026-03-10T11:30:00+00:00,5840.659999999998,5842.669999999998,5820.659999999998,5824.149999999999,1145
2026-03-10T12:00:00+00:00,5824.149999999999,5824.149999999999,5797.649999999999,5800.159999999998,1722
2026-03-10T12:30:00+00:00,5800.159999999998,5830.669999999998,5792.649999999999,5826.659999999998,955
2026-03-10T13:00:00+00:00,5826.659999999998,5836.159999999998,5823.669999999998,5834.159999999998,872
2026-03-10T13:30:00+00:00,5834.159999999998,5839.169999999998,5809.149999999999,5813.669999999998,4321
2026-03-10T14:00:00+00:00,5813.669999999998,5839.649999999999,5802.159999999998,5836.149999999999,3234
2026-03-10T14:30:00+00:00,5836.149999999999,5878.169999999998,5836.149999999999,5876.659999999998,1543
2026-03-10T15:00:00+00:00,5876.659999999998,5883.669999999998,5863.659999999998,5872.659999999998,955
2026-03-10T15:30:00+00:00,5872.659999999998,5876.649999999999,5856.149999999999,5858.149999999999,870
2026-03-10T16:00:00+00:00,5858.149999999999,5858.669999999998,5841.649999999999,5847.169999999998,1046
2026-03-10T16:30:00+00:00,5847.169999999998,5877.669999999998,5843.659999999998,5877.649999999999,1338
2026-03-10T17:00:00+00:00,5877.649999999999,5897.169999999998,5877.649999999999,5891.669999999998,1122
2026-03-10T17:30:00+00:00,5891.669999999998,5891.669999999998,5862.159999999998,5872.669999999998,1625
2026-03-10T18:00:00+00:00,5872.669999999998,5874.659999999998,5800.649999999999,5828.159999999998,3260
2026-03-10T18:30:00+00:00,5828.159999999998,5834.669999999998,5813.659999999998,5815.649999999999,2445
2026-03-10T19:00:00+00:00,5815.649999999999,5832.669999999998,5813.649999999999,5815.669999999998,1863
2026-03-10T19:30:00+00:00,5815.669999999998,5828.159999999998,5802.659999999998,5813.659999999998,1496
2026-03-10T20:00:00+00:00,5813.659999999998,5816.669999999998,5807.669999999998,5814.659999999998,273.9178567069449
2026-03-10T20:30:00+00:00,5814.659999999998,5814.669999999998,5803.719999999998,5810.219999999998,332
2026-03-11T07:00:00+00:00,5810.219999999998,5835.379999999998,5806.3899999999985,5806.879999999998,778.6520438683948
2026-03-11T07:30:00+00:00,5806.879999999998,5810.3899999999985,5783.369999999998,5800.879999999998,958
2026-03-11T08:00:00+00:00,5800.879999999998,5813.859999999998,5799.879999999998,5803.879999999998,2249
2026-03-11T08:30:00+00:00,5803.879999999998,5809.359999999998,5776.869999999998,5785.879999999998,2007
2026-03-11T09:00:00+00:00,5785.879999999998,5788.869999999998,5770.869999999998,5774.869999999998,1901
2026-03-11T09:30:00+00:00,5774.869999999998,5783.869999999998,5770.859999999998,5772.359999999998,1461
2026-03-11T10:00:00+00:00,5772.359999999998,5803.359999999998,5769.869999999998,5799.869999999998,1232
2026-03-11T10:30:00+00:00,5799.869999999998,5833.379999999998,5799.859999999998,5831.359999999998,1154
2026-03-11T11:00:00+00:00,5831.359999999998,5836.879999999998,5801.879999999998,5806.379999999998,1086
2026-03-11T11:30:00+00:00,5806.379999999998,5809.379999999998,5786.879999999998,5795.379999999998,1764
2026-03-11T12:00:00+00:00,5795.379999999998,5803.879999999998,5782.879999999998,5800.859999999998,1195
2026-03-11T12:30:00+00:00,5800.859999999998,5808.869999999998,5769.859999999998,5782.369999999998,2000
2026-03-11T13:00:00+00:00,5782.369999999998,5803.379999999998,5780.869999999998,5802.869999999998,1503
2026-03-11T13:30:00+00:00,5802.869999999998,5818.369999999998,5795.869999999998,5815.859999999998,3925
2026-03-11T14:00:00+00:00,5815.859999999998,5844.859999999998,5795.869999999998,5803.869999999998,5095
2026-03-11T14:30:00+00:00,5803.869999999998,5831.859999999998,5798.869999999998,5829.879999999998,2706
2026-03-11T15:00:00+00:00,5829.879999999998,5831.879999999998,5798.379999999998,5798.879999999998,2267
2026-03-11T15:30:00+00:00,5798.879999999998,5804.879999999998,5787.879999999998,5796.879999999998,1885
2026-03-11T16:00:00+00:00,5796.879999999998,5799.879999999998,5785.879999999998,5795.859999999998,1574
2026-03-11T16:30:00+00:00,5795.859999999998,5827.379999999998,5795.859999999998,5825.379999999998,1218
2026-03-11T17:00:00+00:00,5825.379999999998,5828.379999999998,5818.859999999998,5825.879999999998,998
2026-03-11T17:30:00+00:00,5825.879999999998,5827.879999999998,5798.859999999998,5815.879999999998,2387
2026-03-11T18:00:00+00:00,5815.879999999998,5823.379999999998,5805.859999999998,5820.859999999998,1095
2026-03-11T18:30:00+00:00,5820.859999999998,5828.379999999998,5819.859999999998,5823.869999999998,683
2026-03-11T19:00:00+00:00,5823.869999999998,5824.879999999998,5815.859999999998,5817.869999999998,793
2026-03-11T19:30:00+00:00,5817.869999999998,5829.879999999998,5815.869999999998,5828.379999999998,497
2026-03-11T20:00:00+00:00,5828.379999999998,5828.879999999998,5817.859999999998,5820.879999999998,216.07600382409177
2026-03-11T20:30:00+00:00,5820.879999999998,5820.879999999998,5811.859999999998,5811.879999999998,144
2026-03-12T07:00:00+00:00,5811.879999999998,5816.379999999998,5760.209999999998,5772.219999999998,533.2523020257827
2026-03-12T07:30:00+00:00,5772.219999999998,5790.719999999998,5763.209999999998,5789.209999999998,751
2026-03-12T08:00:00+00:00,5789.209999999998,5791.709999999998,5765.709999999998,5765.709999999998,2099
2026-03-12T08:30:00+00:00,5765.709999999998,5792.699999999998,5764.219999999998,5788.699999999998,1499
2026-03-12T09:00:00+00:00,5788.699999999998,5790.209999999998,5757.699999999998,5776.719999999998,1264
2026-03-12T09:30:00+00:00,5776.719999999998,5794.719999999998,5776.699999999998,5792.719999999998,1273
2026-03-12T10:00:00+00:00,5792.719999999998,5796.719999999998,5782.699999999998,5784.719999999998,975
2026-03-12T10:30:00+00:00,5784.719999999998,5802.219999999998,5780.699999999998,5780.699999999998,1068
2026-03-12T11:00:00+00:00,5780.699999999998,5791.719999999998,5769.699999999998,5790.709999999998,910
2026-03-12T11:30:00+00:00,5790.709999999998,5805.719999999998,5783.699999999998,5784.699999999998,1027
2026-03-12T12:00:00+00:00,5784.699999999998,5785.719999999998,5763.199999999998,5772.219999999998,1519
2026-03-12T12:30:00+00:00,5772.219999999998,5777.719999999998,5762.699999999998,5777.709999999998,1223
2026-03-12T13:00:00+00:00,5777.709999999998,5788.719999999998,5745.719999999998,5766.719999999998,2138
2026-03-12T13:30:00+00:00,5766.719999999998,5772.719999999998,5735.699999999998,5745.719999999998,4856
2026-03-12T14:00:00+00:00,5745.719999999998,5761.719999999998,5725.719999999998,5725.719999999998,3206
2026-03-12T14:30:00+00:00,5725.719999999998,5757.719999999998,5725.199999999998,5742.209999999998,3424
2026-03-12T15:00:00+00:00,5742.209999999998,5742.709999999998,5711.699999999998,5734.699999999998,2144
2026-03-12T15:30:00+00:00,5734.699999999998,5757.709999999998,5725.709999999998,5757.209999999998,3750
2026-03-12T16:00:00+00:00,5757.209999999998,5780.699999999998,5745.699999999998,5766.709999999998,2706
2026-03-12T16:30:00+00:00,5766.709999999998,5781.719999999998,5758.719999999998,5767.199999999998,2138
2026-03-12T17:00:00+00:00,5767.199999999998,5778.719999999998,5762.699999999998,5771.209999999998,2231
2026-03-12T17:30:00+00:00,5771.209999999998,5781.719999999998,5762.699999999998,5767.719999999998,1615
2026-03-12T18:00:00+00:00,5767.719999999998,5778.709999999998,5766.699999999998,5773.219999999998,1572
2026-03-12T18:30:00+00:00,5773.219999999998,5774.719999999998,5764.699999999998,5764.709999999998,1143
2026-03-12T19:00:00+00:00,5764.709999999998,5771.709999999998,5758.699999999998,5766.709999999998,1185
2026-03-12T19:30:00+00:00,5766.709999999998,5770.719999999998,5753.709999999998,5755.699999999998,869
2026-03-12T20:00:00+00:00,5755.699999999998,5757.209999999998,5751.699999999998,5752.719999999998,279
2026-03-12T20:30:00+00:00,5752.719999999998,5753.709999999998,5750.699999999998,5750.699999999998,102.08956188744264
2026-03-13T07:00:00+00:00,5750.699999999998,5751.699999999998,5712.529999999998,5727.539999999998,749.4343302990897
2026-03-13T07:30:00+00:00,5727.539999999998,5738.049999999998,5717.029999999998,5725.039999999998,906
2026-03-13T08:00:00+00:00,5725.039999999998,5726.049999999998,5688.029999999998,5696.549999999998,2658
2026-03-13T08:30:00+00:00,5696.549999999998,5733.049999999998,5696.029999999998,5730.029999999998,1823
2026-03-13T09:00:00+00:00,5730.029999999998,5742.549999999998,5723.029999999998,5738.049999999998,1795
2026-03-13T09:30:00+00:00,5738.049999999998,5739.049999999998,5722.049999999998,5734.549999999998,1286
2026-03-13T10:00:00+00:00,5734.549999999998,5766.049999999998,5730.529999999998,5760.049999999998,949
2026-03-13T10:30:00+00:00,5760.049999999998,5769.049999999998,5747.549999999998,5768.039999999998,1085
2026-03-13T11:00:00+00:00,5768.039999999998,5777.049999999998,5762.039999999998,5772.039999999998,1380
2026-03-13T11:30:00+00:00,5772.039999999998,5781.049999999998,5767.529999999998,5780.049999999998,1234
2026-03-13T12:00:00+00:00,5780.049999999998,5786.049999999998,5777.029999999998,5781.049999999998,1029
2026-03-13T12:30:00+00:00,5781.049999999998,5806.539999999998,5776.549999999998,5791.539999999998,2145
2026-03-13T13:00:00+00:00,5791.539999999998,5796.029999999998,5782.529999999998,5796.029999999998,1680
2026-03-13T13:30:00+00:00,5796.029999999998,5817.549999999998,5794.049999999998,5798.539999999998,3569
2026-03-13T14:00:00+00:00,5798.539999999998,5804.049999999998,5777.029999999998,5786.029999999998,3103
2026-03-13T14:30:00+00:00,5786.029999999998,5796.049999999998,5750.549999999998,5751.539999999998,3003
2026-03-13T15:00:00+00:00,5751.539999999998,5766.039999999998,5742.029999999998,5747.049999999998,3100
2026-03-13T15:30:00+00:00,5747.049999999998,5752.039999999998,5726.029999999998,5727.029999999998,3172
2026-03-13T16:00:00+00:00,5727.029999999998,5737.049999999998,5722.049999999998,5736.549999999998,2314
2026-03-13T16:30:00+00:00,5736.549999999998,5744.029999999998,5724.029999999998,5728.049999999998,2038
2026-03-13T17:00:00+00:00,5728.049999999998,5739.039999999998,5725.029999999998,5728.539999999998,1528
2026-03-13T17:30:00+00:00,5728.539999999998,5731.029999999998,5715.039999999998,5716.549999999998,1605
2026-03-13T18:00:00+00:00,5716.549999999998,5723.049999999998,5713.539999999998,5723.039999999998,1205
2026-03-13T18:30:00+00:00,5723.039999999998,5737.049999999998,5721.039999999998,5734.029999999998,1273
2026-03-13T19:00:00+00:00,5734.029999999998,5734.549999999998,5718.029999999998,5719.039999999998,1049
2026-03-13T19:30:00+00:00,5719.039999999998,5724.049999999998,5712.029999999998,5723.549999999998,814
2026-03-13T20:00:00+00:00,5723.549999999998,5724.049999999998,5718.029999999998,5720.049999999998,211.45820791849965
2026-03-13T20:30:00+00:00,5720.049999999998,5722.049999999998,5711.529999999998,5711.549999999998,112.91387957716515
2026-03-16T07:00:00+00:00,5711.549999999998,5775.989999999998,5710.049999999998,5754.489999999998,649.5581867388363
2026-03-16T07:30:00+00:00,5754.489999999998,5756.479999999999,5742.479999999999,5743.989999999998,676
2026-03-16T08:00:00+00:00,5743.989999999998,5755.479999999999,5724.469999999998,5727.969999999998,2699
2026-03-16T08:30:00+00:00,5727.969999999998,5733.489999999998,5711.969999999998,5722.469999999998,1734
2026-03-16T09:00:00+00:00,5722.469999999998,5729.479999999999,5706.479999999999,5711.479999999999,1328
2026-03-16T09:30:00+00:00,5711.479999999999,5713.479999999999,5695.469999999998,5697.979999999999,978
2026-03-16T10:00:00+00:00,5697.979999999999,5729.489999999998,5695.469999999998,5725.479999999999,1497
2026-03-16T10:30:00+00:00,5725.479999999999,5744.469999999998,5723.469999999998,5743.479999999999,1109
2026-03-16T11:00:00+00:00,5743.479999999999,5749.489999999998,5741.469999999998,5741.969999999998,784
2026-03-16T11:30:00+00:00,5741.969999999998,5751.489999999998,5736.469999999998,5751.479999999999,749
2026-03-16T12:00:00+00:00,5751.479999999999,5765.489999999998,5751.469999999998,5763.969999999998,789
2026-03-16T12:30:00+00:00,5763.969999999998,5774.979999999999,5760.489999999998,5762.489999999998,962
2026-03-16T13:00:00+00:00,5762.489999999998,5772.479999999999,5762.489999999998,5768.489999999998,830
2026-03-16T13:30:00+00:00,5768.489999999998,5787.489999999998,5765.969999999998,5787.489999999998,1375
2026-03-16T14:00:00+00:00,5787.489999999998,5793.989999999998,5779.479999999999,5779.479999999999,1260
2026-03-16T14:30:00+00:00,5779.479999999999,5784.479999999999,5766.469999999998,5783.979999999999,2081
2026-03-16T15:00:00+00:00,5783.979999999999,5787.489999999998,5774.969999999998,5784.969999999998,1363
2026-03-16T15:30:00+00:00,5784.969999999998,5792.489999999998,5772.479999999999,5772.989999999998,1196
2026-03-16T16:00:00+00:00,5772.989999999998,5778.489999999998,5759.469999999998,5759.979999999999,1453
2026-03-16T16:30:00+00:00,5759.979999999999,5770.489999999998,5757.969999999998,5759.469999999998,1323
2026-03-16T17:00:00+00:00,5759.469999999998,5773.469999999998,5759.469999999998,5769.489999999998,1367
2026-03-16T17:30:00+00:00,5769.489999999998,5772.489999999998,5755.469999999998,5760.969999999998,1040
2026-03-16T18:00:00+00:00,5760.969999999998,5777.489999999998,5760.969999999998,5773.989999999998,848
2026-03-16T18:30:00+00:00,5773.989999999998,5775.489999999998,5771.469999999998,5773.489999999998,571.621375509226
2026-03-16T19:00:00+00:00,5773.489999999998,5788.469999999998,5766.969999999998,5772.469999999998,1270
2026-03-16T19:30:00+00:00,5772.469999999998,5779.489999999998,5764.479999999999,5778.489999999998,812
2026-03-16T20:00:00+00:00,5778.489999999998,5778.489999999998,5769.979999999999,5769.979999999999,140.60066555740434
2026-03-16T20:30:00+00:00,5769.979999999999,5773.489999999998,5768.469999999998,5773.019999999999,185.22560857917125
2026-03-17T07:00:00+00:00,5773.019999999999,5774.019999999999,5725.779999999998,5741.289999999998,420.1874662344678
2026-03-17T07:30:00+00:00,5741.289999999998,5746.789999999998,5733.779999999998,5740.789999999998,381
2026-03-17T08:00:00+00:00,5740.789999999998,5754.779999999998,5738.779999999998,5744.779999999998,2589
2026-03-17T08:30:00+00:00,5744.779999999998,5762.279999999998,5743.769999999999,5752.789999999998,1512
2026-03-17T09:00:00+00:00,5752.789999999998,5777.789999999998,5752.789999999998,5776.769999999999,1304
2026-03-17T09:30:00+00:00,5776.769999999999,5790.779999999998,5775.279999999998,5786.779999999998,978
2026-03-17T10:00:00+00:00,5786.779999999998,5787.779999999998,5763.769999999999,5766.779999999998,891
2026-03-17T10:30:00+00:00,5766.779999999998,5776.789999999998,5764.769999999999,5771.769999999999,896
2026-03-17T11:00:00+00:00,5771.769999999999,5779.789999999998,5770.769999999999,5775.279999999998,910
2026-03-17T11:30:00+00:00,5775.279999999998,5781.789999999998,5769.769999999999,5774.289999999998,606
2026-03-17T12:00:00+00:00,5774.289999999998,5798.269999999999,5773.789999999998,5798.269999999999,840
2026-03-17T12:30:00+00:00,5798.269999999999,5802.789999999998,5791.769999999999,5798.789999999998,602
2026-03-17T13:00:00+00:00,5798.789999999998,5817.789999999998,5798.779999999998,5812.779999999998,837
2026-03-17T13:30:00+00:00,5812.779999999998,5821.279999999999,5810.779999999998,5813.279999999999,1284
2026-03-17T14:00:00+00:00,5813.279999999999,5821.299999999998,5807.299999999998,5809.299999999998,1393
2026-03-17T14:30:00+00:00,5809.299999999998,5824.799999999998,5807.279999999999,5821.279999999999,969
2026-03-17T15:00:00+00:00,5821.279999999999,5822.279999999999,5798.289999999998,5799.789999999998,1523
2026-03-17T15:30:00+00:00,5799.789999999998,5801.299999999998,5788.279999999999,5797.299999999998,1814
2026-03-17T16:00:00+00:00,5797.299999999998,5798.789999999998,5784.779999999999,5786.789999999998,1688
2026-03-17T16:30:00+00:00,5786.789999999998,5795.299999999998,5781.299999999998,5782.789999999998,1490
2026-03-17T17:00:00+00:00,5782.789999999998,5794.289999999998,5782.279999999999,5788.799999999998,981
2026-03-17T17:30:00+00:00,5788.799999999998,5790.799999999998,5782.779999999999,5788.279999999999,615.2674108226158
2026-03-17T18:00:00+00:00,5788.279999999999,5792.289999999998,5780.279999999999,5780.799999999998,548
2026-03-17T18:30:00+00:00,5780.799999999998,5788.799999999998,5780.289999999998,5785.289999999998,749.0946212334554
2026-03-17T19:00:00+00:00,5785.289999999998,5790.299999999998,5782.779999999999,5785.2699999999995,456
2026-03-17T19:30:00+00:00,5785.2699999999995,5791.289999999999,5782.7699999999995,5790.2699999999995,345
2026-03-17T20:00:00+00:00,5790.2699999999995,5792.289999999999,5789.2699999999995,5791.2699999999995,86.58299180327869
2026-03-17T20:30:00+00:00,5791.2699999999995,5792.289999999999,5786.2699999999995,5788.2699999999995,113.50272628135224
2026-03-18T07:00:00+00:00,5788.2699999999995,5792.28,5781.259999999999,5784.759999999999,466.97740784780024
2026-03-18T07:30:00+00:00,5784.759999999999,5784.759999999999,5766.2699999999995,5774.78,373
2026-03-18T08:00:00+00:00,5774.78,5789.28,5769.259999999999,5771.759999999999,1154
2026-03-18T08:30:00+00:00,5771.759999999999,5784.28,5766.259999999999,5782.28,997
2026-03-18T09:00:00+00:00,5782.28,5791.28,5777.259999999999,5789.78,991
2026-03-18T09:30:00+00:00,5789.78,5798.759999999999,5788.2699999999995,5791.78,580
2026-03-18T10:00:00+00:00,5791.78,5801.2699999999995,5790.7699999999995,5794.28,644
2026-03-18T10:30:00+00:00,5794.28,5796.7699999999995,5784.259999999999,5784.2699999999995,552
2026-03-18T11:00:00+00:00,5784.2699999999995,5799.2699999999995,5769.2699999999995,5769.759999999999,1009
2026-03-18T11:30:00+00:00,5769.759999999999,5785.259999999999,5768.259999999999,5776.28,1347
2026-03-18T12:00:00+00:00,5776.28,5778.28,5734.2699999999995,5746.78,1805
2026-03-18T12:30:00+00:00,5746.78,5746.78,5703.28,5707.2699999999995,3562
2026-03-18T13:00:00+00:00,5707.2699999999995,5722.28,5694.759999999999,5718.7699999999995,2780
2026-03-18T13:30:00+00:00,5718.7699999999995,5728.28,5702.2699999999995,5711.759999999999,3703
2026-03-18T14:00:00+00:00,5711.759999999999,5721.2699999999995,5690.259999999999,5694.759999999999,3347
2026-03-18T14:30:00+00:00,5694.759999999999,5700.28,5681.2699999999995,5696.78,2272
2026-03-18T15:00:00+00:00,5696.78,5714.28,5693.259999999999,5704.2699999999995,2230
2026-03-18T15:30:00+00:00,5704.2699999999995,5707.28,5693.259999999999,5700.2699999999995,2133
2026-03-18T16:00:00+00:00,5700.2699999999995,5713.28,5696.259999999999,5710.2699999999995,1596
2026-03-18T16:30:00+00:00,5710.2699999999995,5712.759999999999,5701.259999999999,5707.2699999999995,1281
2026-03-18T17:00:00+00:00,5707.2699999999995,5709.2699999999995,5695.28,5702.759999999999,1402
2026-03-18T17:30:00+00:00,5702.759999999999,5717.2699999999995,5699.259999999999,5714.259999999999,1163
2026-03-18T18:00:00+00:00,5714.259999999999,5720.28,5698.28,5702.7699999999995,1695
2026-03-18T18:30:00+00:00,5702.7699999999995,5705.28,5676.2699999999995,5676.28,1901
2026-03-18T19:00:00+00:00,5676.28,5684.28,5655.2699999999995,5660.259999999999,1013
2026-03-18T19:30:00+00:00,5660.259999999999,5662.259999999999,5644.259999999999,5645.259999999999,1002
2026-03-18T20:00:00+00:00,5645.259999999999,5646.28,5615.2699999999995,5619.2699999999995,325
2026-03-18T20:30:00+00:00,5619.2699999999995,5629.259999999999,5614.259999999999,5619.3099999999995,258
2026-03-19T07:00:00+00:00,5619.3099999999995,5622.589999999999,5590.589999999999,5611.58,993.3842432619213
2026-03-19T07:30:00+00:00,5611.58,5615.58,5595.08,5608.08,1088
2026-03-19T08:00:00+00:00,5608.08,5624.57,5585.57,5592.589999999999,3247
2026-03-19T08:30:00+00:00,5592.589999999999,5602.589999999999,5568.57,5579.08,3448
2026-03-19T09:00:00+00:00,5579.08,5601.589999999999,5559.08,5567.57,4247
2026-03-19T09:30:00+00:00,5567.57,5608.08,5559.57,5600.57,4303
2026-03-19T10:00:00+00:00,5600.57,5601.089999999999,5572.58,5583.589999999999,2673
2026-03-19T10:30:00+00:00,5583.589999999999,5590.089999999999,5575.57,5580.089999999999,2207
2026-03-19T11:00:00+00:00,5580.089999999999,5588.589999999999,5567.58,5577.57,1880
2026-03-19T11:30:00+00:00,5577.57,5586.07,5567.57,5584.08,1370
2026-03-19T12:00:00+00:00,5584.08,5586.589999999999,5550.58,5554.57,2343
2026-03-19T12:30:00+00:00,5554.57,5564.58,5546.57,5556.57,3318
2026-03-19T13:00:00+00:00,5556.57,5571.589999999999,5536.589999999999,5540.589999999999,3112
2026-03-19T13:30:00+00:00,5540.589999999999,5588.589999999999,5536.58,5588.07,6129
2026-03-19T14:00:00+00:00,5588.07,5598.589999999999,5568.58,5574.08,4665
2026-03-19T14:30:00+00:00,5574.08,5592.589999999999,5570.57,5577.58,3736
2026-03-19T15:00:00+00:00,5577.58,5601.589999999999,5573.07,5577.57,3144
2026-03-19T15:30:00+00:00,5577.57,5593.58,5567.57,5589.589999999999,3361
2026-03-19T16:00:00+00:00,5589.589999999999,5601.58,5571.57,5577.589999999999,2625
2026-03-19T16:30:00+00:00,5577.589999999999,5584.589999999999,5557.57,5566.58,2279
2026-03-19T17:00:00+00:00,5566.58,5576.58,5550.07,5574.07,1747
2026-03-19T17:30:00+00:00,5574.07,5577.089999999999,5558.57,5560.08,1477
2026-03-19T18:00:00+00:00,5560.08,5576.589999999999,5554.589999999999,5561.57,998
2026-03-19T18:30:00+00:00,5561.57,5574.589999999999,5553.57,5572.57,768
2026-03-19T19:00:00+00:00,5572.57,5638.58,5572.57,5613.589999999999,4201
2026-03-19T19:30:00+00:00,5613.589999999999,5618.089999999999,5600.57,5609.57,1673
2026-03-19T20:00:00+00:00,5609.57,5617.58,5604.58,5617.08,270
2026-03-19T20:30:00+00:00,5617.08,5621.089999999999,5611.57,5614.129999999999,177.05139557266602
2026-03-20T07:00:00+00:00,5614.129999999999,5623.9,5594.879999999999,5623.9,732.3505059797608
2026-03-20T07:30:00+00:00,5623.9,5640.9,5622.889999999999,5633.879999999999,629
2026-03-20T08:00:00+00:00,5633.879999999999,5655.9,5628.9,5638.4,2043
2026-03-20T08:30:00+00:00,5638.4,5649.879999999999,5627.879999999999,5627.889999999999,1540
2026-03-20T09:00:00+00:00,5627.889999999999,5634.389999999999,5604.379999999999,5606.879999999999,2134
2026-03-20T09:30:00+00:00,5606.879999999999,5618.379999999999,5579.9,5589.389999999999,2361
2026-03-20T10:00:00+00:00,5589.389999999999,5592.4,5553.879999999999,5565.879999999999,3446
2026-03-20T10:30:00+00:00,5565.879999999999,5589.889999999999,5558.879999999999,5566.879999999999,2702
2026-03-20T11:00:00+00:00,5566.879999999999,5604.389999999999,5562.879999999999,5588.9,1972
2026-03-20T11:30:00+00:00,5588.9,5605.9,5586.9,5604.379999999999,1668
2026-03-20T12:00:00+00:00,5604.379999999999,5612.879999999999,5593.879999999999,5604.889999999999,2135
2026-03-20T12:30:00+00:00,5604.889999999999,5613.879999999999,5592.879999999999,5607.9,1900
2026-03-20T13:00:00+00:00,5607.9,5609.9,5587.879999999999,5589.4,1855
2026-03-20T13:30:00+00:00,5589.4,5594.889999999999,5553.879999999999,5555.879999999999,4536
2026-03-20T14:00:00+00:00,5555.879999999999,5556.879999999999,5503.379999999999,5503.379999999999,4165
2026-03-20T14:30:00+00:00,5503.379999999999,5515.889999999999,5474.379999999999,5484.379999999999,4438
2026-03-20T15:00:00+00:00,5484.379999999999,5502.9,5467.879999999999,5471.9,4667
2026-03-20T15:30:00+00:00,5471.9,5493.889999999999,5471.879999999999,5483.879999999999,3851
2026-03-20T16:00:00+00:00,5483.879999999999,5497.9,5469.379999999999,5472.4,2465
2026-03-20T16:30:00+00:00,5472.4,5473.9,5436.879999999999,5453.4,1970
2026-03-20T17:00:00+00:00,5453.4,5462.889999999999,5445.879999999999,5453.389999999999,2481
2026-03-20T17:30:00+00:00,5453.389999999999,5455.9,5436.879999999999,5453.389999999999,1727
2026-03-20T18:00:00+00:00,5453.389999999999,5455.9,5412.879999999999,5424.889999999999,1943
2026-03-20T18:30:00+00:00,5424.889999999999,5428.4,5415.879999999999,5421.9,1736
2026-03-20T19:00:00+00:00,5421.9,5427.9,5413.879999999999,5416.389999999999,1284
2026-03-20T19:30:00+00:00,5416.389999999999,5435.389999999999,5401.889999999999,5430.389999999999,2026
2026-03-20T20:00:00+00:00,5430.389999999999,5441.9,5429.889999999999,5432.879999999999,379
2026-03-20T20:30:00+00:00,5432.879999999999,5442.379999999999,5430.879999999999,5438.889999999999,299
2026-03-23T07:00:00+00:00,5438.889999999999,5443.389999999999,5364.679999999999,5371.2,1208.1938702779757
2026-03-23T07:30:00+00:00,5371.2,5380.7,5358.679999999999,5363.69,1260
2026-03-23T08:00:00+00:00,5363.69,5389.69,5362.679999999999,5369.179999999999,4689
2026-03-23T08:30:00+00:00,5369.179999999999,5393.7,5367.679999999999,5382.2,3883
2026-03-23T09:00:00+00:00,5382.2,5393.179999999999,5366.69,5382.679999999999,3435
2026-03-23T09:30:00+00:00,5382.679999999999,5384.19,5351.679999999999,5364.179999999999,3251
2026-03-23T10:00:00+00:00,5364.179999999999,5374.7,5350.2,5351.679999999999,3128
2026-03-23T10:30:00+00:00,5351.679999999999,5372.2,5345.179999999999,5360.7,2819
2026-03-23T11:00:00+00:00,5360.7,5708.08,5360.679999999999,5632.03,10687.620583476853
2026-03-23T11:30:00+00:00,5632.03,5669.05,5575.04,5583.55,9245
2026-03-23T12:00:00+00:00,5583.55,5630.05,5565.54,5624.05,6955
2026-03-23T12:30:00+00:00,5624.05,5656.05,5592.03,5645.03,7090
2026-03-23T13:00:00+00:00,5645.03,5657.05,5603.04,5604.05,5552
2026-03-23T13:30:00+00:00,5604.05,5644.54,5594.03,5637.54,4678
2026-03-23T14:00:00+00:00,5637.54,5678.03,5636.03,5656.03,3677
2026-03-23T14:30:00+00:00,5656.03,5676.03,5632.03,5668.03,3674
2026-03-23T15:00:00+00:00,5668.03,5696.04,5665.55,5670.54,3151
2026-03-23T15:30:00+00:00,5670.54,5674.04,5596.03,5599.55,3969
2026-03-23T16:00:00+00:00,5599.55,5618.03,5575.04,5575.04,5101
2026-03-23T16:30:00+00:00,5575.04,5608.04,5566.53,5595.03,3071
2026-03-23T17:00:00+00:00,5595.03,5618.54,5588.03,5617.04,2499
2026-03-23T17:30:00+00:00,5617.04,5643.03,5617.04,5632.04,1770
2026-03-23T18:00:00+00:00,5632.04,5635.04,5613.53,5625.55,1584
2026-03-23T18:30:00+00:00,5625.55,5655.04,5625.54,5642.04,1511
2026-03-23T19:00:00+00:00,5642.04,5643.04,5622.03,5625.53,1169
2026-03-23T19:30:00+00:00,5625.53,5638.04,5611.03,5617.09,871
2026-03-23T20:00:00+00:00,5617.09,5617.09,5607.03,5612.55,362
2026-03-23T20:30:00+00:00,5612.55,5622.04,5609.53,5617.08,165
2026-03-24T07:00:00+00:00,5617.08,5629.72,5587.72,5614.21,1180.8762769580023
2026-03-24T07:30:00+00:00,5614.21,5616.73,5600.77,5612.71,1139
2026-03-24T08:00:00+00:00,5612.71,5632.73,5588.73,5591.23,3922
2026-03-24T08:30:00+00:00,5591.23,5599.23,5568.71,5575.23,3724
2026-03-24T09:00:00+00:00,5575.23,5585.23,5549.73,5568.72,3403
2026-03-24T09:30:00+00:00,5568.72,5595.73,5558.71,5590.21,2439
2026-03-24T10:00:00+00:00,5590.21,5595.73,5573.72,5579.71,2128
2026-03-24T10:30:00+00:00,5579.71,5600.73,5573.22,5592.22,2209
2026-03-24T11:00:00+00:00,5592.22,5601.73,5582.23,5592.23,1945
2026-03-24T11:30:00+00:00,5592.23,5604.22,5567.72,5600.72,2326
2026-03-24T12:00:00+00:00,5600.72,5603.73,5576.71,5582.71,2585
2026-03-24T12:30:00+00:00,5582.71,5584.23,5547.71,5550.73,3042
2026-03-24T13:00:00+00:00,5550.73,5557.73,5530.72,5540.22,3096
2026-03-24T13:30:00+00:00,5540.22,5559.73,5531.21,5558.21,4601
2026-03-24T14:00:00+00:00,5558.21,5577.73,5553.71,5560.71,4194
2026-03-24T14:30:00+00:00,5560.71,5611.73,5559.72,5596.21,4411
2026-03-24T15:00:00+00:00,5596.21,5618.72,5590.21,5609.73,4381
2026-03-24T15:30:00+00:00,5609.73,5623.71,5594.22,5594.22,2362
2026-03-24T16:00:00+00:00,5594.22,5608.73,5588.22,5606.72,2772
2026-03-24T16:30:00+00:00,5606.72,5613.73,5585.71,5595.73,2209
2026-03-24T17:00:00+00:00,5595.73,5597.73,5564.71,5580.21,3088
2026-03-24T17:30:00+00:00,5580.21,5596.22,5570.71,5593.23,2058
2026-03-24T18:00:00+00:00,5593.23,5600.22,5581.73,5592.71,2091
2026-03-24T18:30:00+00:00,5592.71,5618.73,5591.71,5603.23,1795
2026-03-24T19:00:00+00:00,5603.23,5613.73,5598.21,5598.71,1253
2026-03-24T19:30:00+00:00,5598.71,5600.73,5588.71,5591.73,1055
2026-03-24T20:00:00+00:00,5591.73,5676.22,5589.71,5642.22,1604
2026-03-24T20:30:00+00:00,5642.22,5685.73,5641.73,5666.78,2058
2026-03-25T07:00:00+00:00,5666.78,5669.28,5643.09,5650.03,835.6489361702128
2026-03-25T07:30:00+00:00,5650.03,5680.54,5647.52,5674.04,715
2026-03-25T08:00:00+00:00,5674.04,5709.03,5667.02,5694.02,2666
2026-03-25T08:30:00+00:00,5694.02,5706.53,5684.53,5689.54,2372
2026-03-25T09:00:00+00:00,5689.54,5706.02,5681.52,5684.54,1545
2026-03-25T09:30:00+00:00,5684.54,5695.04,5671.04,5688.04,1513
2026-03-25T10:00:00+00:00,5688.04,5700.02,5683.04,5685.04,1638
2026-03-25T10:30:00+00:00,5685.04,5695.03,5679.02,5690.54,1282
2026-03-25T11:00:00+00:00,5690.54,5701.54,5689.52,5694.03,949
2026-03-25T11:30:00+00:00,5694.03,5702.54,5679.52,5697.02,1504
2026-03-25T12:00:00+00:00,5697.02,5707.52,5660.02,5670.03,2748
2026-03-25T12:30:00+00:00,5670.03,5685.52,5652.02,5679.04,2060
2026-03-25T13:00:00+00:00,5679.04,5690.03,5672.02,5678.04,1528
2026-03-25T13:30:00+00:00,5678.04,5684.04,5654.02,5657.02,3350
2026-03-25T14:00:00+00:00,5657.02,5683.53,5645.02,5678.03,3160
2026-03-25T14:30:00+00:00,5678.03,5688.04,5671.02,5672.52,2317
2026-03-25T15:00:00+00:00,5672.52,5675.04,5629.54,5666.03,2988
2026-03-25T15:30:00+00:00,5666.03,5668.04,5651.52,5655.04,2440
2026-03-25T16:00:00+00:00,5655.04,5665.02,5647.03,5662.53,2516
2026-03-25T16:30:00+00:00,5662.53,5687.04,5662.02,5679.52,1318
2026-03-25T17:00:00+00:00,5679.52,5685.54,5671.52,5679.53,1683
2026-03-25T17:30:00+00:00,5679.53,5690.53,5669.52,5673.53,1178
2026-03-25T18:00:00+00:00,5673.53,5677.54,5670.54,5671.54,697
2026-03-25T18:30:00+00:00,5671.54,5675.03,5651.03,5662.03,759
2026-03-25T19:00:00+00:00,5662.03,5671.53,5655.54,5668.02,1005
2026-03-25T19:30:00+00:00,5668.02,5668.04,5658.52,5663.04,763
2026-03-25T20:00:00+00:00,5663.04,5666.04,5657.52,5658.04,205.22643391521197
2026-03-25T20:30:00+00:00,5658.04,5660.04,5657.02,5658.09,151.12760079986685
2026-03-26T07:00:00+00:00,5658.09,5660.09,5635.610000000001,5643.1,700.9103623649078
2026-03-26T07:30:00+00:00,5643.1,5649.6,5637.59,5645.59,635
2026-03-26T08:00:00+00:00,5645.59,5664.1,5635.59,5636.6,2829
2026-03-26T08:30:00+00:00,5636.6,5647.610000000001,5630.59,5641.59,2026
2026-03-26T09:00:00+00:00,5641.59,5642.6,5617.59,5617.59,1887
2026-03-26T09:30:00+00:00,5617.59,5628.610000000001,5610.09,5626.110000000001,1825
2026-03-26T10:00:00+00:00,5626.110000000001,5640.110000000001,5617.610000000001,5638.6,1086
2026-03-26T10:30:00+00:00,5638.6,5643.610000000001,5625.6,5632.09,1555
2026-03-26T11:00:00+00:00,5632.09,5641.610000000001,5622.59,5627.610000000001,1022
2026-03-26T11:30:00+00:00,5627.610000000001,5629.110000000001,5612.59,5612.59,1102
2026-03-26T12:00:00+00:00,5612.59,5633.610000000001,5608.59,5622.59,1028
2026-03-26T12:30:00+00:00,5622.59,5623.610000000001,5607.610000000001,5621.1,1094
2026-03-26T13:00:00+00:00,5621.1,5625.610000000001,5612.59,5622.09,1141
2026-03-26T13:30:00+00:00,5622.09,5647.610000000001,5618.59,5645.1,3207
2026-03-26T14:00:00+00:00,5645.1,5657.610000000001,5636.610000000001,5648.1,2734
2026-03-26T14:30:00+00:00,5648.1,5665.610000000001,5624.6,5638.6,3358
2026-03-26T15:00:00+00:00,5638.6,5644.6,5629.09,5634.1,3115
2026-03-26T15:30:00+00:00,5634.1,5641.610000000001,5621.59,5634.59,2010
2026-03-26T16:00:00+00:00,5634.59,5641.610000000001,5607.110000000001,5612.110000000001,1465
2026-03-26T16:30:00+00:00,5612.110000000001,5620.59,5606.59,5610.110000000001,1244
2026-03-26T17:00:00+00:00,5610.110000000001,5620.610000000001,5604.610000000001,5610.610000000001,1151
2026-03-26T17:30:00+00:00,5610.610000000001,5616.610000000001,5595.6,5600.59,955
2026-03-26T18:00:00+00:00,5600.59,5607.610000000001,5600.59,5602.610000000001,856
2026-03-26T18:30:00+00:00,5602.610000000001,5611.6,5602.610000000001,5608.610000000001,355
2026-03-26T19:00:00+00:00,5608.610000000001,5609.6,5589.59,5594.09,410
2026-03-26T19:30:00+00:00,5594.09,5594.6,5579.1,5581.110000000001,388.46020066889633
2026-03-26T20:00:00+00:00,5581.110000000001,5692.1,5580.59,5616.59,962
2026-03-26T20:30:00+00:00,5616.59,5626.610000000001,5606.610000000001,5609.150000000001,494
2026-03-27T07:00:00+00:00,5609.150000000001,5632.160000000001,5608.150000000001,5615.68,345.8048780487805
2026-03-27T07:30:00+00:00,5615.68,5628.18,5614.160000000001,5624.170000000001,439
2026-03-27T08:00:00+00:00,5624.170000000001,5629.68,5582.160000000001,5585.160000000001,2466
2026-03-27T08:30:00+00:00,5585.160000000001,5594.18,5571.68,5572.160000000001,2194
2026-03-27T09:00:00+00:00,5572.160000000001,5581.170000000001,5553.160000000001,5574.670000000001,2489
2026-03-27T09:30:00+00:00,5574.670000000001,5580.170000000001,5551.18,5553.660000000001,1778
2026-03-27T10:00:00+00:00,5553.660000000001,5573.160000000001,5548.660000000001,5568.160000000001,1771
2026-03-27T10:30:00+00:00,5568.160000000001,5572.170000000001,5539.160000000001,5541.160000000001,1703
2026-03-27T11:00:00+00:00,5541.160000000001,5549.18,5528.160000000001,5549.160000000001,1948
2026-03-27T11:30:00+00:00,5549.160000000001,5562.18,5548.660000000001,5553.670000000001,1271
2026-03-27T12:00:00+00:00,5553.670000000001,5556.68,5542.160000000001,5552.160000000001,1816
2026-03-27T12:30:00+00:00,5552.160000000001,5564.670000000001,5550.160000000001,5556.170000000001,1422
2026-03-27T13:00:00+00:00,5556.170000000001,5560.68,5539.170000000001,5558.160000000001,1897
2026-03-27T13:30:00+00:00,5558.160000000001,5573.170000000001,5544.160000000001,5548.68,3650
2026-03-27T14:00:00+00:00,5548.68,5567.68,5546.160000000001,5551.68,3615
2026-03-27T14:30:00+00:00,5551.68,5562.18,5544.170000000001,5552.170000000001,2601
2026-03-27T15:00:00+00:00,5552.170000000001,5576.18,5542.170000000001,5569.68,2405
2026-03-27T15:30:00+00:00,5569.68,5587.660000000001,5560.170000000001,5561.68,2409
2026-03-27T16:00:00+00:00,5561.68,5564.170000000001,5549.170000000001,5559.660000000001,1603
2026-03-27T16:30:00+00:00,5559.660000000001,5565.18,5550.160000000001,5556.68,1269
2026-03-27T17:00:00+00:00,5556.68,5567.18,5539.660000000001,5542.670000000001,1105
2026-03-27T17:30:00+00:00,5542.670000000001,5545.18,5536.68,5537.670000000001,607
2026-03-27T18:00:00+00:00,5537.670000000001,5539.170000000001,5525.660000000001,5531.660000000001,914
2026-03-27T18:30:00+00:00,5531.660000000001,5538.670000000001,5528.160000000001,5532.170000000001,790
2026-03-27T19:00:00+00:00,5532.170000000001,5534.18,5522.170000000001,5524.170000000001,676
2026-03-27T19:30:00+00:00,5524.170000000001,5528.18,5508.18,5523.18,1097
2026-03-27T20:00:00+00:00,5523.18,5529.170000000001,5509.170000000001,5512.660000000001,738
2026-03-27T20:30:00+00:00,5512.660000000001,5517.68,5505.160000000001,5506.160000000001,263.6195546950629
2026-03-30T06:00:00+00:00,5506.160000000001,5545.2300000000005,5502.660000000001,5541.210000000001,717.9067226890757
2026-03-30T06:30:00+00:00,5541.210000000001,5559.2300000000005,5540.22,5547.710000000001,828
2026-03-30T07:00:00+00:00,5547.710000000001,5563.7300000000005,5541.2300000000005,5552.7300000000005,1844
2026-03-30T07:30:00+00:00,5552.7300000000005,5567.2300000000005,5548.2300000000005,5566.710000000001,1568
2026-03-30T08:00:00+00:00,5566.710000000001,5579.2300000000005,5557.210000000001,5577.710000000001,1634
2026-03-30T08:30:00+00:00,5577.710000000001,5589.2300000000005,5576.210000000001,5588.2300000000005,952
2026-03-30T09:00:00+00:00,5588.2300000000005,5590.2300000000005,5566.210000000001,5567.2300000000005,1478
2026-03-30T09:30:00+00:00,5567.2300000000005,5570.2300000000005,5552.210000000001,5556.710000000001,1296
2026-03-30T10:00:00+00:00,5556.710000000001,5570.2300000000005,5551.210000000001,5565.710000000001,843
2026-03-30T10:30:00+00:00,5565.710000000001,5571.210000000001,5556.7300000000005,5571.210000000001,905
2026-03-30T11:00:00+00:00,5571.210000000001,5624.210000000001,5570.72,5594.2300000000005,2701
2026-03-30T11:30:00+00:00,5594.2300000000005,5596.22,5574.210000000001,5577.72,2673
2026-03-30T12:00:00+00:00,5577.72,5587.210000000001,5570.210000000001,5587.210000000001,1068
2026-03-30T12:30:00+00:00,5587.210000000001,5595.2300000000005,5585.210000000001,5592.2300000000005,649
2026-03-30T13:00:00+00:00,5592.2300000000005,5597.710000000001,5582.210000000001,5594.710000000001,1066
2026-03-30T13:30:00+00:00,5594.710000000001,5599.22,5558.22,5562.7300000000005,4022
2026-03-30T14:00:00+00:00,5562.7300000000005,5582.2300000000005,5562.72,5571.2300000000005,4168
2026-03-30T14:30:00+00:00,5571.2300000000005,5591.22,5561.22,5591.22,4153.6042483902
2026-03-30T15:00:00+00:00,5591.22,5604.21,5579.200000000001,5586.22,1685
2026-03-30T15:30:00+00:00,5586.22,5619.22,5584.200000000001,5608.22,1317
2026-03-30T16:00:00+00:00,5608.22,5610.22,5588.200000000001,5589.21,1310
2026-03-30T16:30:00+00:00,5589.21,5596.22,5588.200000000001,5592.71,1251
2026-03-30T17:00:00+00:00,5592.71,5598.21,5573.21,5574.21,1276
2026-03-30T17:30:00+00:00,5574.21,5585.72,5569.200000000001,5577.71,1635
2026-03-30T18:00:00+00:00,5577.71,5580.22,5569.700000000001,5570.22,1331
2026-03-30T18:30:00+00:00,5570.22,5576.22,5558.200000000001,5559.700000000001,655
2026-03-30T19:00:00+00:00,5559.700000000001,5560.71,5540.21,5551.200000000001,852
2026-03-30T19:30:00+00:00,5551.200000000001,5569.21,5551.200000000001,5567.77,963
2026-03-31T06:00:00+00:00,5567.77,5614.75,5564.77,5606.25,734.0746268656717
2026-03-31T06:30:00+00:00,5606.25,5608.75,5591.740000000001,5595.75,1090
2026-03-31T07:00:00+00:00,5595.75,5601.76,5573.240000000001,5588.740000000001,2852
2026-03-31T07:30:00+00:00,5588.740000000001,5638.25,5588.740000000001,5638.240000000001,1781
2026-03-31T08:00:00+00:00,5638.240000000001,5644.76,5621.75,5625.240000000001,2198
2026-03-31T08:30:00+00:00,5625.240000000001,5628.76,5611.75,5618.240000000001,1881
2026-03-31T09:00:00+00:00,5618.240000000001,5631.76,5616.81,5622.740000000001,1860
2026-03-31T09:30:00+00:00,5622.740000000001,5637.740000000001,5617.75,5631.76,1643
2026-03-31T10:00:00+00:00,5631.76,5641.75,5623.740000000001,5628.26,1140
2026-03-31T10:30:00+00:00,5628.26,5629.26,5600.740000000001,5621.26,1428
2026-03-31T11:00:00+00:00,5621.26,5661.75,5614.75,5632.75,4833
2026-03-31T11:30:00+00:00,5632.75,5640.76,5625.740000000001,5636.740000000001,2674
2026-03-31T12:00:00+00:00,5636.740000000001,5651.75,5619.740000000001,5647.75,3475
2026-03-31T12:30:00+00:00,5647.75,5650.76,5633.740000000001,5635.25,1698
2026-03-31T13:00:00+00:00,5635.25,5644.76,5626.75,5639.76,1510
2026-03-31T13:30:00+00:00,5639.76,5658.76,5622.740000000001,5654.25,3167
2026-03-31T14:00:00+00:00,5654.25,5654.26,5637.240000000001,5650.76,2363
2026-03-31T14:30:00+00:00,5650.76,5656.76,5619.740000000001,5624.75,2176
2026-03-31T15:00:00+00:00,5624.75,5645.76,5609.75,5610.240000000001,1901
2026-03-31T15:30:00+00:00,5610.240000000001,5628.76,5600.76,5614.75,2218
2026-03-31T16:00:00+00:00,5614.75,5626.76,5611.75,5620.75,1179
2026-03-31T16:30:00+00:00,5620.75,5724.76,5615.26,5672.26,9866
2026-03-31T17:00:00+00:00,5672.26,5693.76,5665.75,5677.740000000001,4931
2026-03-31T17:30:00+00:00,5677.740000000001,5691.75,5670.740000000001,5675.26,2883
2026-03-31T18:00:00+00:00,5675.26,5687.76,5674.240000000001,5683.740000000001,2262
2026-03-31T18:30:00+00:00,5683.740000000001,5692.76,5678.740000000001,5690.26,1318
2026-03-31T19:00:00+00:00,5690.26,5705.76,5686.740000000001,5701.740000000001,829
2026-03-31T19:30:00+00:00,5701.740000000001,5713.740000000001,5701.740000000001,5708.81,1044
2026-04-01T06:00:00+00:00,5708.81,5763.84,5704.81,5762.33,692.5811567164179
2026-04-01T06:30:00+00:00,5762.33,5775.820000000001,5759.83,5768.820000000001,1140
2026-04-01T07:00:00+00:00,5768.820000000001,5779.84,5760.820000000001,5767.84,2216
2026-04-01T07:30:00+00:00,5767.84,5782.84,5741.33,5745.820000000001,1619
2026-04-01T08:00:00+00:00,5745.820000000001,5765.84,5736.33,5756.820000000001,2102
2026-04-01T08:30:00+00:00,5756.820000000001,5765.84,5740.34,5751.34,2066
2026-04-01T09:00:00+00:00,5751.34,5757.84,5712.84,5722.34,1481
2026-04-01T09:30:00+00:00,5722.34,5747.84,5721.84,5735.84,1351
2026-04-01T10:00:00+00:00,5735.84,5741.820000000001,5723.83,5738.320000000001,1224
2026-04-01T10:30:00+00:00,5738.320000000001,5760.84,5732.820000000001,5759.320000000001,1049
2026-04-01T11:00:00+00:00,5759.320000000001,5772.34,5757.820000000001,5767.34,772
2026-04-01T11:30:00+00:00,5767.34,5783.820000000001,5766.83,5777.84,925
2026-04-01T12:00:00+00:00,5777.84,5779.84,5762.820000000001,5767.84,1020
2026-04-01T12:30:00+00:00,5767.84,5800.34,5749.820000000001,5753.34,3840
2026-04-01T13:00:00+00:00,5753.34,5764.84,5746.820000000001,5761.83,2166
2026-04-01T13:30:00+00:00,5761.83,5778.34,5746.33,5758.870000000001,4138
2026-04-01T14:00:00+00:00,5758.870000000001,5777.83,5752.820000000001,5771.33,3606
2026-04-01T14:30:00+00:00,5771.33,5786.84,5763.83,5780.83,2738
2026-04-01T15:00:00+00:00,5780.83,5790.84,5776.820000000001,5777.33,1267
2026-04-01T15:30:00+00:00,5777.33,5808.83,5771.34,5805.320000000001,927
2026-04-01T16:00:00+00:00,5805.320000000001,5806.84,5790.820000000001,5792.820000000001,1007
2026-04-01T16:30:00+00:00,5792.820000000001,5799.84,5790.33,5799.820000000001,388
2026-04-01T17:00:00+00:00,5799.820000000001,5805.33,5798.820000000001,5802.33,289
2026-04-01T17:30:00+00:00,5802.33,5802.83,5788.820000000001,5789.83,440
2026-04-01T18:00:00+00:00,5789.83,5790.84,5759.820000000001,5760.820000000001,1426
2026-04-01T18:30:00+00:00,5760.820000000001,5768.34,5752.34,5760.820000000001,1789
2026-04-01T19:00:00+00:00,5760.820000000001,5783.84,5759.34,5782.84,972
2026-04-01T19:30:00+00:00,5782.84,5792.34,5775.84,5785.89,1045
2026-04-02T06:00:00+00:00,5785.89,5793.89,5658.64,5667.64,722.8831341301461
2026-04-02T06:30:00+00:00,5667.64,5679.660000000001,5666.14,5679.150000000001,609
2026-04-02T07:00:00+00:00,5679.150000000001,5695.660000000001,5678.650000000001,5693.160000000001,1632
2026-04-02T07:30:00+00:00,5693.160000000001,5705.650000000001,5684.650000000001,5704.650000000001,773
2026-04-02T08:00:00+00:00,5704.650000000001,5706.660000000001,5689.650000000001,5697.64,982
2026-04-02T08:30:00+00:00,5697.64,5707.660000000001,5696.64,5701.660000000001,1031
2026-04-02T09:00:00+00:00,5701.660000000001,5706.660000000001,5686.64,5698.660000000001,959
2026-04-02T09:30:00+00:00,5698.660000000001,5698.660000000001,5685.64,5693.650000000001,808
2026-04-02T10:00:00+00:00,5693.650000000001,5694.660000000001,5671.64,5675.650000000001,775
2026-04-02T10:30:00+00:00,5675.650000000001,5680.660000000001,5670.14,5678.150000000001,924
2026-04-02T11:00:00+00:00,5678.150000000001,5684.160000000001,5664.14,5664.150000000001,1088
2026-04-02T11:30:00+00:00,5664.150000000001,5669.660000000001,5656.64,5657.14,724
2026-04-02T12:00:00+00:00,5657.14,5665.660000000001,5646.64,5661.660000000001,972
2026-04-02T12:30:00+00:00,5661.660000000001,5669.660000000001,5659.64,5664.650000000001,839
2026-04-02T13:00:00+00:00,5664.650000000001,5671.14,5657.660000000001,5665.150000000001,1063
2026-04-02T13:30:00+00:00,5665.150000000001,5696.660000000001,5659.14,5695.650000000001,3022
2026-04-02T14:00:00+00:00,5695.650000000001,5707.660000000001,5686.64,5703.160000000001,2294
2026-04-02T14:30:00+00:00,5703.160000000001,5775.650000000001,5701.660000000001,5750.660000000001,8416.344552196235
2026-04-02T15:00:00+00:00,5750.660000000001,5752.680000000001,5729.680000000001,5739.660000000001,3347
2026-04-02T15:30:00+00:00,5739.660000000001,5759.680000000001,5737.170000000001,5746.670000000001,2171
2026-04-02T16:00:00+00:00,5746.670000000001,5752.680000000001,5733.660000000001,5741.660000000001,2715
2026-04-02T16:30:00+00:00,5741.660000000001,5756.680000000001,5736.660000000001,5746.660000000001,2128
2026-04-02T17:00:00+00:00,5746.660000000001,5763.670000000001,5744.660000000001,5760.670000000001,1442
2026-04-02T17:30:00+00:00,5760.670000000001,5762.680000000001,5744.660000000001,5751.160000000001,1325
2026-04-02T18:00:00+00:00,5751.160000000001,5757.170000000001,5750.660000000001,5753.180000000001,1084
2026-04-02T18:30:00+00:00,5753.180000000001,5758.670000000001,5751.660000000001,5753.660000000001,702
2026-04-02T19:00:00+00:00,5753.660000000001,5761.670000000001,5752.160000000001,5753.660000000001,465
2026-04-02T19:30:00+00:00,5753.660000000001,5762.2300000000005,5748.660000000001,5761.720000000001,303
2026-04-07T06:00:00+00:00,5761.720000000001,5762.720000000001,5736.330000000001,5744.840000000001,590.336192109777
2026-04-07T06:30:00+00:00,5744.840000000001,5755.340000000001,5735.340000000001,5754.330000000001,770
2026-04-07T07:00:00+00:00,5754.330000000001,5757.340000000001,5737.35,5741.340000000001,2372
2026-04-07T07:30:00+00:00,5741.340000000001,5753.85,5735.330000000001,5753.35,1360
2026-04-07T08:00:00+00:00,5753.35,5798.35,5753.330000000001,5797.330000000001,4629
2026-04-07T08:30:00+00:00,5797.330000000001,5808.330000000001,5790.340000000001,5796.840000000001,2582
2026-04-07T09:00:00+00:00,5796.840000000001,5812.35,5794.330000000001,5808.840000000001,1733
2026-04-07T09:30:00+00:00,5808.840000000001,5814.85,5799.330000000001,5806.85,1411
2026-04-07T10:00:00+00:00,5806.85,5811.35,5764.330000000001,5779.340000000001,4373
2026-04-07T10:30:00+00:00,5779.340000000001,5781.340000000001,5734.830000000001,5740.840000000001,3775
2026-04-07T11:00:00+00:00,5740.840000000001,5754.35,5736.330000000001,5741.35,2740
2026-04-07T11:30:00+00:00,5741.35,5747.340000000001,5728.340000000001,5734.35,2197
2026-04-07T12:00:00+00:00,5734.35,5747.330000000001,5715.330000000001,5746.85,3853
2026-04-07T12:30:00+00:00,5746.85,5755.340000000001,5722.330000000001,5728.330000000001,2060
2026-04-07T13:00:00+00:00,5728.330000000001,5739.35,5723.340000000001,5727.840000000001,1994
2026-04-07T13:30:00+00:00,5727.840000000001,5734.35,5698.85,5699.330000000001,4345
2026-04-07T14:00:00+00:00,5699.330000000001,5712.840000000001,5678.330000000001,5709.330000000001,2935
2026-04-07T14:30:00+00:00,5709.330000000001,5722.330000000001,5682.330000000001,5683.35,3371
2026-04-07T15:00:00+00:00,5683.35,5694.340000000001,5670.330000000001,5694.340000000001,3308
2026-04-07T15:30:00+00:00,5694.340000000001,5701.340000000001,5683.35,5697.830000000001,1816
2026-04-07T16:00:00+00:00,5697.830000000001,5725.35,5697.830000000001,5718.340000000001,3694
2026-04-07T16:30:00+00:00,5718.340000000001,5731.35,5714.340000000001,5724.340000000001,1752
2026-04-07T17:00:00+00:00,5724.340000000001,5732.35,5714.340000000001,5716.330000000001,1489
2026-04-07T17:30:00+00:00,5716.330000000001,5741.35,5716.330000000001,5728.35,1449
2026-04-07T18:00:00+00:00,5728.35,5733.35,5722.330000000001,5732.35,1325
2026-04-07T18:30:00+00:00,5732.35,5732.35,5716.330000000001,5719.330000000001,1136
2026-04-07T19:00:00+00:00,5719.330000000001,5761.35,5712.330000000001,5742.340000000001,4041
2026-04-07T19:30:00+00:00,5742.340000000001,5815.35,5734.330000000001,5767.390000000001,4492
2026-04-08T06:00:00+00:00,5767.390000000001,6004.31,5764.890000000001,5983.300000000001,1720.736285525446
2026-04-08T06:30:00+00:00,5983.300000000001,5998.290000000001,5974.290000000001,5975.790000000001,1558
2026-04-08T07:00:00+00:00,5975.790000000001,5991.31,5958.290000000001,5980.290000000001,4008
2026-04-08T07:30:00+00:00,5980.290000000001,5980.290000000001,5943.290000000001,5945.290000000001,3170
2026-04-08T08:00:00+00:00,5945.290000000001,5956.81,5934.290000000001,5945.31,2690
2026-04-08T08:30:00+00:00,5945.31,5961.31,5935.290000000001,5955.300000000001,2617
2026-04-08T09:00:00+00:00,5955.300000000001,5968.300000000001,5945.290000000001,5960.300000000001,1445
2026-04-08T09:30:00+00:00,5960.300000000001,5968.31,5936.290000000001,5959.290000000001,2107
2026-04-08T10:00:00+00:00,5959.290000000001,5980.31,5955.290000000001,5979.31,1709
2026-04-08T10:30:00+00:00,5979.31,5989.300000000001,5977.290000000001,5982.31,897
2026-04-08T11:00:00+00:00,5982.31,6003.31,5977.290000000001,5994.300000000001,1527
2026-04-08T11:30:00+00:00,5994.300000000001,6005.31,5986.290000000001,5998.290000000001,1715
2026-04-08T12:00:00+00:00,5998.290000000001,6007.800000000001,5975.790000000001,5994.290000000001,3798
2026-04-08T12:30:00+00:00,5994.290000000001,6011.31,5993.31,6005.31,1362
2026-04-08T13:00:00+00:00,6005.31,6011.31,6001.31,6004.31,1014
2026-04-08T13:30:00+00:00,6004.31,6008.300000000001,5983.290000000001,5994.800000000001,3668
2026-04-08T14:00:00+00:00,5994.800000000001,6004.300000000001,5980.81,5982.800000000001,3755
2026-04-08T14:30:00+00:00,5982.800000000001,5985.300000000001,5951.290000000001,5965.31,3267
2026-04-08T15:00:00+00:00,5965.31,5971.81,5951.300000000001,5965.81,2122
2026-04-08T15:30:00+00:00,5965.81,5994.31,5962.300000000001,5991.81,1321
2026-04-08T16:00:00+00:00,5991.81,5998.31,5981.290000000001,5984.300000000001,891
2026-04-08T16:30:00+00:00,5984.300000000001,5991.31,5981.300000000001,5989.31,456.6826844762991
2026-04-08T17:00:00+00:00,5989.31,5991.82,5974.3,5977.31,754
2026-04-08T17:30:00+00:00,5977.31,5987.8,5977.31,5986.8,998
2026-04-08T18:00:00+00:00,5986.8,5992.82,5964.82,5976.8,1744
2026-04-08T18:30:00+00:00,5976.8,5980.82,5956.8,5958.3,1121
2026-04-08T19:00:00+00:00,5958.3,5967.81,5956.81,5961.31,859
2026-04-08T19:30:00+00:00,5961.31,5998.82,5961.3,5994.37,1084
2026-04-09T06:00:00+00:00,5994.37,5996.87,5958.18,5963.2,629.2117263843649
2026-04-09T06:30:00+00:00,5963.2,5965.2,5951.18,5964.1900000000005,808
2026-04-09T07:00:00+00:00,5964.1900000000005,5973.2,5944.18,5947.68,1692
2026-04-09T07:30:00+00:00,5947.68,5950.6900000000005,5929.18,5941.18,1228
2026-04-09T08:00:00+00:00,5941.18,5943.18,5930.18,5931.6900000000005,1443
2026-04-09T08:30:00+00:00,5931.6900000000005,5942.2,5928.18,5928.68,1220
2026-04-09T09:00:00+00:00,5928.68,5941.7,5924.1900000000005,5936.18,911
2026-04-09T09:30:00+00:00,5936.18,5938.2,5928.1900000000005,5936.2,622
2026-04-09T10:00:00+00:00,5936.2,5940.2,5928.18,5934.18,772
2026-04-09T10:30:00+00:00,5934.18,5938.2,5926.1900000000005,5926.1900000000005,985
2026-04-09T11:00:00+00:00,5926.1900000000005,5933.2,5921.1900000000005,5928.6900000000005,1071
2026-04-09T11:30:00+00:00,5928.6900000000005,5944.2,5927.68,5942.18,984
2026-04-09T12:00:00+00:00,5942.18,5946.7,5938.18,5946.1900000000005,816
2026-04-09T12:30:00+00:00,5946.1900000000005,5951.1900000000005,5932.18,5935.6900000000005,1370
2026-04-09T13:00:00+00:00,5935.6900000000005,5941.6900000000005,5928.1900000000005,5937.68,985
2026-04-09T13:30:00+00:00,5937.68,5944.2,5930.1900000000005,5937.7,1769
2026-04-09T14:00:00+00:00,5937.7,5942.7,5922.18,5926.1900000000005,1489
2026-04-09T14:30:00+00:00,5926.1900000000005,5938.2,5925.1900000000005,5936.18,998
2026-04-09T15:00:00+00:00,5936.18,5954.2,5927.2,5951.2,1314
2026-04-09T15:30:00+00:00,5951.2,5992.2,5947.18,5989.1900000000005,3053
2026-04-09T16:00:00+00:00,5989.1900000000005,6003.1900000000005,5988.18,5990.18,1220
2026-04-09T16:30:00+00:00,5990.18,5991.68,5978.1900000000005,5986.18,1007
2026-04-09T17:00:00+00:00,5986.18,5997.18,5982.1900000000005,5991.1900000000005,912
2026-04-09T17:30:00+00:00,5991.1900000000005,6000.2,5985.1900000000005,5993.1900000000005,948
2026-04-09T18:00:00+00:00,5993.1900000000005,5994.2,5975.18,5976.7,1657
2026-04-09T18:30:00+00:00,5976.7,5981.2,5970.18,5979.1900000000005,1105
2026-04-09T19:00:00+00:00,5979.1900000000005,5989.2,5977.1900000000005,5987.18,754
2026-04-09T19:30:00+00:00,5987.18,5991.18,5977.18,5982.24,675
2026-04-10T06:00:00+00:00,5982.24,5989.36,5974.36,5978.86,411.35731707317075
2026-04-10T06:30:00+00:00,5978.86,5981.37,5971.36,5977.87,511
2026-04-10T07:00:00+00:00,5977.87,5985.36,5973.36,5982.86,1073
2026-04-10T07:30:00+00:00,5982.86,5991.36,5979.36,5987.36,690
2026-04-10T08:00:00+00:00,5987.36,5991.38,5977.86,5987.36,834
2026-04-10T08:30:00+00:00,5987.36,5990.37,5969.37,5972.36,608
2026-04-10T09:00:00+00:00,5972.36,6016.38,5972.36,5996.37,2104
2026-04-10T09:30:00+00:00,5996.37,6016.38,5989.36,6014.88,1223
2026-04-10T10:00:00+00:00,6014.88,6027.37,6001.36,6025.86,853
2026-04-10T10:30:00+00:00,6025.86,6029.88,6019.36,6024.36,648
2026-04-10T11:00:00+00:00,6024.36,6033.36,6021.37,6025.86,579
2026-04-10T11:30:00+00:00,6025.86,6028.38,6016.37,6019.87,555
2026-04-10T12:00:00+00:00,6019.87,6029.36,6017.36,6027.41,545
2026-04-10T12:30:00+00:00,6027.41,6040.38,6021.37,6022.38,1107
2026-04-10T13:00:00+00:00,6022.38,6029.87,6019.36,6023.88,803
2026-04-10T13:30:00+00:00,6023.88,6027.38,6007.36,6020.87,1954
2026-04-10T14:00:00+00:00,6020.87,6028.38,6014.87,6028.37,1106
2026-04-10T14:30:00+00:00,6028.37,6030.38,6007.36,6008.38,1049.143925544291
2026-04-10T15:00:00+00:00,6008.38,6018.88,6003.38,6005.37,780
2026-04-10T15:30:00+00:00,6005.37,6007.88,5978.88,5980.37,1437
2026-04-10T16:00:00+00:00,5980.37,5988.87,5974.88,5983.36,685
2026-04-10T16:30:00+00:00,5983.36,5987.87,5974.86,5985.37,848
2026-04-10T17:00:00+00:00,5985.37,5985.38,5970.36,5971.87,681
2026-04-10T17:30:00+00:00,5971.87,5983.88,5969.86,5983.36,415
2026-04-10T18:00:00+00:00,5983.36,5987.88,5977.86,5985.88,610
2026-04-10T18:30:00+00:00,5985.88,5988.88,5983.86,5987.87,505
2026-04-10T19:00:00+00:00,5987.87,5992.87,5987.86,5989.87,231.6390605686032
2026-04-10T19:30:00+00:00,5989.87,5996.87,5986.86,5994.42,551
2026-04-13T06:00:00+00:00,5994.42,6002.92,5931.52,5941.53,516.86638452237
2026-04-13T06:30:00+00:00,5941.53,5944.04,5931.54,5943.03,614
2026-04-13T07:00:00+00:00,5943.03,5953.54,5942.54,5952.52,1333
2026-04-13T07:30:00+00:00,5952.52,5954.54,5945.52,5950.54,726
2026-04-13T08:00:00+00:00,5950.54,5957.54,5944.52,5950.53,922
2026-04-13T08:30:00+00:00,5950.53,5954.53,5941.52,5947.03,635
2026-04-13T09:00:00+00:00,5947.03,5957.54,5947.03,5954.52,794
2026-04-13T09:30:00+00:00,5954.52,5957.52,5944.52,5947.04,253
2026-04-13T10:00:00+00:00,5947.04,5953.53,5945.52,5949.02,291.75054229934926
2026-04-13T10:30:00+00:00,5949.02,5952.52,5946.52,5952.52,358.94243577545194
2026-04-13T11:00:00+00:00,5952.52,5960.53,5942.52,5944.04,671
2026-04-13T11:30:00+00:00,5944.04,5948.54,5928.52,5931.03,868
2026-04-13T12:00:00+00:00,5931.03,5942.54,5926.53,5939.54,717
2026-04-13T12:30:00+00:00,5939.54,5947.54,5935.52,5947.02,678
2026-04-13T13:00:00+00:00,5947.02,5958.53,5944.53,5956.02,383
2026-04-13T13:30:00+00:00,5956.02,5985.54,5953.52,5981.54,1993
2026-04-13T14:00:00+00:00,5981.54,5983.54,5970.52,5980.02,2203
2026-04-13T14:30:00+00:00,5980.02,5989.54,5978.04,5987.02,1095
2026-04-13T15:00:00+00:00,5987.02,5991.53,5976.53,5986.04,924
2026-04-13T15:30:00+00:00,5986.04,5993.53,5975.02,5980.54,702
2026-04-13T16:00:00+00:00,5980.54,6002.54,5975.02,5999.03,1412
2026-04-13T16:30:00+00:00,5999.03,6019.54,5995.52,6011.02,2524
2026-04-13T17:00:00+00:00,6011.02,6018.03,6009.52,6015.04,525
2026-04-13T17:30:00+00:00,6015.04,6016.54,6009.53,6010.53,355
2026-04-13T18:00:00+00:00,6010.53,6017.53,6010.53,6012.02,278.10021387106633
2026-04-13T18:30:00+00:00,6012.02,6020.04,6011.52,6017.03,306.0547112462006
2026-04-13T19:00:00+00:00,6017.03,6019.54,6012.54,6017.54,107.30130529608742
2026-04-13T19:30:00+00:00,6017.54,6025.59,6010.02,6025.08,365
2026-04-14T06:00:00+00:00,6025.08,6026.58,6012.29,6017.29,457.5324347093513
2026-04-14T06:30:00+00:00,6017.29,6028.31,6016.29,6025.3,555
2026-04-14T07:00:00+00:00,6025.3,6040.3,6017.29,6037.3,2234
2026-04-14T07:30:00+00:00,6037.3,6047.31,6034.8,6044.31,1002
2026-04-14T08:00:00+00:00,6044.31,6050.31,6036.29,6049.31,968
2026-04-14T08:30:00+00:00,6049.31,6057.31,6043.31,6056.81,790
2026-04-14T09:00:00+00:00,6056.81,6061.31,6048.29,6048.31,637
2026-04-14T09:30:00+00:00,6048.31,6048.81,6038.29,6043.79,611
2026-04-14T10:00:00+00:00,6043.79,6047.3,6039.29,6042.8,598
2026-04-14T10:30:00+00:00,6042.8,6043.31,6033.31,6035.8,559
2026-04-14T11:00:00+00:00,6035.8,6046.31,6032.31,6045.8,369
2026-04-14T11:30:00+00:00,6045.8,6060.31,6040.29,6050.31,881
2026-04-14T12:00:00+00:00,6050.31,6060.31,6048.29,6060.3,680
2026-04-14T12:30:00+00:00,6060.3,6074.29,6049.29,6053.81,1133
2026-04-14T13:00:00+00:00,6053.81,6061.31,6051.29,6056.79,692
2026-04-14T13:30:00+00:00,6056.79,6060.31,6046.3,6056.29,1707
2026-04-14T14:00:00+00:00,6056.29,6067.31,6054.29,6061.81,1187
2026-04-14T14:30:00+00:00,6061.81,6068.31,6058.29,6066.8,854
2026-04-14T15:00:00+00:00,6066.8,6069.31,6055.8,6064.29,860
2026-04-14T15:30:00+00:00,6064.29,6073.79,6062.29,6068.3,517
2026-04-14T16:00:00+00:00,6068.3,6073.8,6066.29,6069.81,261
2026-04-14T16:30:00+00:00,6069.81,6070.31,6057.81,6059.3,262.076
2026-04-14T17:00:00+00:00,6059.3,6067.81,6059.3,6065.31,207.86034019695614
2026-04-14T17:30:00+00:00,6065.31,6067.31,6063.29,6063.8,196
2026-04-14T18:00:00+00:00,6063.8,6070.31,6059.8,6063.3,604
2026-04-14T18:30:00+00:00,6063.3,6067.29,6062.29,6066.31,308
2026-04-14T19:00:00+00:00,6066.31,6073.31,6066.29,6073.31,239.30251419302513
2026-04-14T19:30:00+00:00,6073.31,6073.81,6063.29,6069.35,423.72629843363563
2026-04-15T06:00:00+00:00,6069.35,6071.35,6049.6,6058.62,260.2874043145442
2026-04-15T06:30:00+00:00,6058.62,6061.62,6056.61,6061.61,345
2026-04-15T07:00:00+00:00,6061.61,6064.62,6049.6,6052.61,1058
2026-04-15T07:30:00+00:00,6052.61,6057.6,6046.61,6053.12,709
2026-04-15T08:00:00+00:00,6053.12,6062.12,6047.11,6061.11,499
2026-04-15T08:30:00+00:00,6061.11,6066.62,6057.6,6062.62,418
2026-04-15T09:00:00+00:00,6062.62,6064.62,6047.11,6050.11,945
2026-04-15T09:30:00+00:00,6050.11,6053.62,6045.6,6045.62,575
2026-04-15T10:00:00+00:00,6045.62,6053.6,6032.6,6035.62,1118
2026-04-15T10:30:00+00:00,6035.62,6050.62,6032.6,6045.61,918
2026-04-15T11:00:00+00:00,6045.61,6049.62,6041.6,6042.61,438
2026-04-15T11:30:00+00:00,6042.61,6067.11,6040.6,6043.6,1240
2026-04-15T12:00:00+00:00,6043.6,6043.62,6024.62,6028.61,874
2026-04-15T12:30:00+00:00,6028.61,6040.62,6026.6,6039.12,504
2026-04-15T13:00:00+00:00,6039.12,6045.61,6034.6,6041.62,476
2026-04-15T13:30:00+00:00,6041.62,6042.61,6020.61,6030.11,1504
2026-04-15T14:00:00+00:00,6030.11,6038.62,6025.6,6037.11,808
2026-04-15T14:30:00+00:00,6037.11,6037.62,6023.6,6027.09,551.3877551020408
2026-04-15T15:00:00+00:00,6027.09,6036.080000000001,6024.580000000001,6030.59,560
2026-04-15T15:30:00+00:00,6030.59,6033.080000000001,6019.080000000001,6020.59,359
2026-04-15T16:00:00+00:00,6020.59,6026.1,6018.080000000001,6023.1,241
2026-04-15T16:30:00+00:00,6023.1,6023.1,6003.09,6007.09,685
2026-04-15T17:00:00+00:00,6007.09,6012.6,6007.080000000001,6010.1,263
2026-04-15T17:30:00+00:00,6010.1,6013.1,6005.080000000001,6005.1,145
2026-04-15T18:00:00+00:00,6005.1,6016.080000000001,6003.080000000001,6013.080000000001,565
2026-04-15T18:30:00+00:00,6013.080000000001,6020.080000000001,6013.080000000001,6019.1,235
2026-04-15T19:00:00+00:00,6019.1,6026.59,6016.1,6026.59,192.0061099796334
2026-04-15T19:30:00+00:00,6026.59,6031.6,6023.580000000001,6029.630000000001,278
2026-04-16T06:00:00+00:00,6029.630000000001,6051.670000000001,6027.630000000001,6049.170000000001,322.6020408163265
2026-04-16T06:30:00+00:00,6049.170000000001,6051.68,6042.670000000001,6046.6900000000005,314
2026-04-16T07:00:00+00:00,6046.6900000000005,6049.6900000000005,6038.670000000001,6049.18,896
2026-04-16T07:30:00+00:00,6049.18,6051.6900000000005,6041.68,6046.18,552
2026-04-16T08:00:00+00:00,6046.18,6047.1900000000005,6032.170000000001,6035.670000000001,745
2026-04-16T08:30:00+00:00,6035.670000000001,6039.6900000000005,6033.68,6038.6900000000005,445
2026-04-16T09:00:00+00:00,6038.6900000000005,6048.6900000000005,6036.670000000001,6043.6900000000005,411
2026-04-16T09:30:00+00:00,6043.6900000000005,6045.6900000000005,6040.670000000001,6043.670000000001,327.578745811393
2026-04-16T10:00:00+00:00,6043.670000000001,6051.6900000000005,6043.670000000001,6046.170000000001,313
2026-04-16T10:30:00+00:00,6046.170000000001,6046.670000000001,6037.68,6044.18,434
2026-04-16T11:00:00+00:00,6044.18,6046.6900000000005,6042.170000000001,6044.170000000001,293
2026-04-16T11:30:00+00:00,6044.170000000001,6051.6900000000005,6044.170000000001,6051.18,379
2026-04-16T12:00:00+00:00,6051.18,6053.6900000000005,6045.670000000001,6048.670000000001,342
2026-04-16T12:30:00+00:00,6048.670000000001,6052.6900000000005,6045.670000000001,6050.6900000000005,315
2026-04-16T13:00:00+00:00,6050.6900000000005,6055.6900000000005,6049.670000000001,6051.6900000000005,399
2026-04-16T13:30:00+00:00,6051.6900000000005,6052.670000000001,6010.6900000000005,6024.170000000001,1655
2026-04-16T14:00:00+00:00,6024.170000000001,6030.6900000000005,6011.670000000001,6014.68,1924
2026-04-16T14:30:00+00:00,6014.68,6019.6900000000005,6010.6900000000005,6015.18,1508
2026-04-16T15:00:00+00:00,6015.18,6027.6900000000005,6014.670000000001,6014.68,716
2026-04-16T15:30:00+00:00,6014.68,6026.6900000000005,6009.670000000001,6010.68,955
2026-04-16T16:00:00+00:00,6010.68,6012.6900000000005,6002.6900000000005,6005.18,287
2026-04-16T16:30:00+00:00,6005.18,6005.68,5989.68,5992.68,867
2026-04-16T17:00:00+00:00,5992.68,5992.6900000000005,5982.670000000001,5989.68,542
2026-04-16T17:30:00+00:00,5989.68,5996.670000000001,5988.670000000001,5992.18,520
2026-04-16T18:00:00+00:00,5992.18,5998.670000000001,5988.670000000001,5991.170000000001,908
2026-04-16T18:30:00+00:00,5991.170000000001,5998.6900000000005,5990.670000000001,5997.670000000001,487
2026-04-16T19:00:00+00:00,5997.670000000001,6000.6900000000005,5995.170000000001,5998.18,221
2026-04-16T19:30:00+00:00,5998.18,6004.68,5995.670000000001,6000.72,309
2026-04-17T06:00:00+00:00,6000.72,6008.110000000001,5999.09,6000.110000000001,260.22982635342186
2026-04-17T06:30:00+00:00,6000.110000000001,6004.1,5997.09,6002.1,354
2026-04-17T07:00:00+00:00,6002.1,6024.110000000001,6000.110000000001,6021.1,720
2026-04-17T07:30:00+00:00,6021.1,6032.110000000001,6020.6,6030.6,406
2026-04-17T08:00:00+00:00,6030.6,6035.1,6028.09,6034.6,477
2026-04-17T08:30:00+00:00,6034.6,6044.110000000001,6030.09,6044.1,489
2026-04-17T09:00:00+00:00,6044.1,6046.110000000001,6037.09,6045.1,397
2026-04-17T09:30:00+00:00,6045.1,6059.1,6043.1,6052.1,335
2026-04-17T10:00:00+00:00,6052.1,6052.1,6044.09,6046.59,377
2026-04-17T10:30:00+00:00,6046.59,6047.110000000001,6040.09,6042.610000000001,340
2026-04-17T11:00:00+00:00,6042.610000000001,6046.1,6031.09,6031.6,320
2026-04-17T11:30:00+00:00,6031.6,6037.1,6031.59,6035.6,219
2026-04-17T12:00:00+00:00,6035.6,6056.110000000001,6034.09,6052.610000000001,712
2026-04-17T12:30:00+00:00,6052.610000000001,6128.110000000001,6049.09,6120.1,3781
2026-04-17T13:00:00+00:00,6120.1,6152.09,6115.110000000001,6127.1,3414
2026-04-17T13:30:00+00:00,6127.1,6137.110000000001,6109.09,6129.110000000001,3374
2026-04-17T14:00:00+00:00,6129.110000000001,6150.610000000001,6124.6,6139.610000000001,1316
2026-04-17T14:30:00+00:00,6139.610000000001,6159.09,6137.09,6150.08,1392.3210393302795
2026-04-17T15:00:00+00:00,6150.08,6153.09,6134.07,6139.09,1516
2026-04-17T15:30:00+00:00,6139.09,6151.08,6136.07,6137.07,1116
2026-04-17T16:00:00+00:00,6137.07,6140.09,6126.08,6134.59,494
2026-04-17T16:30:00+00:00,6134.59,6138.09,6133.07,6135.58,355
2026-04-17T17:00:00+00:00,6135.58,6138.09,6105.07,6111.09,1536
2026-04-17T17:30:00+00:00,6111.09,6124.08,6107.09,6122.07,831
2026-04-17T18:00:00+00:00,6122.07,6124.09,6112.07,6116.08,844
2026-04-17T18:30:00+00:00,6116.08,6121.09,6110.08,6115.59,444
2026-04-17T19:00:00+00:00,6115.59,6119.09,6112.07,6114.09,210.9405785770133
2026-04-17T19:30:00+00:00,6114.09,6127.08,6114.09,6124.64,210
2026-04-20T06:00:00+00:00,6124.64,6128.64,6048.03,6050.03,690.6548672566372
2026-04-20T06:30:00+00:00,6050.03,6062.03,6048.01,6058.02,839
2026-04-20T07:00:00+00:00,6058.02,6079.02,6051.01,6064.02,1791
2026-04-20T07:30:00+00:00,6064.02,6066.01,6050.02,6059.52,1389
2026-04-20T08:00:00+00:00,6059.52,6063.03,6048.01,6057.51,1162
2026-04-20T08:30:00+00:00,6057.51,6064.03,6052.01,6059.52,846
2026-04-20T09:00:00+00:00,6059.52,6068.03,6055.01,6064.51,660
2026-04-20T09:30:00+00:00,6064.51,6066.52,6055.02,6055.51,352
2026-04-20T10:00:00+00:00,6055.51,6067.03,6054.02,6059.03,496
2026-04-20T10:30:00+00:00,6059.03,6061.03,6052.01,6056.51,294
2026-04-20T11:00:00+00:00,6056.51,6060.02,6049.02,6056.03,423
2026-04-20T11:30:00+00:00,6056.03,6063.03,6052.01,6059.51,624
2026-04-20T12:00:00+00:00,6059.51,6063.03,6053.01,6057.03,621
2026-04-20T12:30:00+00:00,6057.03,6062.02,6054.01,6056.51,404
2026-04-20T13:00:00+00:00,6056.51,6082.03,6053.01,6081.03,1359
2026-04-20T13:30:00+00:00,6081.03,6087.03,6075.01,6082.51,2220
2026-04-20T14:00:00+00:00,6082.51,6082.51,6065.01,6074.53,971
2026-04-20T14:30:00+00:00,6074.53,6077.03,6044.02,6057.03,2499
2026-04-20T15:00:00+00:00,6057.03,6072.03,6053.01,6071.53,1489
2026-04-20T15:30:00+00:00,6071.53,6073.02,6061.02,6065.03,764
2026-04-20T16:00:00+00:00,6065.03,6067.01,6059.02,6063.51,614
2026-04-20T16:30:00+00:00,6063.51,6065.53,6060.01,6062.52,375
2026-04-20T17:00:00+00:00,6062.52,6070.03,6062.52,6067.01,423.75788061703554
2026-04-20T17:30:00+00:00,6067.01,6074.01,6065.01,6070.01,461
2026-04-20T18:00:00+00:00,6070.01,6076.02,6067.02,6071.03,596
2026-04-20T18:30:00+00:00,6071.03,6078.03,6069.01,6076.03,333
2026-04-20T19:00:00+00:00,6076.03,6080.03,6075.02,6078.52,156.05160490425678
2026-04-20T19:30:00+00:00,6078.52,6083.56,6075.01,6082.57,266
2026-04-21T06:00:00+00:00,6082.57,6090.04,6078.04,6080.06,281.447619047619
2026-04-21T06:30:00+00:00,6080.06,6084.06,6079.04,6082.06,258
2026-04-21T07:00:00+00:00,6082.06,6085.05,6071.05,6080.05,772
2026-04-21T07:30:00+00:00,6080.05,6090.04,6073.05,6080.54,612
2026-04-21T08:00:00+00:00,6080.54,6089.06,6073.04,6087.06,784
2026-04-21T08:30:00+00:00,6087.06,6093.06,6082.04,6086.04,575
2026-04-21T09:00:00+00:00,6086.04,6094.06,6078.06,6090.06,413
2026-04-21T09:30:00+00:00,6090.06,6101.06,6089.04,6094.54,313.38646616541354
2026-04-21T10:00:00+00:00,6094.54,6097.05,6087.05,6088.56,212
2026-04-21T10:30:00+00:00,6088.56,6099.06,6088.04,6098.06,259
2026-04-21T11:00:00+00:00,6098.06,6099.06,6084.06,6093.05,681
2026-04-21T11:30:00+00:00,6093.05,6096.06,6080.04,6080.55,258
2026-04-21T12:00:00+00:00,6080.55,6081.06,6071.04,6078.05,465.51258992805754
2026-04-21T12:30:00+00:00,6078.05,6079.05,6063.06,6067.04,874
2026-04-21T13:00:00+00:00,6067.04,6069.05,6054.56,6058.04,649
2026-04-21T13:30:00+00:00,6058.04,6066.05,6055.04,6064.54,1402
2026-04-21T14:00:00+00:00,6064.54,6065.06,6048.04,6049.04,738
2026-04-21T14:30:00+00:00,6049.04,6051.06,6019.54,6020.54,1512
2026-04-21T15:00:00+00:00,6020.54,6031.55,6008.04,6024.06,2432
2026-04-21T15:30:00+00:00,6024.06,6024.06,6004.04,6013.04,1237
2026-04-21T16:00:00+00:00,6013.04,6028.06,6013.04,6014.56,1399
2026-04-21T16:30:00+00:00,6014.56,6020.05,6004.05,6004.55,728
2026-04-21T17:00:00+00:00,6004.55,6010.06,5986.04,5993.56,1813
2026-04-21T17:30:00+00:00,5993.56,6016.05,5993.56,6003.05,2102
2026-04-21T18:00:00+00:00,6003.05,6011.06,5992.05,5993.54,1540
2026-04-21T18:30:00+00:00,5993.54,6012.54,5991.04,6002.54,1512
2026-04-21T19:00:00+00:00,6002.54,6015.05,5996.55,6013.55,1873
2026-04-21T19:30:00+00:00,6013.55,6014.55,5960.04,5973.6,3206
2026-04-22T06:00:00+00:00,5973.6,6028.47,5968.6,6027.45,597.2575272261371
2026-04-22T06:30:00+00:00,6027.45,6031.47,6025.45,6031.47,338
2026-04-22T07:00:00+00:00,6031.47,6038.95,6025.45,6028.95,824
2026-04-22T07:30:00+00:00,6028.95,6030.47,6021.45,6021.46,716
2026-04-22T08:00:00+00:00,6021.46,6024.47,6002.45,6005.97,839
2026-04-22T08:30:00+00:00,6005.97,6012.47,5997.45,6009.96,994
2026-04-22T09:00:00+00:00,6009.96,6018.46,6008.45,6013.45,1007
2026-04-22T09:30:00+00:00,6013.45,6014.95,5993.46,5998.96,857
2026-04-22T10:00:00+00:00,5998.96,6004.47,5987.45,6003.95,1016
2026-04-22T10:30:00+00:00,6003.95,6009.47,6001.45,6005.97,540
2026-04-22T11:00:00+00:00,6005.97,6008.47,6000.45,6006.97,608
2026-04-22T11:30:00+00:00,6006.97,6015.47,6001.45,6013.46,681
2026-04-22T12:00:00+00:00,6013.46,6021.47,6008.47,6008.97,540
2026-04-22T12:30:00+00:00,6008.97,6009.47,5998.47,6001.45,1117
2026-04-22T13:00:00+00:00,6001.45,6022.46,6000.46,6014.95,2016
2026-04-22T13:30:00+00:00,6014.95,6015.47,5994.47,6001.96,2013
2026-04-22T14:00:00+00:00,6001.96,6003.47,5992.45,5997.45,1505
2026-04-22T14:30:00+00:00,5997.45,6002.45,5978.45,5987.95,1992.4918092464507
2026-04-22T15:00:00+00:00,5987.95,5992.95,5980.94,5989.99,1240
2026-04-22T15:30:00+00:00,5989.99,5991.96,5975.94,5984.45,1040
2026-04-22T16:00:00+00:00,5984.45,5997.94,5982.94,5993.45,945
2026-04-22T16:30:00+00:00,5993.45,5997.96,5989.46,5991.46,904
2026-04-22T17:00:00+00:00,5991.46,6005.96,5990.94,6001.95,982
2026-04-22T17:30:00+00:00,6001.95,6006.96,6000.94,6002.44,442
2026-04-22T18:00:00+00:00,6002.44,6002.44,5986.95,5989.95,359.04884576781535
2026-04-22T18:30:00+00:00,5989.95,5994.96,5988.94,5990.96,204
2026-04-22T19:00:00+00:00,5990.96,5990.96,5956.94,5978.95,711
2026-04-22T19:30:00+00:00,5978.95,5990.45,5976.94,5986.99,411
2026-04-23T06:00:00+00:00,5986.99,5989.99,5948.32,5956.33,481.5618718592965
2026-04-23T06:30:00+00:00,5956.33,5957.84,5947.82,5957.32,510
2026-04-23T07:00:00+00:00,5957.32,5966.34,5951.82,5963.34,971
2026-04-23T07:30:00+00:00,5963.34,5975.34,5958.32,5966.83,870
2026-04-23T08:00:00+00:00,5966.83,5968.32,5947.82,5956.83,1228
2026-04-23T08:30:00+00:00,5956.83,5956.83,5936.32,5936.32,1009
2026-04-23T09:00:00+00:00,5936.32,5949.34,5923.32,5940.32,1380
2026-04-23T09:30:00+00:00,5940.32,5947.32,5931.34,5935.32,1031
2026-04-23T10:00:00+00:00,5935.32,5942.34,5926.32,5936.33,972
2026-04-23T10:30:00+00:00,5936.33,5953.34,5936.32,5951.84,686
2026-04-23T11:00:00+00:00,5951.84,5955.32,5941.32,5945.33,842
2026-04-23T11:30:00+00:00,5945.33,5964.34,5939.32,5960.33,1501
2026-04-23T12:00:00+00:00,5960.33,5978.34,5959.32,5964.83,1346
2026-04-23T12:30:00+00:00,5964.83,5967.33,5942.83,5964.33,1834
2026-04-23T13:00:00+00:00,5964.33,5975.82,5956.32,5974.84,906
2026-04-23T13:30:00+00:00,5974.84,5982.34,5970.32,5973.82,1221
2026-04-23T14:00:00+00:00,5973.82,5984.34,5966.32,5982.84,1376
2026-04-23T14:30:00+00:00,5982.84,5989.34,5977.33,5986.82,831
2026-04-23T15:00:00+00:00,5986.82,5987.33,5977.32,5980.32,592
2026-04-23T15:30:00+00:00,5980.32,5980.32,5951.33,5967.33,1195
2026-04-23T16:00:00+00:00,5967.33,5973.34,5961.32,5970.83,932
2026-04-23T16:30:00+00:00,5970.83,5978.34,5968.32,5973.34,634
2026-04-23T17:00:00+00:00,5973.34,5975.34,5911.33,5912.84,5450
2026-04-23T17:30:00+00:00,5912.84,5950.34,5869.32,5924.33,7604
2026-04-23T18:00:00+00:00,5924.33,5938.34,5921.32,5937.32,3786
2026-04-23T18:30:00+00:00,5937.32,5946.34,5920.82,5924.82,2021
2026-04-23T19:00:00+00:00,5924.82,5936.34,5921.32,5933.34,1742
2026-04-23T19:30:00+00:00,5933.34,5940.82,5921.32,5937.88,1662
2026-04-24T06:00:00+00:00,5937.88,5950.87,5937.38,5940.85,656.2108789909341
2026-04-24T06:30:00+00:00,5940.85,5947.87,5937.37,5946.85,563
2026-04-24T07:00:00+00:00,5946.85,5962.85,5944.87,5958.87,1230
2026-04-24T07:30:00+00:00,5958.87,5958.87,5946.36,5956.37,899
2026-04-24T08:00:00+00:00,5956.37,5964.35,5939.85,5944.86,1792
2026-04-24T08:30:00+00:00,5944.86,5944.87,5924.85,5930.35,1221
2026-04-24T09:00:00+00:00,5930.35,5936.85,5918.87,5922.35,1351
2026-04-24T09:30:00+00:00,5922.35,5938.37,5922.35,5931.35,795
2026-04-24T10:00:00+00:00,5931.35,5945.87,5930.86,5944.36,718
2026-04-24T10:30:00+00:00,5944.36,5951.87,5941.85,5946.36,505
2026-04-24T11:00:00+00:00,5946.36,5998.87,5945.85,5998.85,5126
2026-04-24T11:30:00+00:00,5998.85,6002.85,5970.85,5977.91,1446
2026-04-24T12:00:00+00:00,5977.91,5990.87,5975.85,5983.36,1525
2026-04-24T12:30:00+00:00,5983.36,5983.36,5950.86,5961.37,1314
2026-04-24T13:00:00+00:00,5961.37,5968.87,5957.85,5961.85,1223
2026-04-24T13:30:00+00:00,5961.85,5966.87,5951.37,5956.85,2914
2026-04-24T14:00:00+00:00,5956.85,5969.87,5949.86,5958.86,3010
2026-04-24T14:30:00+00:00,5958.86,5966.87,5955.85,5965.860000000001,1713.1358525345622
2026-04-24T15:00:00+00:00,5965.860000000001,5969.88,5958.860000000001,5962.87,1050
2026-04-24T15:30:00+00:00,5962.87,6013.37,5956.860000000001,5985.37,3475
2026-04-24T16:00:00+00:00,5985.37,5988.37,5975.860000000001,5980.860000000001,1124
2026-04-24T16:30:00+00:00,5980.860000000001,5987.860000000001,5973.860000000001,5983.38,1292
2026-04-24T17:00:00+00:00,5983.38,5984.88,5977.860000000001,5981.860000000001,771
2026-04-24T17:30:00+00:00,5981.860000000001,5992.88,5978.860000000001,5984.360000000001,1035
2026-04-24T18:00:00+00:00,5984.360000000001,5984.88,5976.860000000001,5977.87,659
2026-04-24T18:30:00+00:00,5977.87,5981.88,5976.860000000001,5978.88,636
2026-04-24T19:00:00+00:00,5978.88,5986.88,5978.88,5981.860000000001,589
2026-04-24T19:30:00+00:00,5981.860000000001,5987.88,5979.860000000001,5986.93,398.8692998204668
2026-04-27T06:00:00+00:00,5986.93,5986.93,5957.37,5964.37,394.6553764393102
2026-04-27T06:30:00+00:00,5964.37,5964.38,5956.38,5961.38,372
2026-04-27T07:00:00+00:00,5961.38,5974.39,5956.87,5963.37,1128
2026-04-27T07:30:00+00:00,5963.37,5967.39,5956.37,5956.39,872
2026-04-27T08:00:00+00:00,5956.39,5964.39,5947.38,5963.39,1242
2026-04-27T08:30:00+00:00,5963.39,5976.39,5963.38,5972.88,491
2026-04-27T09:00:00+00:00,5972.88,5977.37,5971.38,5975.88,302
2026-04-27T09:30:00+00:00,5975.88,5985.38,5975.37,5983.38,253
2026-04-27T10:00:00+00:00,5983.38,5986.39,5979.87,5984.38,310
2026-04-27T10:30:00+00:00,5984.38,6001.37,5983.37,5997.89,423
2026-04-27T11:00:00+00:00,5997.89,6007.39,5997.37,6005.88,292
2026-04-27T11:30:00+00:00,6005.88,6010.88,6000.37,6003.89,196
2026-04-27T12:00:00+00:00,6003.89,6004.37,5982.87,5984.89,339
2026-04-27T12:30:00+00:00,5984.89,5988.38,5965.37,5968.39,583
2026-04-27T13:00:00+00:00,5968.39,5969.39,5959.37,5966.38,854
2026-04-27T13:30:00+00:00,5966.38,5974.39,5944.37,5960.88,1596
2026-04-27T14:00:00+00:00,5960.88,5962.39,5947.37,5950.87,1347
2026-04-27T14:30:00+00:00,5950.87,5953.88,5938.37,5938.88,1425
2026-04-27T15:00:00+00:00,5938.88,5940.39,5930.37,5940.39,853
2026-04-27T15:30:00+00:00,5940.39,5959.38,5937.39,5957.37,524
2026-04-27T16:00:00+00:00,5957.37,5960.39,5953.38,5953.88,303
2026-04-27T16:30:00+00:00,5953.88,5956.39,5952.37,5954.37,312
2026-04-27T17:00:00+00:00,5954.37,5956.39,5946.37,5953.39,364
2026-04-27T17:30:00+00:00,5953.39,5958.37,5949.38,5950.37,204.76525028763882
2026-04-27T18:00:00+00:00,5950.37,5954.37,5947.38,5952.87,156
2026-04-27T18:30:00+00:00,5952.87,5955.39,5951.37,5953.38,177.40220588235294
2026-04-27T19:00:00+00:00,5953.38,5959.89,5952.37,5957.87,209.7391646966115
2026-04-27T19:30:00+00:00,5957.87,5959.39,5948.37,5948.93,312
2026-04-28T06:00:00+00:00,5948.93,5948.93,5932.05,5938.04,391.7319529938444
2026-04-28T06:30:00+00:00,5938.04,5940.06,5929.04,5934.55,417
2026-04-28T07:00:00+00:00,5934.55,5937.06,5923.05,5935.06,1286
2026-04-28T07:30:00+00:00,5935.06,5951.05,5935.05,5950.54,821
2026-04-28T08:00:00+00:00,5950.54,5957.06,5930.04,5957.06,1764
2026-04-28T08:30:00+00:00,5957.06,5958.06,5947.04,5953.56,957
2026-04-28T09:00:00+00:00,5953.56,5962.05,5947.05,5956.56,1014
2026-04-28T09:30:00+00:00,5956.56,5957.56,5944.04,5949.04,654
2026-04-28T10:00:00+00:00,5949.04,5956.56,5945.05,5951.06,814
2026-04-28T10:30:00+00:00,5951.06,5958.06,5947.06,5956.55,626
2026-04-28T11:00:00+00:00,5956.55,5961.06,5923.05,5926.04,990
2026-04-28T11:30:00+00:00,5926.04,5926.55,5907.04,5912.55,1568
2026-04-28T12:00:00+00:00,5912.55,5928.05,5901.04,5903.55,2287
2026-04-28T12:30:00+00:00,5903.55,5935.06,5896.04,5931.04,1240
2026-04-28T13:00:00+00:00,5931.04,5932.56,5912.04,5920.05,1131
2026-04-28T13:30:00+00:00,5920.05,5933.06,5911.54,5920.56,2194
2026-04-28T14:00:00+00:00,5920.56,5923.06,5911.04,5916.54,1587
2026-04-28T14:30:00+00:00,5916.54,5918.54,5898.06,5918.54,2603
2026-04-28T15:00:00+00:00,5918.54,5926.06,5913.54,5918.06,1652
2026-04-28T15:30:00+00:00,5918.06,5918.06,5900.04,5907.55,1096
2026-04-28T16:00:00+00:00,5907.55,5916.06,5905.04,5911.56,625
2026-04-28T16:30:00+00:00,5911.56,5914.55,5906.04,5911.05,645
2026-04-28T17:00:00+00:00,5911.05,5912.05,5902.04,5905.55,422
2026-04-28T17:30:00+00:00,5905.55,5912.55,5905.05,5908.56,382.4587050359712
2026-04-28T18:00:00+00:00,5908.56,5913.56,5906.04,5911.04,562
2026-04-28T18:30:00+00:00,5911.04,5912.06,5906.04,5909.55,408
2026-04-28T19:00:00+00:00,5909.55,5914.06,5907.55,5908.56,273
2026-04-28T19:30:00+00:00,5908.56,5909.06,5904.04,5908.04,224
2026-04-29T06:00:00+00:00,5908.04,5932.96,5908.04,5926.47,210.99482163406213
2026-04-29T06:30:00+00:00,5926.47,5929.97,5913.95,5915.45,350
2026-04-29T07:00:00+00:00,5915.45,5923.95,5900.45,5906.45,886
2026-04-29T07:30:00+00:00,5906.45,5907.97,5887.95,5890.97,819
2026-04-29T08:00:00+00:00,5890.97,5898.45,5879.95,5890.95,1848
2026-04-29T08:30:00+00:00,5890.95,5891.97,5878.95,5883.95,1299
2026-04-29T09:00:00+00:00,5883.95,5893.97,5881.95,5891.45,800
2026-04-29T09:30:00+00:00,5891.45,5896.47,5873.95,5877.47,933
2026-04-29T10:00:00+00:00,5877.47,5900.47,5874.95,5895.96,735
2026-04-29T10:30:00+00:00,5895.96,5902.97,5889.95,5892.46,615
2026-04-29T11:00:00+00:00,5892.46,5897.47,5888.45,5893.97,972
2026-04-29T11:30:00+00:00,5893.97,5900.97,5890.95,5899.45,759
2026-04-29T12:00:00+00:00,5899.45,5904.47,5896.95,5899.47,670
2026-04-29T12:30:00+00:00,5899.47,5899.97,5887.96,5898.95,646
2026-04-29T13:00:00+00:00,5898.95,5906.96,5888.45,5894.45,929
2026-04-29T13:30:00+00:00,5894.45,5897.97,5870.96,5886.47,1958
2026-04-29T14:00:00+00:00,5886.47,5899.96,5883.95,5894.47,1085
2026-04-29T14:30:00+00:00,5894.47,5899.97,5889.95,5896.45,1037.1350658232177
2026-04-29T15:00:00+00:00,5896.45,5900.44,5875.44,5889.45,712
2026-04-29T15:30:00+00:00,5889.45,5891.46,5866.45,5873.96,1683
2026-04-29T16:00:00+00:00,5873.96,5880.46,5867.94,5867.96,1061
2026-04-29T16:30:00+00:00,5867.96,5867.96,5856.94,5863.95,980
2026-04-29T17:00:00+00:00,5863.95,5866.46,5854.44,5865.45,849
2026-04-29T17:30:00+00:00,5865.45,5871.46,5861.44,5870.94,772.0285049447353
2026-04-29T18:00:00+00:00,5870.94,5873.95,5854.44,5861.46,1664
2026-04-29T18:30:00+00:00,5861.46,5869.45,5848.46,5867.95,2454
2026-04-29T19:00:00+00:00,5867.95,5874.46,5862.45,5868.45,1242
2026-04-29T19:30:00+00:00,5868.45,5868.45,5859.44,5866.49,732
2026-04-30T06:00:00+00:00,5866.49,5867.99,5803.23,5810.23,912.2199751088986
2026-04-30T06:30:00+00:00,5810.23,5831.25,5810.23,5821.23,740
2026-04-30T07:00:00+00:00,5821.23,5849.75,5814.23,5849.75,1745
2026-04-30T07:30:00+00:00,5849.75,5857.25,5842.23,5850.74,1002
2026-04-30T08:00:00+00:00,5850.74,5862.23,5849.23,5861.23,1487
2026-04-30T08:30:00+00:00,5861.23,5862.74,5840.23,5840.75,846
2026-04-30T09:00:00+00:00,5840.75,5860.25,5839.23,5858.74,1411
2026-04-30T09:30:00+00:00,5858.74,5875.75,5858.74,5871.25,1428
2026-04-30T10:00:00+00:00,5871.25,5888.25,5870.23,5884.73,1023
2026-04-30T10:30:00+00:00,5884.73,5889.24,5869.24,5886.73,1805
2026-04-30T11:00:00+00:00,5886.73,5910.24,5886.73,5909.23,1470
2026-04-30T11:30:00+00:00,5909.23,5909.23,5897.23,5905.24,935
2026-04-30T12:00:00+00:00,5905.24,5923.3,5901.73,5920.25,971
2026-04-30T12:30:00+00:00,5920.25,5922.24,5909.25,5913.23,1249
2026-04-30T13:00:00+00:00,5913.23,5922.73,5910.74,5911.75,945
2026-04-30T13:30:00+00:00,5911.75,5912.74,5895.23,5904.25,2520
2026-04-30T14:00:00+00:00,5904.25,5928.25,5900.23,5928.25,1586
2026-04-30T14:30:00+00:00,5928.25,5949.25,5925.23,5942.24,1930.0097936341378
2026-04-30T15:00:00+00:00,5942.24,5954.24,5937.23,5948.25,883
2026-04-30T15:30:00+00:00,5948.25,5957.74,5940.23,5947.74,936
2026-04-30T16:00:00+00:00,5947.74,5953.25,5944.23,5951.23,550.1444566410538
2026-04-30T16:30:00+00:00,5951.23,5956.25,5949.23,5952.23,415
2026-04-30T17:00:00+00:00,5952.23,5958.25,5952.23,5955.73,400
2026-04-30T17:30:00+00:00,5955.73,5962.25,5955.73,5960.25,519.9785522788204
2026-04-30T18:00:00+00:00,5960.25,5966.25,5959.74,5962.25,398.80183946488296
2026-04-30T18:30:00+00:00,5962.25,5966.75,5958.23,5959.25,293.1791661829924
2026-04-30T19:00:00+00:00,5959.25,5971.25,5959.24,5967.25,363
2026-04-30T19:30:00+00:00,5967.25,5967.25,5955.25,5955.78,304
2026-05-04T06:00:00+00:00,5955.78,5980.13,5954.28,5974.14,279.60967063770147
2026-05-04T06:30:00+00:00,5974.14,5978.14,5959.12,5962.64,392
2026-05-04T07:00:00+00:00,5962.64,5963.13,5944.12,5947.12,862
2026-05-04T07:30:00+00:00,5947.12,5957.12,5940.13,5940.62,332
2026-05-04T08:00:00+00:00,5940.62,5942.12,5920.12,5925.64,554
2026-05-04T08:30:00+00:00,5925.64,5930.14,5908.12,5909.63,357
2026-05-04T09:00:00+00:00,5909.63,5926.13,5909.12,5924.63,238
2026-05-04T09:30:00+00:00,5924.63,5931.13,5923.12,5923.14,216.8234633735616
2026-05-04T10:00:00+00:00,5923.14,5928.14,5848.62,5873.14,5703
2026-05-04T10:30:00+00:00,5873.14,5903.14,5865.14,5887.62,2919
2026-05-04T11:00:00+00:00,5887.62,5903.13,5883.12,5895.14,1721
2026-05-04T11:30:00+00:00,5895.14,5902.13,5881.14,5897.63,1525
2026-05-04T12:00:00+00:00,5897.63,5912.14,5896.13,5905.12,1128
2026-05-04T12:30:00+00:00,5905.12,5909.13,5894.63,5900.13,956
2026-05-04T13:00:00+00:00,5900.13,5902.12,5878.12,5884.12,2400
2026-05-04T13:30:00+00:00,5884.12,5899.12,5880.12,5885.63,1645
2026-05-04T14:00:00+00:00,5885.63,5892.14,5867.12,5882.12,1489
2026-05-04T14:30:00+00:00,5882.12,5888.14,5865.12,5866.12,1222
2026-05-04T15:00:00+00:00,5866.12,5872.14,5826.12,5840.64,2838
2026-05-04T15:30:00+00:00,5840.64,5842.13,5810.14,5821.64,2899
2026-05-04T16:00:00+00:00,5821.64,5825.14,5794.12,5811.64,3583
2026-05-04T16:30:00+00:00,5811.64,5817.14,5798.12,5800.13,1413
2026-05-04T17:00:00+00:00,5800.13,5834.14,5800.12,5833.14,1496
2026-05-04T17:30:00+00:00,5833.14,5833.14,5823.12,5826.12,528
2026-05-04T18:00:00+00:00,5826.12,5832.14,5810.13,5815.13,812
2026-05-04T18:30:00+00:00,5815.13,5815.62,5803.13,5809.63,773
2026-05-04T19:00:00+00:00,5809.63,5822.14,5807.12,5817.14,704
2026-05-04T19:30:00+00:00,5817.14,5825.14,5815.12,5823.18,370
2026-05-05T06:00:00+00:00,5823.18,5828.68,5811.67,5814.68,732.2219338092148
2026-05-05T06:30:00+00:00,5814.68,5844.67,5814.68,5843.16,821
2026-05-05T07:00:00+00:00,5843.16,5875.68,5837.66,5873.67,2115
2026-05-05T07:30:00+00:00,5873.67,5905.68,5872.66,5882.67,2130
2026-05-05T08:00:00+00:00,5882.67,5903.18,5880.66,5896.68,1440
2026-05-05T08:30:00+00:00,5896.68,5905.68,5895.68,5904.18,1243
2026-05-05T09:00:00+00:00,5904.18,5906.68,5895.67,5904.67,1080
2026-05-05T09:30:00+00:00,5904.67,5915.18,5902.16,5913.67,806
2026-05-05T10:00:00+00:00,5913.67,5914.68,5908.66,5912.67,479
2026-05-05T10:30:00+00:00,5912.67,5928.68,5910.66,5917.68,1202
2026-05-05T11:00:00+00:00,5917.68,5922.67,5900.66,5908.66,1379
2026-05-05T11:30:00+00:00,5908.66,5917.68,5906.66,5907.16,829
2026-05-05T12:00:00+00:00,5907.16,5924.18,5900.66,5921.66,1907
2026-05-05T12:30:00+00:00,5921.66,5923.18,5906.16,5910.18,628
2026-05-05T13:00:00+00:00,5910.18,5922.68,5908.66,5918.66,644
2026-05-05T13:30:00+00:00,5918.66,5919.68,5902.66,5911.67,1382
2026-05-05T14:00:00+00:00,5911.67,5918.68,5891.67,5907.17,2533
2026-05-05T14:30:00+00:00,5907.17,5916.68,5902.18,5916.66,1143
2026-05-05T15:00:00+00:00,5916.66,5939.18,5914.66,5937.17,709
2026-05-05T15:30:00+00:00,5937.17,5948.68,5933.67,5938.67,640
2026-05-05T16:00:00+00:00,5938.67,5943.68,5935.66,5941.18,432
2026-05-05T16:30:00+00:00,5941.18,5942.68,5937.66,5939.67,288
2026-05-05T17:00:00+00:00,5939.67,5942.68,5935.66,5942.66,139.106648199446
2026-05-05T17:30:00+00:00,5942.66,5949.16,5942.66,5944.66,153
2026-05-05T18:00:00+00:00,5944.66,5949.68,5943.66,5947.68,133.1877607788595
2026-05-05T18:30:00+00:00,5947.68,5948.68,5944.66,5948.68,105.01427212178876
2026-05-05T19:00:00+00:00,5948.68,5951.66,5947.66,5949.67,83.00400801603206
2026-05-05T19:30:00+00:00,5949.67,5952.68,5942.68,5945.72,206
2026-05-06T06:00:00+00:00,5945.72,5999.15,5945.72,5993.15,513.0773222625844
2026-05-06T06:30:00+00:00,5993.15,5999.15,5986.15,5999.15,675
2026-05-06T07:00:00+00:00,5999.15,6020.15,5994.13,6007.15,1623
2026-05-06T07:30:00+00:00,6007.15,6030.15,6003.63,6028.15,1214
2026-05-06T08:00:00+00:00,6028.15,6034.15,6026.13,6030.13,1292
2026-05-06T08:30:00+00:00,6030.13,6105.15,6028.14,6088.14,5004
2026-05-06T09:00:00+00:00,6088.14,6096.15,6067.13,6067.63,2985
2026-05-06T09:30:00+00:00,6067.63,6091.65,6065.13,6089.14,1738
2026-05-06T10:00:00+00:00,6089.14,6108.13,6088.13,6104.65,1445
2026-05-06T10:30:00+00:00,6104.65,6137.15,6102.65,6126.15,2311
2026-05-06T11:00:00+00:00,6126.15,6136.15,6120.13,6131.63,1810
2026-05-06T11:30:00+00:00,6131.63,6141.13,6114.13,6116.64,2048
2026-05-06T12:00:00+00:00,6116.64,6117.15,6072.13,6095.14,3206
2026-05-06T12:30:00+00:00,6095.14,6100.15,6089.13,6095.65,1347
2026-05-06T13:00:00+00:00,6095.65,6097.15,6074.13,6085.63,1978
2026-05-06T13:30:00+00:00,6085.63,6094.15,6074.13,6086.13,2277
2026-05-06T14:00:00+00:00,6086.13,6094.15,6078.14,6082.14,2088
2026-05-06T14:30:00+00:00,6082.14,6107.15,6080.65,6100.65,2011.9987946361307
2026-05-06T15:00:00+00:00,6100.65,6114.16,6095.65,6109.16,950
2026-05-06T15:30:00+00:00,6109.16,6111.669999999999,6093.15,6100.16,852
2026-05-06T16:00:00+00:00,6100.16,6104.66,6098.169999999999,6102.669999999999,652
2026-05-06T16:30:00+00:00,6102.669999999999,6107.669999999999,6095.65,6100.169999999999,626
2026-05-06T17:00:00+00:00,6100.169999999999,6107.65,6098.65,6102.669999999999,406
2026-05-06T17:30:00+00:00,6102.669999999999,6104.669999999999,6099.65,6104.66,319
2026-05-06T18:00:00+00:00,6104.66,6109.66,6103.66,6107.66,266
2026-05-06T18:30:00+00:00,6107.66,6108.669999999999,6105.65,6107.669999999999,269.9250346967587
2026-05-06T19:00:00+00:00,6107.669999999999,6116.669999999999,6107.66,6115.65,326.41539927936986
2026-05-06T19:30:00+00:00,6115.65,6121.669999999999,6111.669999999999,6112.2,504
2026-05-07T06:00:00+00:00,6112.2,6115.7,6105.679999999999,6110.69,433.8932907348243
2026-05-07T06:30:00+00:00,6110.69,6133.679999999999,6108.679999999999,6122.7,803
2026-05-07T07:00:00+00:00,6122.7,6134.7,6109.679999999999,6133.69,3243
2026-05-07T07:30:00+00:00,6133.69,6139.7,6117.679999999999,6118.179999999999,1343
2026-05-07T08:00:00+00:00,6118.179999999999,6129.679999999999,6112.679999999999,6121.19,1607
2026-05-07T08:30:00+00:00,6121.19,6125.7,6106.179999999999,6108.7,803
2026-05-07T09:00:00+00:00,6108.7,6114.69,6105.679999999999,6112.69,695
2026-05-07T09:30:00+00:00,6112.69,6114.7,6099.679999999999,6101.179999999999,737
2026-05-07T10:00:00+00:00,6101.179999999999,6106.19,6094.679999999999,6101.69,717
2026-05-07T10:30:00+00:00,6101.69,6107.69,6094.679999999999,6095.69,623
2026-05-07T11:00:00+00:00,6095.69,6103.7,6091.19,6099.69,770
2026-05-07T11:30:00+00:00,6099.69,6106.7,6096.679999999999,6100.69,504.0540322580645
2026-05-07T12:00:00+00:00,6100.69,6113.7,6097.2,6113.7,626
2026-05-07T12:30:00+00:00,6113.7,6119.7,6107.69,6112.69,580
2026-05-07T13:00:00+00:00,6112.69,6112.69,6099.679999999999,6102.2,625
2026-05-07T13:30:00+00:00,6102.2,6102.2,6072.679999999999,6081.179999999999,1619
2026-05-07T14:00:00+00:00,6081.179999999999,6082.7,6061.69,6064.69,1189
2026-05-07T14:30:00+00:00,6064.69,6072.7,6061.69,6070.19,1053
2026-05-07T15:00:00+00:00,6070.19,6070.19,6039.679999999999,6046.69,1491
2026-05-07T15:30:00+00:00,6046.69,6052.7,6026.679999999999,6030.19,1333
2026-05-07T16:00:00+00:00,6030.19,6033.7,6012.679999999999,6025.679999999999,2672
2026-05-07T16:30:00+00:00,6025.679999999999,6029.7,6007.69,6012.7,1399
2026-05-07T17:00:00+00:00,6012.7,6016.7,5976.19,5986.69,2485
2026-05-07T17:30:00+00:00,5986.69,6000.7,5982.679999999999,6000.2,2802
2026-05-07T18:00:00+00:00,6000.2,6002.7,5992.679999999999,5993.7,1422
2026-05-07T18:30:00+00:00,5993.7,5998.7,5977.679999999999,5993.7,2311
2026-05-07T19:00:00+00:00,5993.7,6000.7,5974.679999999999,5983.69,1724
2026-05-07T19:30:00+00:00,5983.69,5995.7,5979.2,5985.74,1154
2026-05-08T06:00:00+00:00,5985.74,5999.389999999999,5976.24,5995.37,755.7722586691659
2026-05-08T06:30:00+00:00,5995.37,5998.37,5984.379999999999,5990.389999999999,792
2026-05-08T07:00:00+00:00,5990.389999999999,5990.389999999999,5970.37,5975.379999999999,1987
2026-05-08T07:30:00+00:00,5975.379999999999,5989.389999999999,5967.37,5988.389999999999,1294
2026-05-08T08:00:00+00:00,5988.389999999999,5989.389999999999,5975.37,5977.379999999999,1195
2026-05-08T08:30:00+00:00,5977.379999999999,5985.389999999999,5974.37,5977.87,939
2026-05-08T09:00:00+00:00,5977.87,6001.389999999999,5976.87,5997.879999999999,754
2026-05-08T09:30:00+00:00,5997.879999999999,6000.389999999999,5980.37,5984.389999999999,786
2026-05-08T10:00:00+00:00,5984.389999999999,5991.87,5979.37,5987.889999999999,685
2026-05-08T10:30:00+00:00,5987.889999999999,5994.389999999999,5979.37,5991.879999999999,920
2026-05-08T11:00:00+00:00,5991.879999999999,5997.379999999999,5981.379999999999,5986.87,685
2026-05-08T11:30:00+00:00,5986.87,5989.37,5976.37,5982.379999999999,618
2026-05-08T12:00:00+00:00,5982.379999999999,5988.37,5979.37,5986.37,701
2026-05-08T12:30:00+00:00,5986.37,5998.379999999999,5971.889999999999,5978.37,1275
2026-05-08T13:00:00+00:00,5978.37,5990.389999999999,5968.37,5990.389999999999,1162
2026-05-08T13:30:00+00:00,5990.389999999999,6007.389999999999,5984.37,6007.379999999999,1050
2026-05-08T14:00:00+00:00,6007.379999999999,6008.37,5979.37,5980.37,1186
2026-05-08T14:30:00+00:00,5980.37,5983.379999999999,5972.37,5975.889999999999,995.2054011119936
2026-05-08T15:00:00+00:00,5975.889999999999,5978.889999999999,5961.87,5966.879999999999,717
2026-05-08T15:30:00+00:00,5966.879999999999,5978.889999999999,5956.879999999999,5976.87,1046
2026-05-08T16:00:00+00:00,5976.87,5984.889999999999,5974.87,5978.879999999999,586
2026-05-08T16:30:00+00:00,5978.879999999999,5978.889999999999,5972.87,5972.87,428
2026-05-08T17:00:00+00:00,5972.87,5989.889999999999,5970.889999999999,5988.37,467
2026-05-08T17:30:00+00:00,5988.37,5989.879999999999,5981.87,5984.889999999999,258
2026-05-08T18:00:00+00:00,5984.889999999999,6000.889999999999,5984.879999999999,5987.889999999999,676
2026-05-08T18:30:00+00:00,5987.889999999999,5990.889999999999,5978.87,5982.879999999999,352
2026-05-08T19:00:00+00:00,5982.879999999999,5990.889999999999,5982.879999999999,5989.379999999999,301
2026-05-08T19:30:00+00:00,5989.379999999999,5998.889999999999,5988.389999999999,5995.929999999999,634
2026-05-11T06:00:00+00:00,5995.929999999999,5997.929999999999,5955.889999999999,5963.879999999999,364.75073659398936
2026-05-11T06:30:00+00:00,5963.879999999999,5966.9,5958.879999999999,5963.379999999999,424
2026-05-11T07:00:00+00:00,5963.379999999999,5971.9,5961.889999999999,5962.9,1081
2026-05-11T07:30:00+00:00,5962.9,5966.879999999999,5956.879999999999,5960.4,920
2026-05-11T08:00:00+00:00,5960.4,5965.9,5951.879999999999,5956.4,1128
2026-05-11T08:30:00+00:00,5956.4,5962.9,5950.879999999999,5951.4,690
2026-05-11T09:00:00+00:00,5951.4,5952.889999999999,5943.879999999999,5945.379999999999,483
2026-05-11T09:30:00+00:00,5945.379999999999,5962.9,5944.879999999999,5950.4,441
2026-05-11T10:00:00+00:00,5950.4,5951.9,5944.879999999999,5950.9,518
2026-05-11T10:30:00+00:00,5950.9,5953.9,5942.9,5947.4,831
2026-05-11T11:00:00+00:00,5947.4,5951.9,5942.879999999999,5948.9,551.4396177237185
2026-05-11T11:30:00+00:00,5948.9,5952.9,5935.879999999999,5940.879999999999,556
2026-05-11T12:00:00+00:00,5940.879999999999,5947.9,5932.889999999999,5946.9,697
2026-05-11T12:30:00+00:00,5946.9,5952.9,5936.879999999999,5950.879999999999,881
2026-05-11T13:00:00+00:00,5950.879999999999,5962.889999999999,5949.879999999999,5961.879999999999,683
2026-05-11T13:30:00+00:00,5961.879999999999,5965.9,5950.889999999999,5953.389999999999,909
2026-05-11T14:00:00+00:00,5953.389999999999,5956.889999999999,5945.879999999999,5948.4,756
2026-05-11T14:30:00+00:00,5948.4,5949.879999999999,5935.889999999999,5946.389999999999,1292
2026-05-11T15:00:00+00:00,5946.389999999999,5960.889999999999,5945.4,5958.389999999999,602
2026-05-11T15:30:00+00:00,5958.389999999999,5961.4,5944.879999999999,5950.4,731
2026-05-11T16:00:00+00:00,5950.4,5953.9,5947.879999999999,5951.9,257
2026-05-11T16:30:00+00:00,5951.9,5951.9,5932.889999999999,5934.879999999999,1143
2026-05-11T17:00:00+00:00,5934.879999999999,5942.889999999999,5932.879999999999,5940.879999999999,397
2026-05-11T17:30:00+00:00,5940.879999999999,5947.889999999999,5940.879999999999,5946.889999999999,262
2026-05-11T18:00:00+00:00,5946.889999999999,5952.9,5945.879999999999,5950.889999999999,445
2026-05-11T18:30:00+00:00,5950.889999999999,5952.389999999999,5944.889999999999,5946.379999999999,310
2026-05-11T19:00:00+00:00,5946.379999999999,5951.4,5945.379999999999,5945.389999999999,316.4902186421174
2026-05-11T19:30:00+00:00,5945.389999999999,5954.9,5938.879999999999,5952.929999999999,321
2026-05-12T06:00:00+00:00,5952.929999999999,5953.929999999999,5905.299999999999,5907.82,602.6791179117912
2026-05-12T06:30:00+00:00,5907.82,5908.3099999999995,5890.3099999999995,5898.299999999999,602
2026-05-12T07:00:00+00:00,5898.299999999999,5908.82,5880.799999999999,5908.82,1428
2026-05-12T07:30:00+00:00,5908.82,5919.32,5905.3099999999995,5905.3099999999995,718
2026-05-12T08:00:00+00:00,5905.3099999999995,5913.32,5897.299999999999,5906.3099999999995,1170
2026-05-12T08:30:00+00:00,5906.3099999999995,5917.32,5901.299999999999,5905.3099999999995,954
2026-05-12T09:00:00+00:00,5905.3099999999995,5908.32,5901.299999999999,5907.799999999999,945
2026-05-12T09:30:00+00:00,5907.799999999999,5924.32,5895.8099999999995,5900.799999999999,1367
2026-05-12T10:00:00+00:00,5900.799999999999,5911.32,5899.32,5908.3099999999995,504
2026-05-12T10:30:00+00:00,5908.3099999999995,5909.32,5898.299999999999,5904.3099999999995,526
2026-05-12T11:00:00+00:00,5904.3099999999995,5915.32,5896.799999999999,5898.82,895
2026-05-12T11:30:00+00:00,5898.82,5906.32,5898.299999999999,5901.32,567
2026-05-12T12:00:00+00:00,5901.32,5903.799999999999,5894.299999999999,5899.32,821
2026-05-12T12:30:00+00:00,5899.32,5916.32,5891.299999999999,5909.82,1236
2026-05-12T13:00:00+00:00,5909.82,5912.299999999999,5891.799999999999,5894.299999999999,502
2026-05-12T13:30:00+00:00,5894.299999999999,5896.32,5882.3099999999995,5883.82,1346
2026-05-12T14:00:00+00:00,5883.82,5895.32,5883.32,5888.32,1383
2026-05-12T14:30:00+00:00,5888.32,5890.3099999999995,5877.299999999999,5878.82,1611
2026-05-12T15:00:00+00:00,5878.82,5881.82,5864.3099999999995,5876.82,1071
2026-05-12T15:30:00+00:00,5876.82,5884.3099999999995,5869.799999999999,5873.8099999999995,901
2026-05-12T16:00:00+00:00,5873.8099999999995,5880.32,5870.299999999999,5873.3099999999995,800
2026-05-12T16:30:00+00:00,5873.3099999999995,5876.32,5868.799999999999,5874.32,1188
2026-05-12T17:00:00+00:00,5874.32,5893.32,5873.799999999999,5887.299999999999,592
2026-05-12T17:30:00+00:00,5887.299999999999,5891.3099999999995,5884.32,5890.3099999999995,727
2026-05-12T18:00:00+00:00,5890.3099999999995,5898.32,5884.299999999999,5895.299999999999,841
2026-05-12T18:30:00+00:00,5895.299999999999,5898.299999999999,5892.3099999999995,5892.799999999999,358
2026-05-12T19:00:00+00:00,5892.799999999999,5902.32,5892.299999999999,5895.8099999999995,390
2026-05-12T19:30:00+00:00,5895.8099999999995,5908.32,5895.299999999999,5907.86,281
2026-05-13T06:00:00+00:00,5907.86,5923.589999999999,5905.36,5921.57,484.73452544704264
2026-05-13T06:30:00+00:00,5921.57,5922.589999999999,5913.57,5922.589999999999,361
2026-05-13T07:00:00+00:00,5922.589999999999,5922.589999999999,5898.57,5900.079999999999,1279
2026-05-13T07:30:00+00:00,5900.079999999999,5913.589999999999,5898.079999999999,5902.579999999999,504
2026-05-13T08:00:00+00:00,5902.579999999999,5916.589999999999,5899.57,5914.589999999999,749
2026-05-13T08:30:00+00:00,5914.589999999999,5915.589999999999,5896.57,5899.07,697
2026-05-13T09:00:00+00:00,5899.07,5903.589999999999,5889.57,5890.589999999999,671
2026-05-13T09:30:00+00:00,5890.589999999999,5899.589999999999,5887.07,5897.57,819
2026-05-13T10:00:00+00:00,5897.57,5903.579999999999,5883.57,5884.589999999999,882
2026-05-13T10:30:00+00:00,5884.589999999999,5897.589999999999,5881.57,5889.079999999999,578
2026-05-13T11:00:00+00:00,5889.079999999999,5891.589999999999,5885.07,5888.089999999999,452
2026-05-13T11:30:00+00:00,5888.089999999999,5897.079999999999,5886.579999999999,5897.079999999999,426
2026-05-13T12:00:00+00:00,5897.079999999999,5900.589999999999,5879.57,5881.57,424
2026-05-13T12:30:00+00:00,5881.57,5881.57,5862.57,5878.07,1262
2026-05-13T13:00:00+00:00,5878.07,5888.589999999999,5878.07,5886.079999999999,346
2026-05-13T13:30:00+00:00,5886.079999999999,5901.57,5884.57,5899.079999999999,2018
2026-05-13T14:00:00+00:00,5899.079999999999,5905.589999999999,5893.57,5904.57,1083
2026-05-13T14:30:00+00:00,5904.57,5914.579999999999,5904.57,5913.07,406.0418410041841
2026-05-13T15:00:00+00:00,5913.07,5916.5599999999995,5908.05,5910.55,344
2026-05-13T15:30:00+00:00,5910.55,5937.07,5908.55,5928.0599999999995,655
2026-05-13T16:00:00+00:00,5928.0599999999995,5946.5599999999995,5927.5599999999995,5940.05,583
2026-05-13T16:30:00+00:00,5940.05,5944.57,5933.55,5942.07,682
2026-05-13T17:00:00+00:00,5942.07,5948.5599999999995,5941.55,5947.05,318.5818908122503
2026-05-13T17:30:00+00:00,5947.05,5948.57,5943.55,5945.0599999999995,292
2026-05-13T18:00:00+00:00,5945.0599999999995,5953.5599999999995,5945.0599999999995,5953.05,456
2026-05-13T18:30:00+00:00,5953.05,5953.57,5947.5599999999995,5950.05,476
2026-05-13T19:00:00+00:00,5950.05,5954.0599999999995,5950.05,5953.57,307
2026-05-13T19:30:00+00:00,5953.57,5959.57,5951.05,5954.6,502
2026-05-14T06:00:00+00:00,5954.6,5968.46,5954.1,5966.44,337.5844155844156
2026-05-14T06:30:00+00:00,5966.44,5980.45,5964.44,5969.45,416
2026-05-14T07:00:00+00:00,5969.45,5976.46,5957.44,5961.95,909
2026-05-14T07:30:00+00:00,5961.95,5971.46,5948.46,5949.94,689
2026-05-14T08:00:00+00:00,5949.94,5973.46,5947.44,5971.44,1084
2026-05-14T08:30:00+00:00,5971.44,5978.46,5969.45,5976.46,687
2026-05-14T09:00:00+00:00,5976.46,5981.45,5971.44,5976.46,572
2026-05-14T09:30:00+00:00,5976.46,5980.96,5963.44,5977.95,882
2026-05-14T10:00:00+00:00,5977.95,5989.46,5975.46,5981.46,1037
2026-05-14T10:30:00+00:00,5981.46,5989.46,5973.45,5983.44,666
2026-05-14T11:00:00+00:00,5983.44,5992.46,5978.46,5985.46,682
2026-05-14T11:30:00+00:00,5985.46,5997.46,5985.44,5991.44,400
2026-05-14T12:00:00+00:00,5991.44,5998.46,5987.96,5987.96,385
2026-05-14T12:30:00+00:00,5987.96,5991.46,5983.45,5990.95,332
2026-05-14T13:00:00+00:00,5990.95,5991.46,5980.95,5980.95,271
2026-05-14T13:30:00+00:00,5980.95,5991.46,5977.45,5980.44,997
2026-05-14T14:00:00+00:00,5980.44,6005.95,5978.44,5998.45,928
2026-05-14T14:30:00+00:00,5998.45,6008.45,5995.44,6001.44,842
2026-05-14T15:00:00+00:00,6001.44,6007.45,5994.45,5994.45,480
2026-05-14T15:30:00+00:00,5994.45,6007.44,5992.95,5997.95,511
2026-05-14T16:00:00+00:00,5997.95,5999.96,5991.44,5992.46,687
2026-05-14T16:30:00+00:00,5992.46,5994.46,5978.45,5983.94,907
2026-05-14T17:00:00+00:00,5983.94,5989.46,5967.95,5971.95,1305
2026-05-14T17:30:00+00:00,5971.95,5981.46,5971.94,5976.46,803.7131175468484
2026-05-14T18:00:00+00:00,5976.46,5979.46,5966.44,5976.96,879
2026-05-14T18:30:00+00:00,5976.96,5981.46,5973.44,5981.45,494.72028445648493
2026-05-14T19:00:00+00:00,5981.45,5983.46,5978.44,5978.45,502.5159453460491
2026-05-14T19:30:00+00:00,5978.45,5980.46,5970.44,5974.49,462.95719985491473
2026-05-15T06:00:00+00:00,5974.49,5979.49,5912.67,5930.68,923.6669466610667
2026-05-15T06:30:00+00:00,5930.68,5941.69,5929.67,5940.68,732
2026-05-15T07:00:00+00:00,5940.68,5952.68,5935.68,5946.68,1170
2026-05-15T07:30:00+00:00,5946.68,5949.19,5922.68,5928.68,950
2026-05-15T08:00:00+00:00,5928.68,5930.68,5892.67,5894.68,1511
2026-05-15T08:30:00+00:00,5894.68,5909.69,5886.67,5905.17,1639
2026-05-15T09:00:00+00:00,5905.17,5909.19,5895.67,5905.18,1257
2026-05-15T09:30:00+00:00,5905.18,5905.69,5892.67,5898.69,913
2026-05-15T10:00:00+00:00,5898.69,5907.69,5889.67,5898.68,1178
2026-05-15T10:30:00+00:00,5898.68,5925.68,5892.67,5921.18,2997
2026-05-15T11:00:00+00:00,5921.18,5924.69,5901.67,5904.17,1280
2026-05-15T11:30:00+00:00,5904.17,5905.69,5889.67,5897.18,914
2026-05-15T12:00:00+00:00,5897.18,5897.18,5885.67,5890.17,1150
2026-05-15T12:30:00+00:00,5890.17,5896.69,5882.68,5894.68,1084
2026-05-15T13:00:00+00:00,5894.68,5904.68,5891.67,5903.68,644
2026-05-15T13:30:00+00:00,5903.68,5905.69,5879.67,5886.17,2659
2026-05-15T14:00:00+00:00,5886.17,5909.68,5880.67,5899.19,2412
2026-05-15T14:30:00+00:00,5899.19,5905.69,5891.17,5898.18,2120.8184170800087
2026-05-15T15:00:00+00:00,5898.18,5902.68,5887.660000000001,5895.170000000001,1333
2026-05-15T15:30:00+00:00,5895.170000000001,5901.18,5872.660000000001,5881.68,1186
2026-05-15T16:00:00+00:00,5881.68,5887.170000000001,5874.670000000001,5886.670000000001,1133
2026-05-15T16:30:00+00:00,5886.670000000001,5888.68,5880.160000000001,5883.68,604
2026-05-15T17:00:00+00:00,5883.68,5896.68,5881.660000000001,5894.160000000001,653
2026-05-15T17:30:00+00:00,5894.160000000001,5895.68,5891.660000000001,5894.18,374
2026-05-15T18:00:00+00:00,5894.18,5896.68,5884.660000000001,5888.18,706
2026-05-15T18:30:00+00:00,5888.18,5888.68,5880.660000000001,5886.68,650
2026-05-15T19:00:00+00:00,5886.68,5887.68,5877.670000000001,5881.660000000001,571
2026-05-15T19:30:00+00:00,5881.660000000001,5885.68,5875.660000000001,5879.22,477
2026-05-18T06:00:00+00:00,5879.22,5883.72,5810.290000000001,5810.780000000001,906.6366726654669
2026-05-18T06:30:00+00:00,5810.780000000001,5827.780000000001,5801.77,5827.780000000001,1120
2026-05-18T07:00:00+00:00,5827.780000000001,5853.780000000001,5827.780000000001,5851.790000000001,1975
2026-05-18T07:30:00+00:00,5851.790000000001,5856.77,5839.790000000001,5848.780000000001,1672
2026-05-18T08:00:00+00:00,5848.780000000001,5865.790000000001,5847.780000000001,5863.280000000001,1041
2026-05-18T08:30:00+00:00,5863.280000000001,5874.790000000001,5861.77,5874.280000000001,774
2026-05-18T09:00:00+00:00,5874.280000000001,5876.790000000001,5866.77,5875.280000000001,639
2026-05-18T09:30:00+00:00,5875.280000000001,5877.290000000001,5865.77,5872.290000000001,743
2026-05-18T10:00:00+00:00,5872.290000000001,5874.77,5853.77,5862.27,796
2026-05-18T10:30:00+00:00,5862.27,5872.780000000001,5855.77,5860.27,681
2026-05-18T11:00:00+00:00,5860.27,5865.780000000001,5847.77,5859.290000000001,914
2026-05-18T11:30:00+00:00,5859.290000000001,5912.790000000001,5858.290000000001,5890.77,3584
2026-05-18T12:00:00+00:00,5890.77,5902.780000000001,5887.780000000001,5898.280000000001,1045
2026-05-18T12:30:00+00:00,5898.280000000001,5946.780000000001,5896.290000000001,5946.280000000001,2564
2026-05-18T13:00:00+00:00,5946.280000000001,5948.790000000001,5934.77,5937.780000000001,1738
2026-05-18T13:30:00+00:00,5937.780000000001,5947.790000000001,5919.77,5939.790000000001,2537
2026-05-18T14:00:00+00:00,5939.790000000001,5947.77,5922.290000000001,5936.780000000001,2080
2026-05-18T14:30:00+00:00,5936.780000000001,5937.790000000001,5916.77,5929.780000000001,1905
2026-05-18T15:00:00+00:00,5929.780000000001,5933.780000000001,5901.77,5902.77,2111
2026-05-18T15:30:00+00:00,5902.77,5932.790000000001,5900.77,5924.790000000001,915
2026-05-18T16:00:00+00:00,5924.790000000001,5932.790000000001,5905.27,5909.290000000001,1064
2026-05-18T16:30:00+00:00,5909.290000000001,5923.77,5905.27,5915.290000000001,1357
2026-05-18T17:00:00+00:00,5915.290000000001,5923.790000000001,5907.77,5921.77,660
2026-05-18T17:30:00+00:00,5921.77,5923.790000000001,5913.780000000001,5916.290000000001,439
2026-05-18T18:00:00+00:00,5916.290000000001,5917.780000000001,5884.780000000001,5892.780000000001,1289
2026-05-18T18:30:00+00:00,5892.780000000001,5897.790000000001,5882.790000000001,5885.290000000001,1191
2026-05-18T19:00:00+00:00,5885.290000000001,5931.280000000001,5882.780000000001,5911.27,3335
2026-05-18T19:30:00+00:00,5911.27,5943.830000000001,5909.77,5943.830000000001,1154
2026-05-19T06:00:00+00:00,5943.830000000001,5944.330000000001,5905.47,5925.4800000000005,818.9474054942475
2026-05-19T06:30:00+00:00,5925.4800000000005,5931.4800000000005,5916.47,5919.47,664
2026-05-19T07:00:00+00:00,5919.47,5943.47,5916.47,5940.9800000000005,1571
2026-05-19T07:30:00+00:00,5940.9800000000005,5978.500000000001,5939.47,5972.990000000001,1061
2026-05-19T08:00:00+00:00,5972.990000000001,5975.500000000001,5946.4800000000005,5953.4800000000005,1861
2026-05-19T08:30:00+00:00,5953.4800000000005,5971.530000000002,5951.4800000000005,5967.020000000001,853
2026-05-19T09:00:00+00:00,5967.020000000001,5971.060000000002,5954.540000000002,5959.050000000002,1140
2026-05-19T09:30:00+00:00,5959.050000000002,5962.050000000002,5948.540000000002,5961.030000000002,1142
2026-05-19T10:00:00+00:00,5961.030000000002,5964.050000000002,5955.530000000002,5962.050000000002,779
2026-05-19T10:30:00+00:00,5962.050000000002,5976.050000000002,5950.050000000002,5965.050000000002,2379
2026-05-19T11:00:00+00:00,5965.050000000002,5969.050000000002,5952.040000000002,5956.550000000002,1462
2026-05-19T11:30:00+00:00,5956.550000000002,5960.040000000002,5944.540000000002,5944.550000000002,897
2026-05-19T12:00:00+00:00,5944.550000000002,5962.050000000002,5942.050000000002,5960.030000000002,1053
2026-05-19T12:30:00+00:00,5960.030000000002,5970.040000000002,5959.030000000002,5965.540000000002,596
2026-05-19T13:00:00+00:00,5965.540000000002,5968.530000000002,5937.030000000002,5937.550000000002,1729
2026-05-19T13:30:00+00:00,5937.550000000002,5957.050000000002,5932.030000000002,5946.530000000002,3386
2026-05-19T14:00:00+00:00,5946.530000000002,5958.050000000002,5918.040000000002,5924.040000000002,3320
2026-05-19T14:30:00+00:00,5924.040000000002,5930.540000000002,5912.540000000002,5930.530000000002,2409
2026-05-19T15:00:00+00:00,5930.530000000002,5942.050000000002,5926.040000000002,5926.040000000002,1641
2026-05-19T15:30:00+00:00,5926.040000000002,5935.540000000002,5912.030000000002,5917.030000000002,1583
2026-05-19T16:00:00+00:00,5917.030000000002,5930.050000000002,5910.030000000002,5927.050000000002,1207
2026-05-19T16:30:00+00:00,5927.050000000002,5932.050000000002,5923.040000000002,5929.550000000002,1119
2026-05-19T17:00:00+00:00,5929.550000000002,5933.050000000002,5926.550000000002,5930.040000000002,354
2026-05-19T17:30:00+00:00,5930.040000000002,5932.050000000002,5924.030000000002,5928.030000000002,565
2026-05-19T18:00:00+00:00,5928.030000000002,5933.050000000002,5917.030000000002,5917.030000000002,1010
2026-05-19T18:30:00+00:00,5917.030000000002,5923.050000000002,5910.540000000002,5912.540000000002,752
2026-05-19T19:00:00+00:00,5912.540000000002,5925.050000000002,5912.030000000002,5917.050000000002,972
2026-05-19T19:30:00+00:00,5917.050000000002,5918.550000000002,5904.030000000002,5908.590000000002,825
2026-05-20T06:00:00+00:00,5908.590000000002,5917.8600000000015,5899.850000000002,5913.870000000002,920.0722304596484
2026-05-20T06:30:00+00:00,5913.870000000002,5921.8600000000015,5907.850000000002,5920.370000000002,750
2026-05-20T07:00:00+00:00,5920.370000000002,5938.870000000002,5914.850000000002,5938.3600000000015,892
2026-05-20T07:30:00+00:00,5938.3600000000015,5938.3600000000015,5915.850000000002,5915.850000000002,616
2026-05-20T08:00:00+00:00,5915.850000000002,5935.870000000002,5912.850000000002,5935.350000000002,1428
2026-05-20T08:30:00+00:00,5935.350000000002,5956.370000000002,5933.850000000002,5951.850000000002,1186
2026-05-20T09:00:00+00:00,5951.850000000002,5957.8600000000015,5945.850000000002,5953.350000000002,721
2026-05-20T09:30:00+00:00,5953.350000000002,5962.870000000002,5950.350000000002,5961.370000000002,482
2026-05-20T10:00:00+00:00,5961.370000000002,5976.870000000002,5960.8600000000015,5973.870000000002,412
2026-05-20T10:30:00+00:00,5973.870000000002,5984.8600000000015,5964.8600000000015,5966.8600000000015,532
2026-05-20T11:00:00+00:00,5966.8600000000015,5972.870000000002,5962.850000000002,5972.870000000002,475
2026-05-20T11:30:00+00:00,5972.870000000002,5973.870000000002,5960.850000000002,5964.370000000002,747
2026-05-20T12:00:00+00:00,5964.370000000002,5979.3600000000015,5962.850000000002,5976.8600000000015,707
2026-05-20T12:30:00+00:00,5976.8600000000015,5979.3600000000015,5962.3600000000015,5962.870000000002,534
2026-05-20T13:00:00+00:00,5962.870000000002,5972.870000000002,5961.850000000002,5968.3600000000015,693
2026-05-20T13:30:00+00:00,5968.3600000000015,5985.850000000002,5965.3600000000015,5983.370000000002,1886
2026-05-20T14:00:00+00:00,5983.370000000002,6025.870000000002,5962.870000000002,6019.3600000000015,4519
2026-05-20T14:30:00+00:00,6019.3600000000015,6041.350000000002,6013.850000000002,6033.870000000002,2451
2026-05-20T15:00:00+00:00,6033.870000000002,6087.370000000002,6029.8600000000015,6045.850000000002,3373
2026-05-20T15:30:00+00:00,6045.850000000002,6050.870000000002,6035.850000000002,6040.8600000000015,1432
2026-05-20T16:00:00+00:00,6040.8600000000015,6047.870000000002,6029.850000000002,6035.3600000000015,1454
2026-05-20T16:30:00+00:00,6035.3600000000015,6045.870000000002,6031.850000000002,6040.370000000002,1406
2026-05-20T17:00:00+00:00,6040.370000000002,6048.8600000000015,6033.850000000002,6045.350000000002,1715
2026-05-20T17:30:00+00:00,6045.350000000002,6051.850000000002,6042.850000000002,6046.350000000002,982
2026-05-20T18:00:00+00:00,6046.350000000002,6051.870000000002,6043.850000000002,6050.870000000002,682.9959670027497
2026-05-20T18:30:00+00:00,6050.870000000002,6055.370000000002,6047.8600000000015,6052.8600000000015,607.8782716168787
2026-05-20T19:00:00+00:00,6052.8600000000015,6059.870000000002,6051.8600000000015,6057.870000000002,321.9260648272167
2026-05-20T19:30:00+00:00,6057.870000000002,6063.870000000002,6055.350000000002,6061.420000000002,805
2026-05-21T06:00:00+00:00,6061.420000000002,6061.920000000002,6029.490000000002,6038.480000000002,704.210671573137
2026-05-21T06:30:00+00:00,6038.480000000002,6042.490000000002,6025.480000000002,6032.490000000002,710
2026-05-21T07:00:00+00:00,6032.490000000002,6042.500000000002,6015.540000000002,6018.490000000002,1317
2026-05-21T07:30:00+00:00,6018.490000000002,6044.500000000002,6017.990000000002,6038.500000000002,754
2026-05-21T08:00:00+00:00,6038.500000000002,6078.000000000002,6038.490000000002,6064.490000000002,1429
2026-05-21T08:30:00+00:00,6064.490000000002,6064.490000000002,6053.480000000002,6060.480000000002,1035
2026-05-21T09:00:00+00:00,6060.480000000002,6081.500000000002,6058.480000000002,6079.500000000002,980
2026-05-21T09:30:00+00:00,6079.500000000002,6081.500000000002,6065.980000000002,6073.500000000002,737
2026-05-21T10:00:00+00:00,6073.500000000002,6078.980000000002,6033.980000000002,6037.490000000002,2115
2026-05-21T10:30:00+00:00,6037.490000000002,6038.500000000002,5995.480000000002,6007.980000000002,3527
2026-05-21T11:00:00+00:00,6007.980000000002,6027.490000000002,6003.480000000002,6023.500000000002,1417
2026-05-21T11:30:00+00:00,6023.500000000002,6027.480000000002,6012.480000000002,6016.990000000002,803
2026-05-21T12:00:00+00:00,6016.990000000002,6023.500000000002,6004.990000000002,6009.480000000002,768
2026-05-21T12:30:00+00:00,6009.480000000002,6026.500000000002,6007.480000000002,6015.500000000002,1751
2026-05-21T13:00:00+00:00,6015.500000000002,6025.500000000002,6012.480000000002,6024.480000000002,999
2026-05-21T13:30:00+00:00,6024.480000000002,6059.500000000002,6012.480000000002,6058.990000000002,3030
2026-05-21T14:00:00+00:00,6058.990000000002,6062.500000000002,6037.480000000002,6047.990000000002,2512
2026-05-21T14:30:00+00:00,6047.990000000002,6057.500000000002,6046.490000000002,6055.000000000002,1446
2026-05-21T15:00:00+00:00,6055.000000000002,6058.500000000002,6039.480000000002,6045.500000000002,1528
2026-05-21T15:30:00+00:00,6045.500000000002,6046.500000000002,6029.490000000002,6037.480000000002,764
2026-05-21T16:00:00+00:00,6037.480000000002,6049.500000000002,6037.480000000002,6045.480000000002,1260
2026-05-21T16:30:00+00:00,6045.480000000002,6047.990000000002,6038.980000000002,6044.500000000002,558
2026-05-21T17:00:00+00:00,6044.500000000002,6094.500000000002,6044.490000000002,6091.480000000002,3624
2026-05-21T17:30:00+00:00,6091.480000000002,6117.490000000002,6088.480000000002,6108.480000000002,1282
2026-05-21T18:00:00+00:00,6108.480000000002,6113.480000000002,6093.480000000002,6103.500000000002,1620
2026-05-21T18:30:00+00:00,6103.500000000002,6104.490000000002,6078.480000000002,6085.500000000002,2511
2026-05-21T19:00:00+00:00,6085.500000000002,6099.500000000002,6083.490000000002,6094.480000000002,1186
2026-05-21T19:30:00+00:00,6094.480000000002,6098.500000000002,6079.480000000002,6091.040000000002,1443
2026-05-22T06:00:00+00:00,6091.040000000002,6097.250000000002,6086.240000000002,6089.260000000002,707.3096723868955
2026-05-22T06:30:00+00:00,6089.260000000002,6096.760000000002,6085.290000000002,6090.240000000002,516
2026-05-22T07:00:00+00:00,6090.240000000002,6090.250000000002,6072.250000000002,6084.240000000002,1331
2026-05-22T07:30:00+00:00,6084.240000000002,6086.250000000002,6062.250000000002,6075.760000000002,862
2026-05-22T08:00:00+00:00,6075.760000000002,6085.260000000002,6066.250000000002,6081.250000000002,1455
2026-05-22T08:30:00+00:00,6081.250000000002,6082.260000000002,6061.240000000002,6071.740000000002,1462
2026-05-22T09:00:00+00:00,6071.740000000002,6078.260000000002,6061.240000000002,6075.250000000002,884
2026-05-22T09:30:00+00:00,6075.250000000002,6084.250000000002,6069.260000000002,6081.240000000002,680
2026-05-22T10:00:00+00:00,6081.240000000002,6086.260000000002,6077.260000000002,6080.260000000002,564
2026-05-22T10:30:00+00:00,6080.260000000002,6082.260000000002,6068.240000000002,6069.760000000002,529
2026-05-22T11:00:00+00:00,6069.760000000002,6076.750000000002,6064.250000000002,6067.260000000002,442
2026-05-22T11:30:00+00:00,6067.260000000002,6086.740000000002,6067.240000000002,6078.260000000002,629
2026-05-22T12:00:00+00:00,6078.260000000002,6109.260000000002,6077.240000000002,6091.750000000002,2452
2026-05-22T12:30:00+00:00,6091.750000000002,6104.740000000002,6086.250000000002,6103.260000000002,834
2026-05-22T13:00:00+00:00,6103.260000000002,6108.260000000002,6093.240000000002,6100.260000000002,1440
2026-05-22T13:30:00+00:00,6100.260000000002,6107.260000000002,6092.240000000002,6099.260000000002,2028
2026-05-22T14:00:00+00:00,6099.260000000002,6099.750000000002,6079.250000000002,6087.760000000002,1622
2026-05-22T14:30:00+00:00,6087.760000000002,6099.260000000002,6086.240000000002,6097.250000000002,555.4147501982553
2026-05-22T15:00:00+00:00,6097.250000000002,6101.760000000002,6091.750000000002,6098.250000000002,600
2026-05-22T15:30:00+00:00,6098.250000000002,6100.750000000002,6078.760000000002,6082.250000000002,651
2026-05-22T16:00:00+00:00,6082.250000000002,6085.770000000002,6074.760000000002,6083.750000000002,723
2026-05-22T16:30:00+00:00,6083.750000000002,6086.770000000002,6077.750000000002,6080.750000000002,349
2026-05-22T17:00:00+00:00,6080.750000000002,6098.760000000002,6068.750000000002,6097.750000000002,1387
2026-05-22T17:30:00+00:00,6097.750000000002,6104.770000000002,6082.750000000002,6084.750000000002,1307
2026-05-22T18:00:00+00:00,6084.750000000002,6085.770000000002,6075.750000000002,6079.770000000002,716
2026-05-22T18:30:00+00:00,6079.770000000002,6087.770000000002,6077.250000000002,6080.760000000002,506
2026-05-22T19:00:00+00:00,6080.760000000002,6081.770000000002,6065.260000000002,6066.750000000002,707
2026-05-22T19:30:00+00:00,6066.750000000002,6073.770000000002,6064.750000000002,6068.800000000002,854
2026-05-25T06:00:00+00:00,6068.800000000002,6159.610000000002,6067.300000000002,6159.600000000002,347.9970972423803
2026-05-25T06:30:00+00:00,6159.600000000002,6161.610000000002,6149.590000000002,6150.100000000002,389
2026-05-25T07:00:00+00:00,6150.100000000002,6164.600000000002,6133.590000000002,6155.100000000002,1176
2026-05-25T07:30:00+00:00,6155.100000000002,6170.610000000002,6153.610000000002,6161.610000000002,713
2026-05-25T08:00:00+00:00,6161.610000000002,6165.600000000002,6154.590000000002,6164.100000000002,454
2026-05-25T08:30:00+00:00,6164.100000000002,6169.600000000002,6162.590000000002,6165.610000000002,295.5268120212139
2026-05-25T09:00:00+00:00,6165.610000000002,6175.610000000002,6164.590000000002,6173.610000000002,332.47495682210706
2026-05-25T09:30:00+00:00,6173.610000000002,6183.610000000002,6173.600000000002,6179.600000000002,287
2026-05-25T10:00:00+00:00,6179.600000000002,6186.610000000002,6177.590000000002,6180.610000000002,289
2026-05-25T10:30:00+00:00,6180.610000000002,6184.610000000002,6179.590000000002,6182.590000000002,271.888153053716
2026-05-25T11:00:00+00:00,6182.590000000002,6185.610000000002,6176.590000000002,6182.600000000002,235.53224254090472
2026-05-25T11:30:00+00:00,6182.600000000002,6194.610000000002,6182.600000000002,6190.590000000002,426.9861932938856
2026-05-25T12:00:00+00:00,6190.590000000002,6206.610000000002,6188.590000000002,6195.110000000002,403
2026-05-25T12:30:00+00:00,6195.110000000002,6201.610000000002,6192.590000000002,6193.600000000002,368.1217137293087
2026-05-25T13:00:00+00:00,6193.600000000002,6198.610000000002,6192.090000000002,6195.100000000002,228.18680312272153
2026-05-25T13:30:00+00:00,6195.100000000002,6208.600000000002,6195.100000000002,6206.100000000002,189
2026-05-25T14:00:00+00:00,6206.100000000002,6215.610000000002,6203.110000000002,6214.590000000002,227
2026-05-25T14:30:00+00:00,6214.590000000002,6216.600000000002,6206.590000000002,6209.600000000002,218.58088235294116
2026-05-25T15:00:00+00:00,6209.600000000002,6219.600000000002,6200.590000000002,6208.110000000002,978
2026-05-25T15:30:00+00:00,6208.110000000002,6215.610000000002,6200.590000000002,6215.600000000002,463.3540701522171
2026-05-25T16:00:00+00:00,6215.600000000002,6215.610000000002,6209.600000000002,6214.100000000002,179.42150968603875
2026-05-25T16:30:00+00:00,6214.100000000002,6217.610000000002,6210.600000000002,6217.110000000002,389.3780918727915
2026-05-25T17:00:00+00:00,6217.110000000002,6223.600000000002,6215.600000000002,6219.110000000002,165
2026-05-25T17:30:00+00:00,6219.110000000002,6219.590000000002,6215.590000000002,6215.590000000002,63.524546128714306
2026-05-25T18:00:00+00:00,6215.590000000002,6216.600000000002,6213.590000000002,6214.100000000002,163.97374417358992
2026-05-25T18:30:00+00:00,6214.100000000002,6215.610000000002,6213.090000000002,6215.590000000002,190.49214048231775
2026-05-25T19:00:00+00:00,6215.590000000002,6215.610000000002,6212.610000000002,6213.610000000002,80.77988182988183
2026-05-25T19:30:00+00:00,6213.610000000002,6215.610000000002,6211.090000000002,6214.590000000002,307.766004415011
2026-05-26T06:00:00+00:00,6214.590000000002,6215.590000000002,6184.540000000002,6190.540000000002,449.60710607621013
2026-05-26T06:30:00+00:00,6190.540000000002,6199.560000000002,6185.560000000002,6193.550000000002,610
2026-05-26T07:00:00+00:00,6193.550000000002,6200.560000000002,6172.540000000002,6173.060000000002,1373
2026-05-26T07:30:00+00:00,6173.060000000002,6177.060000000002,6161.550000000002,6171.540000000002,758
2026-05-26T08:00:00+00:00,6171.540000000002,6173.060000000002,6160.540000000002,6163.550000000002,855
2026-05-26T08:30:00+00:00,6163.550000000002,6164.560000000002,6151.540000000002,6152.550000000002,815
2026-05-26T09:00:00+00:00,6152.550000000002,6162.560000000002,6149.540000000002,6162.550000000002,706
2026-05-26T09:30:00+00:00,6162.550000000002,6163.560000000002,6154.550000000002,6157.040000000002,530
2026-05-26T10:00:00+00:00,6157.040000000002,6168.560000000002,6152.550000000002,6163.560000000002,692
2026-05-26T10:30:00+00:00,6163.560000000002,6170.560000000002,6157.560000000002,6165.060000000002,707
2026-05-26T11:00:00+00:00,6165.060000000002,6166.550000000002,6159.540000000002,6161.050000000002,461
2026-05-26T11:30:00+00:00,6161.050000000002,6166.560000000002,6149.540000000002,6163.540000000002,804
2026-05-26T12:00:00+00:00,6163.540000000002,6172.560000000002,6155.540000000002,6171.560000000002,560
2026-05-26T12:30:00+00:00,6171.560000000002,6174.550000000002,6165.540000000002,6171.060000000002,316
2026-05-26T13:00:00+00:00,6171.060000000002,6174.550000000002,6167.540000000002,6168.550000000002,396
2026-05-26T13:30:00+00:00,6168.550000000002,6171.560000000002,6151.050000000002,6157.060000000002,1201
2026-05-26T14:00:00+00:00,6157.060000000002,6164.560000000002,6153.540000000002,6158.040000000002,697
2026-05-26T14:30:00+00:00,6158.040000000002,6163.560000000002,6150.540000000002,6155.060000000002,605
2026-05-26T15:00:00+00:00,6155.060000000002,6155.060000000002,6138.050000000002,6140.560000000002,521
2026-05-26T15:30:00+00:00,6140.560000000002,6144.060000000002,6130.560000000002,6138.560000000002,699
2026-05-26T16:00:00+00:00,6138.560000000002,6144.560000000002,6136.540000000002,6143.060000000002,509
2026-05-26T16:30:00+00:00,6143.060000000002,6147.560000000002,6135.540000000002,6138.560000000002,490
2026-05-26T17:00:00+00:00,6138.560000000002,6141.560000000002,6133.540000000002,6134.050000000002,320
2026-05-26T17:30:00+00:00,6134.050000000002,6140.560000000002,6134.050000000002,6137.540000000002,434
2026-05-26T18:00:00+00:00,6137.540000000002,6142.560000000002,6136.540000000002,6140.550000000002,453.1525423728814
2026-05-26T18:30:00+00:00,6140.550000000002,6145.560000000002,6140.550000000002,6142.550000000002,366
2026-05-26T19:00:00+00:00,6142.550000000002,6148.560000000002,6140.540000000002,6147.560000000002,416
2026-05-26T19:30:00+00:00,6147.560000000002,6153.560000000002,6147.540000000002,6152.590000000002,338
2026-05-27T06:00:00+00:00,6152.590000000002,6164.460000000002,6152.090000000002,6156.960000000002,315.2949266566077
2026-05-27T06:30:00+00:00,6156.960000000002,6164.460000000002,6150.440000000002,6156.440000000002,323
2026-05-27T07:00:00+00:00,6156.440000000002,6179.460000000002,6155.440000000002,6172.950000000003,1086
2026-05-27T07:30:00+00:00,6172.950000000003,6179.440000000002,6170.440000000002,6173.950000000003,404
2026-05-27T08:00:00+00:00,6173.950000000003,6182.450000000003,6168.960000000002,6178.960000000002,739
2026-05-27T08:30:00+00:00,6178.960000000002,6184.460000000002,6174.440000000002,6179.950000000003,506
2026-05-27T09:00:00+00:00,6179.950000000003,6192.460000000002,6179.940000000002,6183.940000000002,466
2026-05-27T09:30:00+00:00,6183.940000000002,6193.440000000002,6183.940000000002,6186.950000000003,316
2026-05-27T10:00:00+00:00,6186.950000000003,6194.940000000002,6184.950000000003,6188.440000000002,434
2026-05-27T10:30:00+00:00,6188.440000000002,6191.460000000002,6182.440000000002,6189.950000000003,282
2026-05-27T11:00:00+00:00,6189.950000000003,6193.460000000002,6181.940000000002,6185.460000000002,450
2026-05-27T11:30:00+00:00,6185.460000000002,6188.460000000002,6177.460000000002,6177.460000000002,311
2026-05-27T12:00:00+00:00,6177.460000000002,6208.450000000003,6171.440000000002,6201.440000000002,2148
2026-05-27T12:30:00+00:00,6201.440000000002,6205.460000000002,6180.440000000002,6180.960000000002,1524
2026-05-27T13:00:00+00:00,6180.960000000002,6186.460000000002,6174.440000000002,6174.440000000002,695
2026-05-27T13:30:00+00:00,6174.440000000002,6176.940000000002,6155.450000000003,6169.450000000003,1439
2026-05-27T14:00:00+00:00,6169.450000000003,6170.450000000003,6143.440000000002,6147.960000000002,1477
2026-05-27T14:30:00+00:00,6147.960000000002,6153.460000000002,6124.450000000003,6149.450000000003,1538.9805146140395
2026-05-27T15:00:00+00:00,6149.450000000003,6155.940000000003,6145.930000000003,6154.450000000003,984
2026-05-27T15:30:00+00:00,6154.450000000003,6159.950000000003,6126.930000000003,6134.930000000003,1036
2026-05-27T16:00:00+00:00,6134.930000000003,6145.950000000003,6128.940000000003,6142.440000000003,513
2026-05-27T16:30:00+00:00,6142.440000000003,6145.950000000003,6139.930000000003,6140.940000000003,424.10130164119977
2026-05-27T17:00:00+00:00,6140.940000000003,6142.950000000003,6130.940000000003,6139.950000000003,899
2026-05-27T17:30:00+00:00,6139.950000000003,6143.950000000003,6137.930000000003,6137.950000000003,420
2026-05-27T18:00:00+00:00,6137.950000000003,6147.950000000003,6135.940000000003,6147.940000000003,461.4043198181129
2026-05-27T18:30:00+00:00,6147.940000000003,6150.950000000003,6146.930000000003,6147.940000000003,239.21469676848164
2026-05-27T19:00:00+00:00,6147.940000000003,6150.940000000003,6147.930000000003,6148.930000000003,314
2026-05-27T19:30:00+00:00,6148.930000000003,6154.940000000003,6141.450000000003,6145.480000000003,451
2026-05-28T06:00:00+00:00,6145.480000000003,6147.980000000003,6106.7800000000025,6113.770000000003,216.22078313253013
2026-05-28T06:30:00+00:00,6113.770000000003,6118.770000000003,6105.770000000003,6118.260000000003,310
2026-05-28T07:00:00+00:00,6118.260000000003,6136.7800000000025,6117.760000000003,6133.2800000000025,1120
2026-05-28T07:30:00+00:00,6133.2800000000025,6135.760000000003,6118.760000000003,6130.7800000000025,846
2026-05-28T08:00:00+00:00,6130.7800000000025,6135.7800000000025,6120.760000000003,6124.260000000003,1074
2026-05-28T08:30:00+00:00,6124.260000000003,6129.7800000000025,6120.770000000003,6129.760000000003,429
2026-05-28T09:00:00+00:00,6129.760000000003,6139.770000000003,6127.7800000000025,6136.760000000003,370
2026-05-28T09:30:00+00:00,6136.760000000003,6140.7800000000025,6129.760000000003,6136.2800000000025,487
2026-05-28T10:00:00+00:00,6136.2800000000025,6137.7800000000025,6128.760000000003,6131.2800000000025,490
2026-05-28T10:30:00+00:00,6131.2800000000025,6132.770000000003,6109.7800000000025,6118.2800000000025,985
2026-05-28T11:00:00+00:00,6118.2800000000025,6123.760000000003,6113.770000000003,6116.270000000003,922
2026-05-28T11:30:00+00:00,6116.270000000003,6120.7800000000025,6112.760000000003,6113.270000000003,434.8158336128816
2026-05-28T12:00:00+00:00,6113.270000000003,6115.7800000000025,6106.270000000003,6112.770000000003,285
2026-05-28T12:30:00+00:00,6112.770000000003,6124.7800000000025,6112.260000000003,6121.770000000003,640
2026-05-28T13:00:00+00:00,6121.770000000003,6129.760000000003,6111.260000000003,6111.770000000003,413
2026-05-28T13:30:00+00:00,6111.770000000003,6113.7800000000025,6097.760000000003,6104.770000000003,868
2026-05-28T14:00:00+00:00,6104.770000000003,6159.7800000000025,6099.760000000003,6134.2800000000025,4153
2026-05-28T14:30:00+00:00,6134.2800000000025,6137.7800000000025,6110.760000000003,6120.260000000003,2185
2026-05-28T15:00:00+00:00,6120.260000000003,6133.760000000003,6119.270000000003,6131.770000000003,917
2026-05-28T15:30:00+00:00,6131.770000000003,6131.7800000000025,6121.770000000003,6127.7800000000025,412
2026-05-28T16:00:00+00:00,6127.7800000000025,6143.770000000003,6121.770000000003,6135.7800000000025,638
2026-05-28T16:30:00+00:00,6135.7800000000025,6143.2800000000025,6128.760000000003,6142.260000000003,308
2026-05-28T17:00:00+00:00,6142.260000000003,6143.7800000000025,6132.760000000003,6133.270000000003,289
2026-05-28T17:30:00+00:00,6133.270000000003,6135.7800000000025,6131.760000000003,6134.770000000003,196.60970293823001
2026-05-28T18:00:00+00:00,6134.770000000003,6136.770000000003,6127.760000000003,6128.7800000000025,503
2026-05-28T18:30:00+00:00,6128.7800000000025,6130.7800000000025,6122.760000000003,6128.260000000003,220
2026-05-28T19:00:00+00:00,6128.260000000003,6130.770000000003,6124.760000000003,6126.760000000003,125.92002559181063
2026-05-28T19:30:00+00:00,6126.760000000003,6130.7800000000025,6122.320000000002,6122.810000000003,310.87031700288185
2026-05-29T06:00:00+00:00,6122.810000000003,6143.020000000003,6122.310000000003,6133.500000000003,287.81215970961887
2026-05-29T06:30:00+00:00,6133.500000000003,6148.010000000003,6132.010000000003,6148.010000000003,421
2026-05-29T07:00:00+00:00,6148.010000000003,6156.520000000003,6140.510000000003,6152.000000000003,1209
2026-05-29T07:30:00+00:00,6152.000000000003,6161.020000000003,6144.000000000003,6159.520000000003,682
2026-05-29T08:00:00+00:00,6159.520000000003,6164.020000000003,6153.000000000003,6162.000000000003,693
2026-05-29T08:30:00+00:00,6162.000000000003,6165.020000000003,6154.500000000003,6155.520000000003,412
2026-05-29T09:00:00+00:00,6155.520000000003,6175.020000000003,6154.000000000003,6171.000000000003,770
2026-05-29T09:30:00+00:00,6171.000000000003,6180.000000000003,6169.000000000003,6169.500000000003,638
2026-05-29T10:00:00+00:00,6169.500000000003,6170.020000000003,6156.010000000003,6159.020000000003,480
2026-05-29T10:30:00+00:00,6159.020000000003,6168.020000000003,6157.000000000003,6165.000000000003,479.4635193133047
2026-05-29T11:00:00+00:00,6165.000000000003,6166.020000000003,6155.000000000003,6155.510000000003,394
2026-05-29T11:30:00+00:00,6155.510000000003,6157.010000000003,6142.000000000003,6155.020000000003,761
2026-05-29T12:00:00+00:00,6155.020000000003,6157.020000000003,6146.000000000003,6155.520000000003,450.76786506879716
2026-05-29T12:30:00+00:00,6155.520000000003,6159.020000000003,6146.020000000003,6152.510000000003,585
2026-05-29T13:00:00+00:00,6152.510000000003,6157.020000000003,6138.000000000003,6141.020000000003,443
2026-05-29T13:30:00+00:00,6141.020000000003,6145.020000000003,6133.510000000003,6135.020000000003,671
2026-05-29T14:00:00+00:00,6135.020000000003,6138.020000000003,6128.000000000003,6134.010000000003,717
2026-05-29T14:30:00+00:00,6134.010000000003,6155.020000000003,6126.010000000003,6145.010000000003,2136.5198396793585
2026-05-29T15:00:00+00:00,6145.010000000003,6155.520000000003,6119.010000000003,6121.010000000003,1080
2026-05-29T15:30:00+00:00,6121.010000000003,6130.520000000003,6106.000000000003,6116.020000000003,1847
2026-05-29T16:00:00+00:00,6116.020000000003,6123.510000000003,6114.500000000003,6118.510000000003,497
2026-05-29T16:30:00+00:00,6118.510000000003,6125.500000000003,6116.520000000003,6119.520000000003,559
2026-05-29T17:00:00+00:00,6119.520000000003,6123.500000000003,6115.500000000003,6116.520000000003,344
2026-05-29T17:30:00+00:00,6116.520000000003,6117.500000000003,6105.520000000003,6105.520000000003,254
2026-05-29T18:00:00+00:00,6105.520000000003,6111.520000000003,6104.520000000003,6109.510000000003,334
2026-05-29T18:30:00+00:00,6109.510000000003,6112.520000000003,6097.500000000003,6101.500000000003,638
2026-05-29T19:00:00+00:00,6101.500000000003,6107.520000000003,6100.500000000003,6107.020000000003,316
2026-05-29T19:30:00+00:00,6107.020000000003,6109.520000000003,6099.500000000003,6100.550000000003,479
2026-06-01T06:00:00+00:00,6100.550000000003,6125.520000000003,6098.550000000003,6113.500000000003,335.53849071971706
2026-06-01T06:30:00+00:00,6113.500000000003,6120.520000000003,6110.510000000003,6117.500000000003,417
2026-06-01T07:00:00+00:00,6117.500000000003,6132.520000000003,6115.500000000003,6123.520000000003,1553
2026-06-01T07:30:00+00:00,6123.520000000003,6130.520000000003,6114.500000000003,6129.000000000003,702
2026-06-01T08:00:00+00:00,6129.000000000003,6134.520000000003,6122.510000000003,6126.510000000003,823
2026-06-01T08:30:00+00:00,6126.510000000003,6131.520000000003,6118.510000000003,6131.510000000003,728
2026-06-01T09:00:00+00:00,6131.510000000003,6139.500000000003,6131.510000000003,6139.000000000003,568
2026-06-01T09:30:00+00:00,6139.000000000003,6140.520000000003,6117.000000000003,6122.010000000003,482
2026-06-01T10:00:00+00:00,6122.010000000003,6132.520000000003,6119.000000000003,6131.000000000003,436.63421828908554
2026-06-01T10:30:00+00:00,6131.000000000003,6135.000000000003,6128.500000000003,6131.520000000003,358.2724358974359
2026-06-01T11:00:00+00:00,6131.520000000003,6133.520000000003,6122.500000000003,6125.010000000003,435
2026-06-01T11:30:00+00:00,6125.010000000003,6139.520000000003,6123.500000000003,6136.510000000003,524
2026-06-01T12:00:00+00:00,6136.510000000003,6141.510000000003,6129.520000000003,6138.520000000003,676
2026-06-01T12:30:00+00:00,6138.520000000003,6153.520000000003,6136.020000000003,6147.500000000003,955
2026-06-01T13:00:00+00:00,6147.500000000003,6148.520000000003,6081.500000000003,6087.500000000003,5347
2026-06-01T13:30:00+00:00,6087.500000000003,6101.520000000003,6073.500000000003,6076.520000000003,3701
2026-06-01T14:00:00+00:00,6076.520000000003,6099.020000000003,6069.500000000003,6083.500000000003,2559
2026-06-01T14:30:00+00:00,6083.500000000003,6093.510000000003,6077.500000000003,6079.510000000003,1321
2026-06-01T15:00:00+00:00,6079.510000000003,6097.510000000003,6076.020000000003,6094.510000000003,1057
2026-06-01T15:30:00+00:00,6094.510000000003,6113.520000000003,6092.520000000003,6100.520000000003,1990
2026-06-01T16:00:00+00:00,6100.520000000003,6108.510000000003,6092.000000000003,6097.500000000003,921
2026-06-01T16:30:00+00:00,6097.500000000003,6119.520000000003,6096.510000000003,6116.520000000003,1115
2026-06-01T17:00:00+00:00,6116.520000000003,6131.520000000003,6107.500000000003,6129.520000000003,576
2026-06-01T17:30:00+00:00,6129.520000000003,6152.510000000003,6122.500000000003,6132.520000000003,1610
2026-06-01T18:00:00+00:00,6132.520000000003,6137.520000000003,6130.500000000003,6132.510000000003,367
2026-06-01T18:30:00+00:00,6132.510000000003,6133.520000000003,6130.500000000003,6131.520000000003,285.0901303538175
2026-06-01T19:00:00+00:00,6131.520000000003,6135.500000000003,6129.500000000003,6132.500000000003,286.1121495327103
2026-06-01T19:30:00+00:00,6132.500000000003,6132.520000000003,6119.500000000003,6121.060000000003,448
2026-06-02T06:00:00+00:00,6121.060000000003,6137.890000000003,6118.060000000003,6135.890000000003,341.15867291741796
2026-06-02T06:30:00+00:00,6135.890000000003,6145.370000000003,6131.880000000003,6145.370000000003,436
2026-06-02T07:00:00+00:00,6145.370000000003,6170.880000000003,6143.370000000003,6162.380000000003,1298
2026-06-02T07:30:00+00:00,6162.380000000003,6178.390000000003,6160.870000000003,6178.370000000003,774
2026-06-02T08:00:00+00:00,6178.370000000003,6186.890000000003,6167.870000000003,6167.870000000003,1313
2026-06-02T08:30:00+00:00,6167.870000000003,6172.880000000003,6163.880000000003,6169.380000000003,527.0723763570567
2026-06-02T09:00:00+00:00,6169.380000000003,6169.380000000003,6158.880000000003,6161.390000000003,556
2026-06-02T09:30:00+00:00,6161.390000000003,6171.390000000003,6151.870000000003,6167.380000000003,476
2026-06-02T10:00:00+00:00,6167.380000000003,6170.880000000003,6161.870000000003,6166.390000000003,319.00950209045993
2026-06-02T10:30:00+00:00,6166.390000000003,6169.890000000003,6162.880000000003,6167.380000000003,368
2026-06-02T11:00:00+00:00,6167.380000000003,6177.890000000003,6163.870000000003,6176.870000000003,382
2026-06-02T11:30:00+00:00,6176.870000000003,6177.890000000003,6170.870000000003,6174.390000000003,442
2026-06-02T12:00:00+00:00,6174.390000000003,6175.890000000003,6166.880000000003,6172.370000000003,418
2026-06-02T12:30:00+00:00,6172.370000000003,6172.880000000003,6157.870000000003,6160.380000000003,622
2026-06-02T13:00:00+00:00,6160.380000000003,6160.890000000003,6142.880000000003,6148.370000000003,1227
2026-06-02T13:30:00+00:00,6148.370000000003,6159.890000000003,6145.870000000003,6154.880000000003,1138
2026-06-02T14:00:00+00:00,6154.880000000003,6160.890000000003,6150.870000000003,6156.870000000003,1179
2026-06-02T14:30:00+00:00,6156.870000000003,6176.890000000003,6155.870000000003,6171.390000000003,725
2026-06-02T15:00:00+00:00,6171.390000000003,6182.390000000003,6166.870000000003,6178.380000000003,472
2026-06-02T15:30:00+00:00,6178.380000000003,6181.890000000003,6171.370000000003,6174.380000000003,548
2026-06-02T16:00:00+00:00,6174.380000000003,6176.870000000003,6162.870000000003,6163.370000000003,517
2026-06-02T16:30:00+00:00,6163.370000000003,6164.890000000003,6156.880000000003,6163.890000000003,320.96248325145154
2026-06-02T17:00:00+00:00,6163.890000000003,6166.880000000003,6152.880000000003,6155.890000000003,269
2026-06-02T17:30:00+00:00,6155.890000000003,6156.890000000003,6152.870000000003,6155.880000000003,154.5893437296946
2026-06-02T18:00:00+00:00,6155.880000000003,6164.890000000003,6155.880000000003,6162.880000000003,191.75306122448978
2026-06-02T18:30:00+00:00,6162.880000000003,6167.870000000003,6161.870000000003,6165.870000000003,179.7834179357022
2026-06-02T19:00:00+00:00,6165.870000000003,6168.880000000003,6165.870000000003,6167.890000000003,96.72082806338102
2026-06-02T19:30:00+00:00,6167.890000000003,6173.930000000003,6167.880000000003,6172.920000000003,178
2026-06-03T06:00:00+00:00,6172.920000000003,6176.920000000003,6159.120000000003,6161.120000000003,343.8046181172291
2026-06-03T06:30:00+00:00,6161.120000000003,6168.140000000003,6156.140000000003,6165.630000000003,565.9221698113208
2026-06-03T07:00:00+00:00,6165.630000000003,6170.140000000003,6155.130000000003,6159.620000000003,1172
2026-06-03T07:30:00+00:00,6159.620000000003,6164.120000000003,6145.120000000003,6164.120000000003,804
2026-06-03T08:00:00+00:00,6164.120000000003,6167.130000000003,6156.120000000003,6163.120000000003,887
2026-06-03T08:30:00+00:00,6163.120000000003,6167.630000000003,6158.120000000003,6163.640000000003,553
2026-06-03T09:00:00+00:00,6163.640000000003,6171.130000000003,6159.140000000003,6161.140000000003,409
2026-06-03T09:30:00+00:00,6161.140000000003,6162.130000000003,6150.130000000003,6151.120000000003,400
2026-06-03T10:00:00+00:00,6151.120000000003,6169.140000000003,6148.130000000003,6162.130000000003,1561
2026-06-03T10:30:00+00:00,6162.130000000003,6162.140000000003,6142.130000000003,6151.140000000003,399
2026-06-03T11:00:00+00:00,6151.140000000003,6155.140000000003,6144.640000000003,6150.120000000003,356
2026-06-03T11:30:00+00:00,6150.120000000003,6157.140000000003,6149.120000000003,6153.130000000003,387.4932362122789
2026-06-03T12:00:00+00:00,6153.130000000003,6155.640000000003,6143.120000000003,6143.640000000003,357
2026-06-03T12:30:00+00:00,6143.640000000003,6147.140000000003,6135.620000000003,6143.620000000003,412
2026-06-03T13:00:00+00:00,6143.620000000003,6151.140000000003,6142.120000000003,6145.120000000003,444
2026-06-03T13:30:00+00:00,6145.120000000003,6149.130000000003,6125.130000000003,6144.620000000003,1224
2026-06-03T14:00:00+00:00,6144.620000000003,6148.640000000003,6126.630000000003,6145.120000000003,1282
2026-06-03T14:30:00+00:00,6145.120000000003,6145.140000000003,6133.120000000003,6138.120000000003,643.325631768953
2026-06-03T15:00:00+00:00,6138.120000000003,6142.630000000003,6131.620000000003,6141.620000000003,580
2026-06-03T15:30:00+00:00,6141.620000000003,6142.640000000003,6120.630000000003,6130.130000000003,720
2026-06-03T16:00:00+00:00,6130.130000000003,6130.640000000003,6118.640000000003,6122.620000000003,381
2026-06-03T16:30:00+00:00,6122.620000000003,6126.640000000003,6118.620000000003,6125.630000000003,420
2026-06-03T17:00:00+00:00,6125.630000000003,6130.640000000003,6119.140000000003,6122.620000000003,365
2026-06-03T17:30:00+00:00,6122.620000000003,6128.640000000003,6119.630000000003,6128.630000000003,394.6792160907684
2026-06-03T18:00:00+00:00,6128.630000000003,6130.640000000003,6123.620000000003,6129.630000000003,276
2026-06-03T18:30:00+00:00,6129.630000000003,6130.640000000003,6124.620000000003,6128.140000000003,227.33819064966605
2026-06-03T19:00:00+00:00,6128.140000000003,6128.140000000003,6121.620000000003,6121.640000000003,208.57431457431457
2026-06-03T19:30:00+00:00,6121.640000000003,6125.640000000003,6115.630000000003,6117.180000000003,418
2026-06-04T06:00:00+00:00,6117.180000000003,6131.520000000003,6116.680000000003,6131.010000000003,469.7027961043041
2026-06-04T06:30:00+00:00,6131.010000000003,6140.520000000003,6129.510000000003,6137.010000000003,515
2026-06-04T07:00:00+00:00,6137.010000000003,6163.500000000003,6130.500000000003,6163.500000000003,1232
2026-06-04T07:30:00+00:00,6163.500000000003,6173.020000000003,6162.020000000003,6167.500000000003,572
2026-06-04T08:00:00+00:00,6167.500000000003,6168.520000000003,6149.510000000003,6161.010000000003,880
2026-06-04T08:30:00+00:00,6161.010000000003,6171.020000000003,6140.500000000003,6142.500000000003,935
2026-06-04T09:00:00+00:00,6142.500000000003,6142.510000000003,6130.500000000003,6140.500000000003,694
2026-06-04T09:30:00+00:00,6140.500000000003,6163.020000000003,6139.000000000003,6159.520000000003,602
2026-06-04T10:00:00+00:00,6159.520000000003,6159.520000000003,6143.520000000003,6145.010000000003,485
2026-06-04T10:30:00+00:00,6145.010000000003,6146.500000000003,6130.500000000003,6139.500000000003,443
2026-06-04T11:00:00+00:00,6139.500000000003,6158.000000000003,6139.500000000003,6152.510000000003,938
2026-06-04T11:30:00+00:00,6152.510000000003,6162.520000000003,6142.510000000003,6161.500000000003,1005
2026-06-04T12:00:00+00:00,6161.500000000003,6164.510000000003,6151.500000000003,6160.510000000003,1292
2026-06-04T12:30:00+00:00,6160.510000000003,6172.510000000003,6157.510000000003,6165.510000000003,706
2026-06-04T13:00:00+00:00,6165.510000000003,6167.520000000003,6160.510000000003,6163.000000000003,810
2026-06-04T13:30:00+00:00,6163.000000000003,6168.020000000003,6151.500000000003,6163.510000000003,1853
2026-06-04T14:00:00+00:00,6163.510000000003,6170.510000000003,6152.500000000003,6162.510000000003,1182
2026-06-04T14:30:00+00:00,6162.510000000003,6164.520000000003,6154.500000000003,6162.010000000003,943
2026-06-04T15:00:00+00:00,6162.010000000003,6174.520000000003,6157.500000000003,6169.500000000003,620
2026-06-04T15:30:00+00:00,6169.500000000003,6184.520000000003,6168.510000000003,6175.010000000003,476
2026-06-04T16:00:00+00:00,6175.010000000003,6182.520000000003,6174.500000000003,6181.510000000003,360
2026-06-04T16:30:00+00:00,6181.510000000003,6186.520000000003,6179.500000000003,6186.010000000003,336
2026-06-04T17:00:00+00:00,6186.010000000003,6190.500000000003,6182.520000000003,6190.500000000003,140
2026-06-04T17:30:00+00:00,6190.500000000003,6192.520000000003,6187.520000000003,6189.500000000003,312.6349471341124
2026-06-04T18:00:00+00:00,6189.500000000003,6195.520000000003,6187.500000000003,6193.520000000003,175
2026-06-04T18:30:00+00:00,6193.520000000003,6198.020000000003,6191.500000000003,6194.520000000003,158.2149273523948
2026-06-04T19:00:00+00:00,6194.520000000003,6198.020000000003,6192.500000000003,6197.520000000003,86.98765432098766
2026-06-04T19:30:00+00:00,6197.520000000003,6201.510000000003,6190.050000000003,6190.570000000002,268.4628272251309
2026-06-05T06:00:00+00:00,6190.570000000002,6198.070000000002,6172.2400000000025,6173.2400000000025,488.26851851851853
2026-06-05T06:30:00+00:00,6173.2400000000025,6181.260000000003,6172.2400000000025,6174.260000000003,630
2026-06-05T07:00:00+00:00,6174.260000000003,6182.250000000003,6152.7400000000025,6160.2400000000025,1275
2026-06-05T07:30:00+00:00,6160.2400000000025,6174.760000000003,6158.2400000000025,6164.750000000003,812
2026-06-05T08:00:00+00:00,6164.750000000003,6172.250000000003,6153.250000000003,6171.760000000003,1130
2026-06-05T08:30:00+00:00,6171.760000000003,6174.260000000003,6165.2400000000025,6172.260000000003,736
2026-06-05T09:00:00+00:00,6172.260000000003,6198.260000000003,6171.2400000000025,6180.750000000003,1645
2026-06-05T09:30:00+00:00,6180.750000000003,6188.260000000003,6175.260000000003,6185.2400000000025,751
2026-06-05T10:00:00+00:00,6185.2400000000025,6193.2400000000025,6178.7400000000025,6192.250000000003,423
2026-06-05T10:30:00+00:00,6192.250000000003,6196.260000000003,6188.2400000000025,6188.760000000003,478.2899105003524
2026-06-05T11:00:00+00:00,6188.760000000003,6195.260000000003,6175.7400000000025,6188.760000000003,555
2026-06-05T11:30:00+00:00,6188.760000000003,6191.250000000003,6184.250000000003,6187.2400000000025,451
2026-06-05T12:00:00+00:00,6187.2400000000025,6188.750000000003,6176.2400000000025,6176.7400000000025,529
2026-06-05T12:30:00+00:00,6176.7400000000025,6190.310000000003,6168.7400000000025,6170.2400000000025,1931
2026-06-05T13:00:00+00:00,6170.2400000000025,6183.250000000003,6165.7400000000025,6166.750000000003,970
2026-06-05T13:30:00+00:00,6166.750000000003,6172.260000000003,6147.2400000000025,6155.760000000003,3056
2026-06-05T14:00:00+00:00,6155.760000000003,6169.260000000003,6145.2400000000025,6151.750000000003,2985
2026-06-05T14:30:00+00:00,6151.750000000003,6166.260000000003,6151.260000000003,6162.250000000003,1677.3078783368987
2026-06-05T15:00:00+00:00,6162.250000000003,6163.270000000003,6147.250000000003,6149.770000000003,1262
2026-06-05T15:30:00+00:00,6149.770000000003,6153.270000000003,6138.250000000003,6142.270000000003,847
2026-06-05T16:00:00+00:00,6142.270000000003,6142.270000000003,6133.250000000003,6136.260000000003,910
2026-06-05T16:30:00+00:00,6136.260000000003,6136.270000000003,6120.250000000003,6132.260000000003,1057
2026-06-05T17:00:00+00:00,6132.260000000003,6132.770000000003,6120.250000000003,6130.250000000003,698
2026-06-05T17:30:00+00:00,6130.250000000003,6136.270000000003,6126.250000000003,6131.770000000003,639
2026-06-05T18:00:00+00:00,6131.770000000003,6134.250000000003,6110.250000000003,6112.270000000003,1249
2026-06-05T18:30:00+00:00,6112.270000000003,6117.270000000003,6095.250000000003,6102.250000000003,1341
2026-06-05T19:00:00+00:00,6102.250000000003,6103.270000000003,6080.250000000003,6098.260000000003,1877
2026-06-05T19:30:00+00:00,6098.260000000003,6106.270000000003,6090.250000000003,6097.300000000003,1674
2026-06-08T06:00:00+00:00,6097.300000000003,6100.800000000003,6049.190000000003,6061.7000000000035,1332.0373134328358
2026-06-08T06:30:00+00:00,6061.7000000000035,6065.210000000003,6048.190000000003,6059.2000000000035,1218
2026-06-08T07:00:00+00:00,6059.2000000000035,6107.190000000003,6056.2000000000035,6099.210000000003,2100
2026-06-08T07:30:00+00:00,6099.210000000003,6106.210000000003,6090.2000000000035,6094.710000000003,1131
2026-06-08T08:00:00+00:00,6094.710000000003,6103.210000000003,6089.190000000003,6099.7000000000035,1206
2026-06-08T08:30:00+00:00,6099.7000000000035,6105.7000000000035,6091.690000000003,6097.710000000003,1252
2026-06-08T09:00:00+00:00,6097.710000000003,6115.210000000003,6097.210000000003,6107.190000000003,898
2026-06-08T09:30:00+00:00,6107.190000000003,6126.210000000003,6101.7000000000035,6122.2000000000035,1551
2026-06-08T10:00:00+00:00,6122.2000000000035,6128.210000000003,6109.190000000003,6123.690000000003,1195
2026-06-08T10:30:00+00:00,6123.690000000003,6152.210000000003,6121.190000000003,6122.690000000003,1669
2026-06-08T11:00:00+00:00,6122.690000000003,6162.190000000003,6117.190000000003,6152.710000000003,3166
2026-06-08T11:30:00+00:00,6152.710000000003,6158.210000000003,6143.2000000000035,6144.690000000003,1347
2026-06-08T12:00:00+00:00,6144.690000000003,6152.190000000003,6140.2000000000035,6144.2000000000035,1292
2026-06-08T12:30:00+00:00,6144.2000000000035,6149.210000000003,6132.190000000003,6138.2000000000035,1069
2026-06-08T13:00:00+00:00,6138.2000000000035,6153.210000000003,6138.190000000003,6148.2000000000035,1062
2026-06-08T13:30:00+00:00,6148.2000000000035,6170.210000000003,6147.190000000003,6158.710000000003,3323
2026-06-08T14:00:00+00:00,6158.710000000003,6162.7000000000035,6146.190000000003,6149.190000000003,2549
2026-06-08T14:30:00+00:00,6149.190000000003,6168.710000000003,6147.2000000000035,6166.190000000003,1553
2026-06-08T15:00:00+00:00,6166.190000000003,6171.210000000003,6158.190000000003,6160.190000000003,843
2026-06-08T15:30:00+00:00,6160.190000000003,6161.2000000000035,6147.2000000000035,6149.190000000003,1137
2026-06-08T16:00:00+00:00,6149.190000000003,6153.710000000003,6144.190000000003,6144.2000000000035,1318
2026-06-08T16:30:00+00:00,6144.2000000000035,6147.210000000003,6141.190000000003,6141.190000000003,1345
2026-06-08T17:00:00+00:00,6141.190000000003,6141.210000000003,6126.190000000003,6136.2000000000035,1153
2026-06-08T17:30:00+00:00,6136.2000000000035,6138.210000000003,6127.190000000003,6135.7000000000035,1187
2026-06-08T18:00:00+00:00,6135.7000000000035,6146.2000000000035,6135.190000000003,6145.210000000003,759
2026-06-08T18:30:00+00:00,6145.210000000003,6149.210000000003,6140.190000000003,6143.210000000003,756
2026-06-08T19:00:00+00:00,6143.210000000003,6144.210000000003,6124.2000000000035,6131.7000000000035,736
2026-06-08T19:30:00+00:00,6131.7000000000035,6143.210000000003,6127.690000000003,6141.260000000003,1305
2026-06-09T06:00:00+00:00,6141.260000000003,6147.550000000003,6136.540000000003,6142.540000000003,470.96923076923076
2026-06-09T06:30:00+00:00,6142.540000000003,6147.550000000003,6133.530000000003,6138.540000000003,536
2026-06-09T07:00:00+00:00,6138.540000000003,6172.550000000003,6134.540000000003,6154.040000000003,1409
2026-06-09T07:30:00+00:00,6154.040000000003,6181.540000000003,6153.530000000003,6175.530000000003,782
2026-06-09T08:00:00+00:00,6175.530000000003,6195.550000000003,6171.530000000003,6192.040000000003,1072
2026-06-09T08:30:00+00:00,6192.040000000003,6200.550000000003,6185.530000000003,6198.030000000003,526
2026-06-09T09:00:00+00:00,6198.030000000003,6206.550000000003,6196.530000000003,6200.030000000003,372
2026-06-09T09:30:00+00:00,6200.030000000003,6206.550000000003,6193.550000000003,6204.550000000003,362
2026-06-09T10:00:00+00:00,6204.550000000003,6206.550000000003,6190.530000000003,6205.050000000003,845
2026-06-09T10:30:00+00:00,6205.050000000003,6211.550000000003,6199.540000000003,6208.550000000003,437
2026-06-09T11:00:00+00:00,6208.550000000003,6213.040000000003,6206.040000000003,6208.540000000003,416.14981549815496
2026-06-09T11:30:00+00:00,6208.540000000003,6209.550000000003,6195.530000000003,6196.550000000003,295.2515337423313
2026-06-09T12:00:00+00:00,6196.550000000003,6196.550000000003,6185.530000000003,6188.050000000003,400
2026-06-09T12:30:00+00:00,6188.050000000003,6198.550000000003,6187.530000000003,6197.540000000003,451
2026-06-09T13:00:00+00:00,6197.540000000003,6207.540000000003,6192.550000000003,6202.540000000003,751
2026-06-09T13:30:00+00:00,6202.540000000003,6232.530000000003,6201.530000000003,6221.550000000003,1264
2026-06-09T14:00:00+00:00,6221.550000000003,6227.550000000003,6187.530000000003,6210.540000000003,2194
2026-06-09T14:30:00+00:00,6210.540000000003,6214.550000000003,6166.530000000003,6184.040000000003,4014
2026-06-09T15:00:00+00:00,6184.040000000003,6187.550000000003,6131.530000000003,6131.540000000003,2688
2026-06-09T15:30:00+00:00,6131.540000000003,6153.050000000003,6126.030000000003,6126.550000000003,3995
2026-06-09T16:00:00+00:00,6126.550000000003,6140.550000000003,6106.540000000003,6119.540000000003,4181
2026-06-09T16:30:00+00:00,6119.540000000003,6127.550000000003,6071.030000000003,6090.550000000003,7594
2026-06-09T17:00:00+00:00,6090.550000000003,6134.530000000003,6090.050000000003,6130.530000000003,4625
2026-06-09T17:30:00+00:00,6130.530000000003,6147.540000000003,6125.530000000003,6140.550000000003,2419
2026-06-09T18:00:00+00:00,6140.550000000003,6157.550000000003,6136.530000000003,6155.550000000003,2691
2026-06-09T18:30:00+00:00,6155.550000000003,6169.530000000003,6154.530000000003,6166.030000000003,1724
2026-06-09T19:00:00+00:00,6166.030000000003,6169.550000000003,6144.550000000003,6154.540000000003,2290
2026-06-09T19:30:00+00:00,6154.540000000003,6168.540000000003,6145.530000000003,6165.590000000003,2705
2026-06-10T06:00:00+00:00,6165.590000000003,6167.090000000003,6149.350000000003,6153.870000000003,763.7883796644128
2026-06-10T06:30:00+00:00,6153.870000000003,6159.370000000003,6149.350000000003,6150.360000000003,723
2026-06-10T07:00:00+00:00,6150.360000000003,6152.370000000003,6134.370000000003,6144.350000000003,1588
2026-06-10T07:30:00+00:00,6144.350000000003,6150.370000000003,6138.350000000003,6147.360000000003,1092
2026-06-10T08:00:00+00:00,6147.360000000003,6149.870000000003,6124.350000000003,6128.350000000003,1767
2026-06-10T08:30:00+00:00,6128.350000000003,6130.370000000003,6106.350000000003,6111.350000000003,1389
2026-06-10T09:00:00+00:00,6111.350000000003,6116.370000000003,6098.360000000003,6109.850000000003,1326
2026-06-10T09:30:00+00:00,6109.850000000003,6118.350000000003,6099.370000000003,6112.370000000003,1120
2026-06-10T10:00:00+00:00,6112.370000000003,6112.370000000003,6092.350000000003,6103.370000000003,990
2026-06-10T10:30:00+00:00,6103.370000000003,6112.870000000003,6098.350000000003,6105.350000000003,971
2026-06-10T11:00:00+00:00,6105.350000000003,6109.360000000003,6053.350000000003,6072.350000000003,5792
2026-06-10T11:30:00+00:00,6072.350000000003,6093.370000000003,6069.350000000003,6089.370000000003,2433
2026-06-10T12:00:00+00:00,6089.370000000003,6103.370000000003,6085.860000000003,6102.870000000003,1881
2026-06-10T12:30:00+00:00,6102.870000000003,6122.360000000003,6099.400000000003,6111.860000000003,3358
2026-06-10T13:00:00+00:00,6111.860000000003,6114.370000000003,6103.350000000003,6109.370000000003,1277
2026-06-10T13:30:00+00:00,6109.370000000003,6144.350000000003,6107.350000000003,6138.860000000003,3570
2026-06-10T14:00:00+00:00,6138.860000000003,6146.370000000003,6130.350000000003,6135.350000000003,2510
2026-06-10T14:30:00+00:00,6135.350000000003,6141.370000000003,6109.350000000003,6112.850000000003,2913.3389715832204
2026-06-10T15:00:00+00:00,6112.850000000003,6121.860000000002,6095.840000000003,6109.340000000003,2838
2026-06-10T15:30:00+00:00,6109.340000000003,6111.860000000002,6074.840000000003,6099.860000000002,4369
2026-06-10T16:00:00+00:00,6099.860000000002,6105.860000000002,6085.840000000003,6093.840000000003,2936
2026-06-10T16:30:00+00:00,6093.840000000003,6102.350000000003,6083.840000000003,6090.840000000003,2841
2026-06-10T17:00:00+00:00,6090.840000000003,6095.860000000002,6079.840000000003,6085.340000000003,2382
2026-06-10T17:30:00+00:00,6085.340000000003,6095.860000000002,6074.840000000003,6093.340000000003,2478
2026-06-10T18:00:00+00:00,6093.340000000003,6101.350000000003,6086.840000000003,6091.360000000002,2625
2026-06-10T18:30:00+00:00,6091.360000000002,6091.860000000002,6073.360000000002,6077.840000000003,2371
2026-06-10T19:00:00+00:00,6077.840000000003,6080.860000000002,6065.840000000003,6069.340000000003,1857
2026-06-10T19:30:00+00:00,6069.340000000003,6078.860000000002,6064.840000000003,6065.410000000003,2100
2026-06-11T06:00:00+00:00,6065.410000000003,6090.200000000003,6062.410000000003,6088.180000000003,1066.7439898776888
2026-06-11T06:30:00+00:00,6088.180000000003,6101.190000000003,6084.180000000003,6099.200000000003,742
2026-06-11T07:00:00+00:00,6099.200000000003,6133.200000000003,6097.180000000003,6132.190000000003,1592
2026-06-11T07:30:00+00:00,6132.190000000003,6139.700000000003,6118.180000000003,6118.690000000003,875
2026-06-11T08:00:00+00:00,6118.690000000003,6143.200000000003,6118.190000000003,6129.180000000003,1182
2026-06-11T08:30:00+00:00,6129.180000000003,6137.700000000003,6127.680000000003,6136.680000000003,641
2026-06-11T09:00:00+00:00,6136.680000000003,6141.700000000003,6128.180000000003,6137.690000000003,584
2026-06-11T09:30:00+00:00,6137.690000000003,6154.200000000003,6134.180000000003,6149.680000000003,517
2026-06-11T10:00:00+00:00,6149.680000000003,6154.200000000003,6145.180000000003,6145.700000000003,594
2026-06-11T10:30:00+00:00,6145.700000000003,6153.200000000003,6145.180000000003,6147.680000000003,558
2026-06-11T11:00:00+00:00,6147.680000000003,6152.200000000003,6142.180000000003,6149.680000000003,839
2026-06-11T11:30:00+00:00,6149.680000000003,6159.200000000003,6148.180000000003,6157.200000000003,973
2026-06-11T12:00:00+00:00,6157.200000000003,6158.180000000003,6104.180000000003,6123.190000000003,3512
2026-06-11T12:30:00+00:00,6123.190000000003,6140.200000000003,6108.190000000003,6133.690000000003,3752
2026-06-11T13:00:00+00:00,6133.690000000003,6133.700000000003,6122.180000000003,6127.690000000003,1704
2026-06-11T13:30:00+00:00,6127.690000000003,6169.200000000003,6126.180000000003,6159.200000000003,4915
2026-06-11T14:00:00+00:00,6159.200000000003,6169.690000000003,6142.180000000003,6148.700000000003,3849
2026-06-11T14:30:00+00:00,6148.700000000003,6152.690000000003,6130.680000000003,6134.190000000003,3081
2026-06-11T15:00:00+00:00,6134.190000000003,6156.200000000003,6129.200000000003,6137.180000000003,2688
2026-06-11T15:30:00+00:00,6137.180000000003,6151.180000000003,6135.690000000003,6144.200000000003,1794
2026-06-11T16:00:00+00:00,6144.200000000003,6152.200000000003,6137.190000000003,6137.190000000003,2001
2026-06-11T16:30:00+00:00,6137.190000000003,6146.200000000003,6132.180000000003,6132.200000000003,2037
2026-06-11T17:00:00+00:00,6132.200000000003,6192.200000000003,6124.180000000003,6190.190000000003,3535
2026-06-11T17:30:00+00:00,6190.190000000003,6243.200000000003,6187.700000000003,6225.200000000003,7687
2026-06-11T18:00:00+00:00,6225.200000000003,6230.200000000003,6204.680000000003,6211.680000000003,4067
2026-06-11T18:30:00+00:00,6211.680000000003,6227.200000000003,6210.180000000003,6222.200000000003,1703
2026-06-11T19:00:00+00:00,6222.200000000003,6239.200000000003,6221.680000000003,6237.200000000003,1551
2026-06-11T19:30:00+00:00,6237.200000000003,6261.200000000003,6236.680000000003,6254.730000000003,2513
2026-06-12T06:00:00+00:00,6254.730000000003,6260.230000000003,6236.860000000002,6249.370000000003,1083.5696774193548
2026-06-12T06:30:00+00:00,6249.370000000003,6249.370000000003,6227.850000000003,6235.360000000002,658
2026-06-12T07:00:00+00:00,6235.360000000002,6236.860000000002,6216.850000000003,6224.350000000003,2019
2026-06-12T07:30:00+00:00,6224.350000000003,6285.870000000003,6222.850000000003,6262.360000000002,1730
2026-06-12T08:00:00+00:00,6262.360000000002,6288.360000000002,6259.350000000003,6275.870000000003,2615
2026-06-12T08:30:00+00:00,6275.870000000003,6279.850000000003,6251.850000000003,6258.860000000002,1489
2026-06-12T09:00:00+00:00,6258.860000000002,6277.870000000003,6257.870000000003,6275.350000000003,1117
2026-06-12T09:30:00+00:00,6275.350000000003,6283.870000000003,6268.850000000003,6269.870000000003,835
2026-06-12T10:00:00+00:00,6269.870000000003,6271.870000000003,6237.860000000002,6241.870000000003,1260
2026-06-12T10:30:00+00:00,6241.870000000003,6254.370000000003,6238.860000000002,6251.370000000003,879
2026-06-12T11:00:00+00:00,6251.370000000003,6256.870000000003,6246.850000000003,6255.860000000002,600
2026-06-12T11:30:00+00:00,6255.860000000002,6257.870000000003,6244.850000000003,6245.860000000002,789
2026-06-12T12:00:00+00:00,6245.860000000002,6246.870000000003,6224.850000000003,6224.860000000002,787
2026-06-12T12:30:00+00:00,6224.860000000002,6229.370000000003,6210.850000000003,6212.860000000002,1285
2026-06-12T13:00:00+00:00,6212.860000000002,6240.370000000003,6211.850000000003,6240.350000000003,940
2026-06-12T13:30:00+00:00,6240.350000000003,6245.870000000003,6215.850000000003,6230.870000000003,5791
2026-06-12T14:00:00+00:00,6230.870000000003,6247.870000000003,6230.360000000002,6233.860000000002,2346
2026-06-12T14:30:00+00:00,6233.860000000002,6268.380000000003,6230.850000000003,6265.360000000003,4493.332910637028
2026-06-12T15:00:00+00:00,6265.360000000003,6268.380000000003,6254.360000000003,6262.860000000003,1736
2026-06-12T15:30:00+00:00,6262.860000000003,6279.370000000003,6240.360000000003,6243.380000000003,2062
2026-06-12T16:00:00+00:00,6243.380000000003,6269.380000000003,6238.360000000003,6259.380000000003,3024
2026-06-12T16:30:00+00:00,6259.380000000003,6267.370000000003,6257.360000000003,6264.880000000003,1391
2026-06-12T17:00:00+00:00,6264.880000000003,6276.380000000003,6264.870000000003,6270.880000000003,881
2026-06-12T17:30:00+00:00,6270.880000000003,6273.380000000003,6264.370000000003,6267.860000000003,869
2026-06-12T18:00:00+00:00,6267.860000000003,6274.370000000003,6266.360000000003,6271.370000000003,975
2026-06-12T18:30:00+00:00,6271.370000000003,6277.380000000003,6268.360000000003,6269.870000000003,796
2026-06-12T19:00:00+00:00,6269.870000000003,6277.880000000003,6269.370000000003,6275.380000000003,603.2002868068834
2026-06-12T19:30:00+00:00,6275.380000000003,6276.380000000003,6264.370000000003,6269.4100000000035,1001
2026-06-15T06:00:00+00:00,6269.4100000000035,6378.860000000003,6268.4100000000035,6372.860000000003,563.1207430340557
2026-06-15T06:30:00+00:00,6372.860000000003,6372.860000000003,6360.860000000003,6368.370000000003,479
2026-06-15T07:00:00+00:00,6368.370000000003,6379.870000000003,6357.850000000003,6359.370000000003,2320
2026-06-15T07:30:00+00:00,6359.370000000003,6361.870000000003,6346.360000000003,6348.350000000003,1374
2026-06-15T08:00:00+00:00,6348.350000000003,6355.870000000003,6341.850000000003,6354.370000000003,1401
2026-06-15T08:30:00+00:00,6354.370000000003,6354.370000000003,6339.850000000003,6341.850000000003,901
2026-06-15T09:00:00+00:00,6341.850000000003,6345.870000000003,6329.850000000003,6334.870000000003,963
2026-06-15T09:30:00+00:00,6334.870000000003,6338.860000000003,6328.850000000003,6336.360000000003,646
2026-06-15T10:00:00+00:00,6336.360000000003,6346.350000000003,6334.350000000003,6344.850000000003,588
2026-06-15T10:30:00+00:00,6344.850000000003,6345.870000000003,6336.860000000003,6343.850000000003,494
2026-06-15T11:00:00+00:00,6343.850000000003,6353.370000000003,6343.350000000003,6351.850000000003,685
2026-06-15T11:30:00+00:00,6351.850000000003,6355.870000000003,6346.850000000003,6354.370000000003,780
2026-06-15T12:00:00+00:00,6354.370000000003,6357.870000000003,6347.860000000003,6348.870000000003,975
2026-06-15T12:30:00+00:00,6348.870000000003,6351.370000000003,6342.850000000003,6344.850000000003,556
2026-06-15T13:00:00+00:00,6344.850000000003,6346.870000000003,6338.350000000003,6338.850000000003,685
2026-06-15T13:30:00+00:00,6338.850000000003,6340.870000000003,6316.850000000003,6317.850000000003,1551
2026-06-15T14:00:00+00:00,6317.850000000003,6319.870000000003,6308.860000000003,6317.850000000003,1339
2026-06-15T14:30:00+00:00,6317.850000000003,6327.870000000003,6317.360000000003,6320.860000000003,847
2026-06-15T15:00:00+00:00,6320.860000000003,6327.860000000003,6313.870000000003,6322.360000000003,709
2026-06-15T15:30:00+00:00,6322.360000000003,6333.870000000003,6312.860000000003,6329.850000000003,636
2026-06-15T16:00:00+00:00,6329.850000000003,6330.870000000003,6322.850000000003,6324.870000000003,326
2026-06-15T16:30:00+00:00,6324.870000000003,6328.860000000003,6322.860000000003,6328.370000000003,234
2026-06-15T17:00:00+00:00,6328.370000000003,6329.870000000003,6321.850000000003,6329.350000000003,255.89287295263392
2026-06-15T17:30:00+00:00,6329.350000000003,6329.870000000003,6322.850000000003,6324.370000000003,117.34578374903236
2026-06-15T18:00:00+00:00,6324.370000000003,6325.860000000003,6319.360000000003,6319.860000000003,213
2026-06-15T18:30:00+00:00,6319.860000000003,6323.860000000003,6317.850000000003,6318.850000000003,205
2026-06-15T19:00:00+00:00,6318.850000000003,6320.870000000003,6311.860000000003,6311.860000000003,272
2026-06-15T19:30:00+00:00,6311.860000000003,6319.870000000003,6311.860000000003,6317.370000000003,298.75945582352574
2026-06-16T06:00:00+00:00,6317.370000000003,6336.690000000003,6316.370000000003,6333.7000000000035,295.9791492910759
2026-06-16T06:30:00+00:00,6333.7000000000035,6336.710000000003,6330.690000000003,6335.210000000003,355
2026-06-16T07:00:00+00:00,6335.210000000003,6342.690000000003,6332.690000000003,6338.710000000003,912
2026-06-16T07:30:00+00:00,6338.710000000003,6345.710000000003,6327.690000000003,6344.690000000003,761
2026-06-16T08:00:00+00:00,6344.690000000003,6367.7000000000035,6341.7000000000035,6367.7000000000035,990
2026-06-16T08:30:00+00:00,6367.7000000000035,6371.2000000000035,6360.690000000003,6370.190000000003,660
2026-06-16T09:00:00+00:00,6370.190000000003,6373.710000000003,6362.690000000003,6368.190000000003,444
2026-06-16T09:30:00+00:00,6368.190000000003,6371.710000000003,6361.190000000003,6365.190000000003,453
2026-06-16T10:00:00+00:00,6365.190000000003,6367.710000000003,6357.690000000003,6358.210000000003,417
2026-06-16T10:30:00+00:00,6358.210000000003,6369.710000000003,6358.210000000003,6368.2000000000035,340.36328871892925
2026-06-16T11:00:00+00:00,6368.2000000000035,6368.2000000000035,6357.690000000003,6359.710000000003,432.179435483871
2026-06-16T11:30:00+00:00,6359.710000000003,6363.7000000000035,6355.690000000003,6362.210000000003,312
2026-06-16T12:00:00+00:00,6362.210000000003,6366.690000000003,6354.690000000003,6357.7000000000035,539.0453001132503
2026-06-16T12:30:00+00:00,6357.7000000000035,6361.2000000000035,6350.690000000003,6352.7000000000035,621
2026-06-16T13:00:00+00:00,6352.7000000000035,6356.710000000003,6346.7000000000035,6356.7000000000035,486
2026-06-16T13:30:00+00:00,6356.7000000000035,6360.690000000003,6344.690000000003,6346.210000000003,989
2026-06-16T14:00:00+00:00,6346.210000000003,6352.7000000000035,6344.2000000000035,6346.7000000000035,845
2026-06-16T14:30:00+00:00,6346.7000000000035,6356.710000000003,6342.690000000003,6344.210000000003,1374
2026-06-16T15:00:00+00:00,6344.210000000003,6345.710000000003,6337.690000000003,6337.7000000000035,1099
2026-06-16T15:30:00+00:00,6337.7000000000035,6344.690000000003,6323.690000000003,6333.7000000000035,1220
2026-06-16T16:00:00+00:00,6333.7000000000035,6341.710000000003,6332.690000000003,6338.7000000000035,697
2026-06-16T16:30:00+00:00,6338.7000000000035,6339.210000000003,6334.710000000003,6336.690000000003,688
2026-06-16T17:00:00+00:00,6336.690000000003,6336.690000000003,6329.190000000003,6331.2000000000035,454
2026-06-16T17:30:00+00:00,6331.2000000000035,6336.710000000003,6327.690000000003,6334.710000000003,678
2026-06-16T18:00:00+00:00,6334.710000000003,6334.710000000003,6329.710000000003,6332.710000000003,278
2026-06-16T18:30:00+00:00,6332.710000000003,6333.710000000003,6323.710000000003,6324.690000000003,460
2026-06-16T19:00:00+00:00,6324.690000000003,6325.710000000003,6312.690000000003,6318.7000000000035,488
2026-06-16T19:30:00+00:00,6318.7000000000035,6321.210000000003,6311.690000000003,6312.260000000003,817
2026-06-17T06:00:00+00:00,6312.260000000003,6329.570000000003,6307.760000000003,6326.560000000003,266.51250727166956
2026-06-17T06:30:00+00:00,6326.560000000003,6332.580000000003,6324.560000000003,6330.070000000003,416
2026-06-17T07:00:00+00:00,6330.070000000003,6347.570000000003,6328.560000000003,6342.560000000003,1348
2026-06-17T07:30:00+00:00,6342.560000000003,6354.580000000003,6342.080000000003,6351.570000000003,762
2026-06-17T08:00:00+00:00,6351.570000000003,6354.580000000003,6343.580000000003,6347.070000000003,908
2026-06-17T08:30:00+00:00,6347.070000000003,6350.080000000003,6334.560000000003,6348.570000000003,667
2026-06-17T09:00:00+00:00,6348.570000000003,6362.580000000003,6347.060000000003,6361.070000000003,533
2026-06-17T09:30:00+00:00,6361.070000000003,6364.080000000003,6356.560000000003,6363.570000000003,366
2026-06-17T10:00:00+00:00,6363.570000000003,6367.580000000003,6357.570000000003,6364.070000000003,421
2026-06-17T10:30:00+00:00,6364.070000000003,6371.570000000003,6363.580000000003,6368.580000000003,410
2026-06-17T11:00:00+00:00,6368.580000000003,6373.580000000003,6362.580000000003,6365.580000000003,444
2026-06-17T11:30:00+00:00,6365.580000000003,6365.580000000003,6352.560000000003,6355.580000000003,373
2026-06-17T12:00:00+00:00,6355.580000000003,6360.580000000003,6354.560000000003,6357.070000000003,467
2026-06-17T12:30:00+00:00,6357.070000000003,6365.580000000003,6356.570000000003,6361.060000000003,418
2026-06-17T13:00:00+00:00,6361.060000000003,6364.580000000003,6354.560000000003,6359.570000000003,441
2026-06-17T13:30:00+00:00,6359.570000000003,6374.580000000003,6358.560000000003,6360.570000000003,1149
2026-06-17T14:00:00+00:00,6360.570000000003,6376.080000000003,6354.570000000003,6374.580000000003,1239
2026-06-17T14:30:00+00:00,6374.580000000003,6378.580000000003,6348.560000000003,6363.090000000002,2425.3399059334297
2026-06-17T15:00:00+00:00,6363.090000000002,6376.090000000002,6360.070000000002,6375.570000000002,1309
2026-06-17T15:30:00+00:00,6375.570000000002,6386.070000000002,6373.570000000002,6381.090000000002,983
2026-06-17T16:00:00+00:00,6381.090000000002,6385.590000000002,6379.070000000002,6381.080000000003,499
2026-06-17T16:30:00+00:00,6381.080000000003,6383.090000000002,6371.070000000002,6374.080000000003,620
2026-06-17T17:00:00+00:00,6374.080000000003,6375.090000000002,6364.070000000002,6370.590000000002,582.0893509412756
2026-06-17T17:30:00+00:00,6370.590000000002,6379.070000000002,6369.070000000002,6378.090000000002,480
2026-06-17T18:00:00+00:00,6378.090000000002,6378.590000000002,6339.570000000002,6362.070000000002,5236
2026-06-17T18:30:00+00:00,6362.070000000002,6386.090000000002,6355.070000000002,6361.580000000003,6468
2026-06-17T19:00:00+00:00,6361.580000000003,6369.090000000002,6332.080000000003,6333.570000000002,6178
2026-06-17T19:30:00+00:00,6333.570000000002,6337.090000000002,6318.070000000002,6325.630000000002,5170
2026-06-18T06:00:00+00:00,6325.630000000002,6364.460000000003,6318.630000000002,6363.450000000003,1240.2637571157495
2026-06-18T06:30:00+00:00,6363.450000000003,6377.460000000003,6356.450000000003,6377.460000000003,685
2026-06-18T07:00:00+00:00,6377.460000000003,6404.460000000003,6374.950000000003,6403.450000000003,2170
2026-06-18T07:30:00+00:00,6403.450000000003,6404.460000000003,6384.450000000003,6392.950000000003,1261
2026-06-18T08:00:00+00:00,6392.950000000003,6398.460000000003,6372.440000000002,6373.450000000003,1308
2026-06-18T08:30:00+00:00,6373.450000000003,6373.460000000003,6358.440000000002,6358.440000000002,1103
2026-06-18T09:00:00+00:00,6358.440000000002,6380.450000000003,6355.440000000002,6378.450000000003,1095
2026-06-18T09:30:00+00:00,6378.450000000003,6388.460000000003,6374.450000000003,6384.960000000003,1023
2026-06-18T10:00:00+00:00,6384.960000000003,6388.460000000003,6377.450000000003,6385.460000000003,893
2026-06-18T10:30:00+00:00,6385.460000000003,6388.450000000003,6374.440000000002,6375.450000000003,815
2026-06-18T11:00:00+00:00,6375.450000000003,6379.460000000003,6363.450000000003,6373.960000000003,1002
2026-06-18T11:30:00+00:00,6373.960000000003,6379.460000000003,6367.440000000002,6378.960000000003,836
2026-06-18T12:00:00+00:00,6378.960000000003,6391.450000000003,6377.440000000002,6388.450000000003,997
2026-06-18T12:30:00+00:00,6388.450000000003,6403.450000000003,6387.440000000002,6401.950000000003,777
2026-06-18T13:00:00+00:00,6401.950000000003,6404.460000000003,6393.440000000002,6395.450000000003,1239
2026-06-18T13:30:00+00:00,6395.450000000003,6398.460000000003,6380.440000000002,6383.950000000003,2879
2026-06-18T14:00:00+00:00,6383.950000000003,6404.460000000003,6380.460000000003,6399.950000000003,2052
2026-06-18T14:30:00+00:00,6399.950000000003,6407.460000000003,6393.440000000002,6407.460000000003,1202
2026-06-18T15:00:00+00:00,6407.460000000003,6409.440000000002,6396.440000000002,6405.450000000003,1001
2026-06-18T15:30:00+00:00,6405.450000000003,6411.460000000003,6391.440000000002,6406.450000000003,1539
2026-06-18T16:00:00+00:00,6406.450000000003,6410.440000000002,6405.440000000002,6407.440000000002,528
2026-06-18T16:30:00+00:00,6407.440000000002,6409.460000000003,6402.440000000002,6405.450000000003,392.2635928664637
2026-06-18T17:00:00+00:00,6405.450000000003,6413.460000000003,6403.450000000003,6410.450000000003,350
2026-06-18T17:30:00+00:00,6410.450000000003,6411.960000000003,6407.450000000003,6408.460000000003,285.00170212765954
2026-06-18T18:00:00+00:00,6408.460000000003,6409.460000000003,6401.440000000002,6402.440000000002,376
2026-06-18T18:30:00+00:00,6402.440000000002,6403.460000000003,6398.440000000002,6400.460000000003,324
2026-06-18T19:00:00+00:00,6400.460000000003,6402.460000000003,6393.940000000002,6402.440000000002,362
2026-06-18T19:30:00+00:00,6402.440000000002,6416.460000000003,6398.450000000003,6407.000000000003,452
2026-06-19T06:00:00+00:00,6407.000000000003,6409.500000000003,6396.090000000002,6405.090000000002,415.1437908496732
2026-06-19T06:30:00+00:00,6405.090000000002,6413.100000000002,6404.090000000002,6408.580000000003,366
2026-06-19T07:00:00+00:00,6408.580000000003,6423.100000000002,6408.080000000003,6419.090000000002,852
2026-06-19T07:30:00+00:00,6419.090000000002,6429.100000000002,6413.100000000002,6427.100000000002,784
2026-06-19T08:00:00+00:00,6427.100000000002,6431.080000000003,6422.090000000002,6426.590000000002,618
2026-06-19T08:30:00+00:00,6426.590000000002,6430.090000000002,6422.080000000003,6426.090000000002,445
2026-06-19T09:00:00+00:00,6426.090000000002,6429.100000000002,6415.080000000003,6415.600000000002,667
2026-06-19T09:30:00+00:00,6415.600000000002,6425.080000000003,6412.090000000002,6419.080000000003,830
2026-06-19T10:00:00+00:00,6419.080000000003,6422.100000000002,6410.080000000003,6410.100000000002,495
2026-06-19T10:30:00+00:00,6410.100000000002,6415.100000000002,6398.080000000003,6407.090000000002,625
2026-06-19T11:00:00+00:00,6407.090000000002,6411.100000000002,6399.090000000002,6401.600000000002,649
2026-06-19T11:30:00+00:00,6401.600000000002,6414.090000000002,6401.600000000002,6409.590000000002,364
2026-06-19T12:00:00+00:00,6409.590000000002,6410.090000000002,6394.090000000002,6398.600000000002,312.3670212765958
2026-06-19T12:30:00+00:00,6398.600000000002,6417.100000000002,6385.580000000003,6416.080000000003,1021
2026-06-19T13:00:00+00:00,6416.080000000003,6420.090000000002,6404.090000000002,6410.600000000002,552
2026-06-19T13:30:00+00:00,6410.600000000002,6412.090000000002,6403.080000000003,6408.600000000002,476
2026-06-19T14:00:00+00:00,6408.600000000002,6413.080000000003,6404.080000000003,6411.100000000002,267.34363365599404
2026-06-19T14:30:00+00:00,6411.100000000002,6413.090000000002,6402.580000000003,6402.600000000002,309.47001802926013
2026-06-19T15:00:00+00:00,6402.600000000002,6405.100000000002,6389.090000000002,6390.100000000002,389
2026-06-19T15:30:00+00:00,6390.100000000002,6394.100000000002,6373.100000000002,6381.100000000002,695
2026-06-19T16:00:00+00:00,6381.100000000002,6387.080000000003,6380.080000000003,6387.080000000003,131
2026-06-19T16:30:00+00:00,6387.080000000003,6388.100000000002,6371.100000000002,6374.090000000002,153.00020560493482
2026-06-19T17:00:00+00:00,6374.090000000002,6374.590000000002,6371.080000000003,6372.100000000002,83
2026-06-19T17:30:00+00:00,6372.100000000002,6373.100000000002,6372.080000000003,6373.100000000002,48.92678676767791
2026-06-19T18:00:00+00:00,6373.100000000002,6374.100000000002,6372.080000000003,6373.100000000002,45.603253065244004
2026-06-19T18:30:00+00:00,6373.100000000002,6374.100000000002,6372.100000000002,6372.580000000003,51.69034289361893
2026-06-19T19:00:00+00:00,6372.580000000003,6375.100000000002,6372.100000000002,6375.080000000003,46.747803401207825
2026-06-19T19:30:00+00:00,6375.080000000003,6376.100000000002,6363.140000000002,6367.100000000002,117.46818225338627
2026-06-22T06:00:00+00:00,6367.100000000002,6392.900000000002,6366.600000000002,6392.890000000002,229.14564564564563
2026-06-22T06:30:00+00:00,6392.890000000002,6399.890000000002,6387.880000000002,6395.880000000002,416
2026-06-22T07:00:00+00:00,6395.880000000002,6402.900000000002,6389.380000000002,6401.380000000002,1484
2026-06-22T07:30:00+00:00,6401.380000000002,6402.900000000002,6383.930000000002,6388.890000000002,890
2026-06-22T08:00:00+00:00,6388.890000000002,6389.900000000002,6380.880000000002,6385.400000000002,831
2026-06-22T08:30:00+00:00,6385.400000000002,6386.390000000002,6378.880000000002,6381.890000000002,602
2026-06-22T09:00:00+00:00,6381.890000000002,6386.900000000002,6377.380000000002,6382.880000000002,691
2026-06-22T09:30:00+00:00,6382.880000000002,6384.900000000002,6369.880000000002,6369.900000000002,647
2026-06-22T10:00:00+00:00,6369.900000000002,6381.400000000002,6369.900000000002,6378.890000000002,621
2026-06-22T10:30:00+00:00,6378.890000000002,6384.390000000002,6376.890000000002,6381.380000000002,333
2026-06-22T11:00:00+00:00,6381.380000000002,6395.900000000002,6380.880000000002,6389.900000000002,920.9299363057326
2026-06-22T11:30:00+00:00,6389.900000000002,6398.400000000002,6388.900000000002,6397.900000000002,536
2026-06-22T12:00:00+00:00,6397.900000000002,6403.900000000002,6393.880000000002,6401.880000000002,368
2026-06-22T12:30:00+00:00,6401.880000000002,6403.900000000002,6396.880000000002,6398.900000000002,281
2026-06-22T13:00:00+00:00,6398.900000000002,6417.900000000002,6398.900000000002,6416.400000000002,1225
2026-06-22T13:30:00+00:00,6416.400000000002,6418.900000000002,6407.880000000002,6416.880000000002,1392
2026-06-22T14:00:00+00:00,6416.880000000002,6417.900000000002,6407.880000000002,6408.880000000002,1171
2026-06-22T14:30:00+00:00,6408.880000000002,6409.900000000002,6401.880000000002,6408.400000000002,1753
2026-06-22T15:00:00+00:00,6408.400000000002,6417.950000000003,6403.880000000002,6417.950000000003,800
2026-06-22T15:30:00+00:00,6417.950000000003,6417.950000000003,6398.880000000002,6399.380000000002,1072
2026-06-22T16:00:00+00:00,6399.380000000002,6400.900000000002,6392.880000000002,6397.880000000002,655
2026-06-22T16:30:00+00:00,6397.880000000002,6403.900000000002,6392.880000000002,6399.900000000002,533
2026-06-22T17:00:00+00:00,6399.900000000002,6399.900000000002,6393.390000000002,6394.900000000002,364
2026-06-22T17:30:00+00:00,6394.900000000002,6395.900000000002,6389.900000000002,6393.400000000002,438
2026-06-22T18:00:00+00:00,6393.400000000002,6400.890000000002,6391.890000000002,6397.400000000002,291.84686774941997
2026-06-22T18:30:00+00:00,6397.400000000002,6399.400000000002,6393.880000000002,6394.380000000002,231.46523653488754
2026-06-22T19:00:00+00:00,6394.380000000002,6396.900000000002,6391.900000000002,6394.390000000002,316
2026-06-22T19:30:00+00:00,6394.390000000002,6407.930000000002,6392.880000000002,6406.930000000002,458
2026-06-23T06:00:00+00:00,6406.930000000002,6406.930000000002,6335.150000000002,6336.160000000003,879.586179080398
2026-06-23T06:30:00+00:00,6336.160000000003,6345.670000000003,6333.150000000002,6335.650000000002,801
2026-06-23T07:00:00+00:00,6335.650000000002,6341.160000000003,6318.160000000003,6324.150000000002,2375
2026-06-23T07:30:00+00:00,6324.150000000002,6334.160000000003,6306.170000000003,6310.150000000002,1500
2026-06-23T08:00:00+00:00,6310.150000000002,6310.670000000003,6295.170000000003,6298.170000000003,1717
2026-06-23T08:30:00+00:00,6298.170000000003,6315.170000000003,6297.650000000002,6308.160000000003,1144
2026-06-23T09:00:00+00:00,6308.160000000003,6321.170000000003,6307.150000000002,6320.160000000003,922
2026-06-23T09:30:00+00:00,6320.160000000003,6326.150000000002,6313.650000000002,6325.650000000002,569
2026-06-23T10:00:00+00:00,6325.650000000002,6340.650000000002,6325.150000000002,6329.170000000003,755
2026-06-23T10:30:00+00:00,6329.170000000003,6330.170000000003,6316.150000000002,6320.650000000002,877
2026-06-23T11:00:00+00:00,6320.650000000002,6337.160000000003,6318.150000000002,6322.660000000003,1207
2026-06-23T11:30:00+00:00,6322.660000000003,6332.170000000003,6320.150000000002,6328.160000000003,747
2026-06-23T12:00:00+00:00,6328.160000000003,6333.170000000003,6320.150000000002,6324.660000000003,859
2026-06-23T12:30:00+00:00,6324.660000000003,6329.170000000003,6318.170000000003,6325.150000000002,820
2026-06-23T13:00:00+00:00,6325.150000000002,6325.170000000003,6312.650000000002,6315.160000000003,699
2026-06-23T13:30:00+00:00,6315.160000000003,6337.160000000003,6314.150000000002,6336.650000000002,2929
2026-06-23T14:00:00+00:00,6336.650000000002,6348.660000000003,6334.160000000003,6344.160000000003,1784
2026-06-23T14:30:00+00:00,6344.160000000003,6345.160000000003,6330.150000000002,6335.150000000002,1929
2026-06-23T15:00:00+00:00,6335.150000000002,6339.170000000003,6327.160000000003,6329.170000000003,1365
2026-06-23T15:30:00+00:00,6329.170000000003,6330.670000000003,6311.150000000002,6327.170000000003,1351
2026-06-23T16:00:00+00:00,6327.170000000003,6337.170000000003,6326.170000000003,6334.150000000002,920
2026-06-23T16:30:00+00:00,6334.150000000002,6341.170000000003,6333.660000000003,6338.660000000003,635
2026-06-23T17:00:00+00:00,6338.660000000003,6340.170000000003,6332.150000000002,6338.150000000002,505.1987348444913
2026-06-23T17:30:00+00:00,6338.150000000002,6340.170000000003,6328.150000000002,6328.170000000003,634
2026-06-23T18:00:00+00:00,6328.170000000003,6333.170000000003,6325.150000000002,6326.170000000003,567
2026-06-23T18:30:00+00:00,6326.170000000003,6326.170000000003,6312.150000000002,6317.150000000002,819
2026-06-23T19:00:00+00:00,6317.150000000002,6328.170000000003,6315.170000000003,6325.150000000002,1220
2026-06-23T19:30:00+00:00,6325.150000000002,6325.170000000003,6314.150000000002,6314.200000000003,1351
2026-06-24T06:00:00+00:00,6314.200000000003,6320.500000000003,6307.700000000003,6314.010000000002,462.42685733070346
2026-06-24T06:30:00+00:00,6314.010000000002,6324.510000000002,6314.010000000002,6317.500000000003,580
2026-06-24T07:00:00+00:00,6317.500000000003,6321.4900000000025,6297.4900000000025,6299.010000000002,1875
2026-06-24T07:30:00+00:00,6299.010000000002,6307.000000000003,6287.4900000000025,6291.9900000000025,1258
2026-06-24T08:00:00+00:00,6291.9900000000025,6309.510000000002,6291.4900000000025,6303.500000000003,1132
2026-06-24T08:30:00+00:00,6303.500000000003,6307.510000000002,6299.500000000003,6303.9900000000025,729
2026-06-24T09:00:00+00:00,6303.9900000000025,6311.510000000002,6299.9900000000025,6305.4900000000025,651
2026-06-24T09:30:00+00:00,6305.4900000000025,6307.510000000002,6293.4900000000025,6301.000000000003,694
2026-06-24T10:00:00+00:00,6301.000000000003,6304.510000000002,6293.4900000000025,6304.510000000002,755.2406034939121
2026-06-24T10:30:00+00:00,6304.510000000002,6304.510000000002,6293.4900000000025,6293.500000000003,594
2026-06-24T11:00:00+00:00,6293.500000000003,6301.510000000002,6287.9900000000025,6294.4900000000025,563
2026-06-24T11:30:00+00:00,6294.4900000000025,6302.510000000002,6291.4900000000025,6300.500000000003,779
2026-06-24T12:00:00+00:00,6300.500000000003,6307.510000000002,6296.4900000000025,6304.010000000002,664
2026-06-24T12:30:00+00:00,6304.010000000002,6304.510000000002,6290.010000000002,6290.9900000000025,492
2026-06-24T13:00:00+00:00,6290.9900000000025,6296.000000000003,6282.9900000000025,6288.010000000002,966
2026-06-24T13:30:00+00:00,6288.010000000002,6296.510000000002,6270.4900000000025,6289.010000000002,3157
2026-06-24T14:00:00+00:00,6289.010000000002,6293.010000000002,6274.4900000000025,6282.9900000000025,2143
2026-06-24T14:30:00+00:00,6282.9900000000025,6298.000000000003,6282.9900000000025,6297.000000000003,1502.2240674185155
2026-06-24T15:00:00+00:00,6297.000000000003,6299.010000000002,6281.9900000000025,6297.9900000000025,949
2026-06-24T15:30:00+00:00,6297.9900000000025,6306.010000000002,6297.9900000000025,6303.010000000002,811
2026-06-24T16:00:00+00:00,6303.010000000002,6309.010000000002,6300.9900000000025,6304.510000000002,908
2026-06-24T16:30:00+00:00,6304.510000000002,6305.010000000002,6287.9900000000025,6288.010000000002,1133
2026-06-24T17:00:00+00:00,6288.010000000002,6294.010000000002,6273.9900000000025,6274.010000000002,1466
2026-06-24T17:30:00+00:00,6274.010000000002,6282.000000000003,6266.9900000000025,6275.010000000002,2386
2026-06-24T18:00:00+00:00,6275.010000000002,6289.9900000000025,6271.9900000000025,6288.4900000000025,1782
2026-06-24T18:30:00+00:00,6288.4900000000025,6289.9900000000025,6269.000000000003,6274.510000000002,1474
2026-06-24T19:00:00+00:00,6274.510000000002,6280.010000000002,6266.000000000003,6276.010000000002,1901
2026-06-24T19:30:00+00:00,6276.010000000002,6294.010000000002,6271.9900000000025,6287.050000000002,1408
2026-06-25T06:00:00+00:00,6287.050000000002,6321.980000000002,6285.550000000002,6318.960000000003,352.62564396107615
2026-06-25T06:30:00+00:00,6318.960000000003,6327.980000000002,6316.460000000003,6327.980000000002,319
2026-06-25T07:00:00+00:00,6327.980000000002,6334.460000000003,6316.960000000003,6327.460000000003,1139
2026-06-25T07:30:00+00:00,6327.460000000003,6335.980000000002,6326.960000000003,6335.980000000002,451
2026-06-25T08:00:00+00:00,6335.980000000002,6339.970000000002,6325.960000000003,6332.470000000002,616
2026-06-25T08:30:00+00:00,6332.470000000002,6341.980000000002,6329.960000000003,6330.960000000003,412
2026-06-25T09:00:00+00:00,6330.960000000003,6340.480000000002,6330.460000000003,6336.960000000003,406
2026-06-25T09:30:00+00:00,6336.960000000003,6343.980000000002,6335.960000000003,6341.970000000002,393
2026-06-25T10:00:00+00:00,6341.970000000002,6347.980000000002,6339.460000000003,6347.980000000002,364
2026-06-25T10:30:00+00:00,6347.980000000002,6347.980000000002,6339.960000000003,6343.480000000002,299
2026-06-25T11:00:00+00:00,6343.480000000002,6347.970000000002,6339.960000000003,6343.460000000003,271
2026-06-25T11:30:00+00:00,6343.460000000003,6347.980000000002,6340.960000000003,6344.470000000002,260
2026-06-25T12:00:00+00:00,6344.470000000002,6351.980000000002,6341.460000000003,6341.460000000003,352
2026-06-25T12:30:00+00:00,6341.460000000003,6357.970000000002,6341.020000000002,6356.460000000003,1028
2026-06-25T13:00:00+00:00,6356.460000000003,6357.970000000002,6346.970000000002,6353.960000000003,683
2026-06-25T13:30:00+00:00,6353.960000000003,6356.980000000002,6315.960000000003,6319.970000000002,3839
2026-06-25T14:00:00+00:00,6319.970000000002,6361.980000000002,6319.960000000003,6356.980000000002,5394
2026-06-25T14:30:00+00:00,6356.980000000002,6363.980000000002,6349.960000000003,6354.960000000003,2564
2026-06-25T15:00:00+00:00,6354.960000000003,6360.980000000002,6331.960000000003,6347.960000000003,2133
2026-06-25T15:30:00+00:00,6347.960000000003,6364.980000000002,6345.960000000003,6357.460000000003,1696
2026-06-25T16:00:00+00:00,6357.460000000003,6369.960000000003,6354.960000000003,6363.960000000003,1295
2026-06-25T16:30:00+00:00,6363.960000000003,6363.960000000003,6344.960000000003,6352.980000000002,1445
2026-06-25T17:00:00+00:00,6352.980000000002,6362.970000000002,6350.960000000003,6358.480000000002,1167
2026-06-25T17:30:00+00:00,6358.480000000002,6362.480000000002,6350.970000000002,6359.980000000002,1398
2026-06-25T18:00:00+00:00,6359.980000000002,6360.480000000002,6344.960000000003,6358.980000000002,1402
2026-06-25T18:30:00+00:00,6358.980000000002,6358.980000000002,6343.960000000003,6349.980000000002,1640
2026-06-25T19:00:00+00:00,6349.980000000002,6350.980000000002,6341.960000000003,6347.960000000003,1259
2026-06-25T19:30:00+00:00,6347.960000000003,6348.980000000002,6340.970000000002,6348.5300000000025,1080
2026-06-26T06:00:00+00:00,6348.5300000000025,6352.0300000000025,6299.650000000002,6317.640000000002,613.7886721423682
2026-06-26T06:30:00+00:00,6317.640000000002,6331.640000000002,6314.630000000002,6326.150000000002,675
2026-06-26T07:00:00+00:00,6326.150000000002,6335.650000000002,6318.630000000002,6335.130000000002,1529
2026-06-26T07:30:00+00:00,6335.130000000002,6340.650000000002,6321.640000000002,6329.650000000002,698
2026-06-26T08:00:00+00:00,6329.650000000002,6332.630000000002,6314.150000000002,6322.650000000002,1028
2026-06-26T08:30:00+00:00,6322.650000000002,6323.140000000002,6304.630000000002,6310.640000000002,825
2026-06-26T09:00:00+00:00,6310.640000000002,6313.150000000002,6301.630000000002,6305.130000000002,1140
2026-06-26T09:30:00+00:00,6305.130000000002,6312.650000000002,6299.630000000002,6306.630000000002,722
2026-06-26T10:00:00+00:00,6306.630000000002,6307.650000000002,6296.630000000002,6304.150000000002,650
2026-06-26T10:30:00+00:00,6304.150000000002,6304.150000000002,6296.630000000002,6298.640000000002,616
2026-06-26T11:00:00+00:00,6298.640000000002,6307.650000000002,6297.130000000002,6298.640000000002,845
2026-06-26T11:30:00+00:00,6298.640000000002,6299.130000000002,6290.650000000002,6293.640000000002,740
2026-06-26T12:00:00+00:00,6293.640000000002,6302.150000000002,6290.630000000002,6299.150000000002,884
2026-06-26T12:30:00+00:00,6299.150000000002,6301.650000000002,6283.630000000002,6286.650000000002,731.5451070336392
2026-06-26T13:00:00+00:00,6286.650000000002,6288.640000000002,6266.630000000002,6283.140000000002,1573
2026-06-26T13:30:00+00:00,6283.140000000002,6300.650000000002,6275.630000000002,6296.630000000002,3980
2026-06-26T14:00:00+00:00,6296.630000000002,6307.640000000002,6294.630000000002,6303.650000000002,2322
2026-06-26T14:30:00+00:00,6303.650000000002,6304.150000000002,6288.630000000002,6291.640000000002,1457.7008149010478
2026-06-26T15:00:00+00:00,6291.640000000002,6311.120000000002,6287.120000000002,6310.640000000002,1194
2026-06-26T15:30:00+00:00,6310.640000000002,6321.140000000002,6303.620000000002,6311.620000000002,1671
2026-06-26T16:00:00+00:00,6311.620000000002,6313.140000000002,6288.120000000002,6299.120000000002,1714
2026-06-26T16:30:00+00:00,6299.120000000002,6307.120000000002,6299.120000000002,6303.120000000002,821
2026-06-26T17:00:00+00:00,6303.120000000002,6311.140000000002,6301.620000000002,6308.640000000002,830
2026-06-26T17:30:00+00:00,6308.640000000002,6310.640000000002,6299.120000000002,6299.640000000002,974
2026-06-26T18:00:00+00:00,6299.640000000002,6302.140000000002,6291.140000000002,6292.140000000002,854
2026-06-26T18:30:00+00:00,6292.140000000002,6294.130000000002,6285.120000000002,6287.120000000002,637
2026-06-26T19:00:00+00:00,6287.120000000002,6295.140000000002,6283.120000000002,6290.630000000002,930
2026-06-26T19:30:00+00:00,6290.630000000002,6301.130000000002,6286.620000000002,6293.170000000002,1292
2026-06-29T06:00:00+00:00,6293.170000000002,6332.520000000002,6291.170000000002,6326.000000000002,518.5484221980414
2026-06-29T06:30:00+00:00,6326.000000000002,6327.010000000002,6317.020000000002,6319.510000000002,497
2026-06-29T07:00:00+00:00,6319.510000000002,6320.520000000002,6302.000000000002,6314.010000000002,1532
2026-06-29T07:30:00+00:00,6314.010000000002,6322.020000000002,6309.020000000002,6313.010000000002,978
2026-06-29T08:00:00+00:00,6313.010000000002,6319.010000000002,6304.520000000002,6304.520000000002,1108
2026-06-29T08:30:00+00:00,6304.520000000002,6307.020000000002,6294.000000000002,6294.500000000002,808
2026-06-29T09:00:00+00:00,6294.500000000002,6308.000000000002,6293.500000000002,6308.000000000002,676
2026-06-29T09:30:00+00:00,6308.000000000002,6309.020000000002,6294.000000000002,6300.000000000002,458
2026-06-29T10:00:00+00:00,6300.000000000002,6302.000000000002,6292.010000000002,6302.000000000002,473
2026-06-29T10:30:00+00:00,6302.000000000002,6306.520000000002,6297.010000000002,6304.020000000002,653
2026-06-29T11:00:00+00:00,6304.020000000002,6308.010000000002,6298.000000000002,6301.010000000002,460
2026-06-29T11:30:00+00:00,6301.010000000002,6312.010000000002,6299.000000000002,6311.000000000002,884
2026-06-29T12:00:00+00:00,6311.000000000002,6314.020000000002,6308.010000000002,6308.520000000002,509
2026-06-29T12:30:00+00:00,6308.520000000002,6313.020000000002,6301.000000000002,6310.520000000002,497
2026-06-29T13:00:00+00:00,6310.520000000002,6316.010000000002,6309.000000000002,6312.010000000002,555
2026-06-29T13:30:00+00:00,6312.010000000002,6322.520000000002,6305.000000000002,6311.010000000002,2360
2026-06-29T14:00:00+00:00,6311.010000000002,6313.510000000002,6284.010000000002,6309.520000000002,2917
2026-06-29T14:30:00+00:00,6309.520000000002,6314.020000000002,6300.000000000002,6310.500000000002,2168
2026-06-29T15:00:00+00:00,6310.500000000002,6320.020000000002,6302.000000000002,6316.520000000002,1416
2026-06-29T15:30:00+00:00,6316.520000000002,6325.010000000002,6312.000000000002,6322.010000000002,894
2026-06-29T16:00:00+00:00,6322.010000000002,6328.500000000002,6321.500000000002,6327.020000000002,561
2026-06-29T16:30:00+00:00,6327.020000000002,6337.010000000002,6324.010000000002,6334.000000000002,231
2026-06-29T17:00:00+00:00,6334.000000000002,6340.510000000002,6333.000000000002,6336.000000000002,279.0852228303362
2026-06-29T17:30:00+00:00,6336.000000000002,6338.020000000002,6333.500000000002,6336.500000000002,212
2026-06-29T18:00:00+00:00,6336.500000000002,6347.520000000002,6336.000000000002,6341.020000000002,263.6822233875197
2026-06-29T18:30:00+00:00,6341.020000000002,6345.020000000002,6341.000000000002,6343.010000000002,229.8453170423744
2026-06-29T19:00:00+00:00,6343.010000000002,6345.520000000002,6341.000000000002,6344.000000000002,249
2026-06-29T19:30:00+00:00,6344.000000000002,6349.020000000002,6337.000000000002,6344.550000000002,537.0298742138365
2026-06-30T06:00:00+00:00,6344.550000000002,6355.980000000002,6343.050000000002,6351.480000000002,444.3694419441944
2026-06-30T06:30:00+00:00,6351.480000000002,6353.9900000000025,6344.4900000000025,6353.980000000002,338.95363636363635
2026-06-30T07:00:00+00:00,6353.980000000002,6364.000000000002,6345.980000000002,6358.500000000002,1073
2026-06-30T07:30:00+00:00,6358.500000000002,6366.000000000002,6346.980000000002,6348.500000000002,681
2026-06-30T08:00:00+00:00,6348.500000000002,6359.000000000002,6345.980000000002,6358.000000000002,767
2026-06-30T08:30:00+00:00,6358.000000000002,6359.9900000000025,6344.480000000002,6352.000000000002,502
2026-06-30T09:00:00+00:00,6352.000000000002,6368.4900000000025,6351.480000000002,6366.500000000002,451
2026-06-30T09:30:00+00:00,6366.500000000002,6380.480000000002,6363.980000000002,6377.9900000000025,415
2026-06-30T10:00:00+00:00,6377.9900000000025,6388.980000000002,6375.980000000002,6387.9900000000025,254
2026-06-30T10:30:00+00:00,6387.9900000000025,6390.980000000002,6383.980000000002,6389.500000000002,370
2026-06-30T11:00:00+00:00,6389.500000000002,6393.500000000002,6386.000000000002,6388.9900000000025,407
2026-06-30T11:30:00+00:00,6388.9900000000025,6395.000000000002,6388.980000000002,6389.000000000002,206.3795871559633
2026-06-30T12:00:00+00:00,6389.000000000002,6389.500000000002,6370.980000000002,6370.980000000002,451
2026-06-30T12:30:00+00:00,6370.980000000002,6377.000000000002,6363.9900000000025,6373.500000000002,420
2026-06-30T13:00:00+00:00,6373.500000000002,6374.000000000002,6363.980000000002,6365.500000000002,402
2026-06-30T13:30:00+00:00,6365.500000000002,6389.500000000002,6364.980000000002,6388.480000000002,1130
2026-06-30T14:00:00+00:00,6388.480000000002,6395.000000000002,6380.9900000000025,6388.980000000002,646
2026-06-30T14:30:00+00:00,6388.980000000002,6393.000000000002,6384.480000000002,6385.4900000000025,727
2026-06-30T15:00:00+00:00,6385.4900000000025,6409.500000000002,6385.4900000000025,6403.500000000002,627
2026-06-30T15:30:00+00:00,6403.500000000002,6411.9900000000025,6394.980000000002,6406.000000000002,556
2026-06-30T16:00:00+00:00,6406.000000000002,6411.000000000002,6404.480000000002,6408.9900000000025,108
2026-06-30T16:30:00+00:00,6408.9900000000025,6414.500000000002,6408.980000000002,6412.980000000002,131
2026-06-30T17:00:00+00:00,6412.980000000002,6415.9900000000025,6408.980000000002,6410.4900000000025,147.75588643304116
2026-06-30T17:30:00+00:00,6410.4900000000025,6414.000000000002,6408.980000000002,6413.9900000000025,141
2026-06-30T18:00:00+00:00,6413.9900000000025,6416.000000000002,6410.9900000000025,6410.9900000000025,110.85063933849362
2026-06-30T18:30:00+00:00,6410.9900000000025,6416.980000000002,6409.980000000002,6415.9900000000025,73
2026-06-30T19:00:00+00:00,6415.9900000000025,6417.980000000002,6412.980000000002,6414.000000000002,153
2026-06-30T19:30:00+00:00,6414.000000000002,6416.980000000002,6407.980000000002,6412.540000000002,394.29906542056074
2026-07-01T06:00:00+00:00,6412.540000000002,6416.040000000002,6397.430000000002,6399.430000000002,304.3200501253133
2026-07-01T06:30:00+00:00,6399.430000000002,6406.450000000003,6396.430000000002,6405.430000000002,320
2026-07-01T07:00:00+00:00,6405.430000000002,6405.450000000003,6373.450000000003,6379.450000000003,1479
2026-07-01T07:30:00+00:00,6379.450000000003,6396.430000000002,6374.440000000002,6395.940000000002,486
2026-07-01T08:00:00+00:00,6395.940000000002,6400.950000000003,6388.930000000002,6400.430000000002,576
2026-07-01T08:30:00+00:00,6400.430000000002,6408.440000000002,6395.450000000003,6403.940000000002,530
2026-07-01T09:00:00+00:00,6403.940000000002,6404.450000000003,6391.430000000002,6401.440000000002,484.6789077212806
2026-07-01T09:30:00+00:00,6401.440000000002,6403.430000000002,6397.950000000003,6399.950000000003,342
2026-07-01T10:00:00+00:00,6399.950000000003,6400.450000000003,6390.440000000002,6395.430000000002,480
2026-07-01T10:30:00+00:00,6395.430000000002,6396.450000000003,6387.930000000002,6392.440000000002,352.1823268363688
2026-07-01T11:00:00+00:00,6392.440000000002,6395.940000000002,6384.430000000002,6384.430000000002,231
2026-07-01T11:30:00+00:00,6384.430000000002,6385.450000000003,6371.430000000002,6372.440000000002,369
2026-07-01T12:00:00+00:00,6372.440000000002,6378.440000000002,6364.930000000002,6377.930000000002,572
2026-07-01T12:30:00+00:00,6377.930000000002,6380.440000000002,6366.430000000002,6368.950000000003,843
2026-07-01T13:00:00+00:00,6368.950000000003,6368.950000000003,6352.430000000002,6363.440000000002,872
2026-07-01T13:30:00+00:00,6363.440000000002,6375.430000000002,6345.930000000002,6371.430000000002,2089
2026-07-01T14:00:00+00:00,6371.430000000002,6372.940000000002,6361.430000000002,6367.930000000002,979
2026-07-01T14:30:00+00:00,6367.930000000002,6367.930000000002,6348.430000000002,6352.930000000002,692.8276792598303
2026-07-01T15:00:00+00:00,6352.930000000002,6373.920000000002,6349.930000000002,6373.920000000002,577
2026-07-01T15:30:00+00:00,6373.920000000002,6375.940000000002,6358.930000000002,6367.920000000002,566
2026-07-01T16:00:00+00:00,6367.920000000002,6372.420000000002,6364.930000000002,6371.920000000002,320
2026-07-01T16:30:00+00:00,6371.920000000002,6374.940000000002,6360.940000000002,6361.420000000002,293
2026-07-01T17:00:00+00:00,6361.420000000002,6366.940000000002,6359.920000000002,6365.930000000002,334.13471914586995
2026-07-01T17:30:00+00:00,6365.930000000002,6367.940000000002,6358.420000000002,6359.940000000002,161.4654867256637
2026-07-01T18:00:00+00:00,6359.940000000002,6362.940000000002,6355.930000000002,6357.930000000002,238
2026-07-01T18:30:00+00:00,6357.930000000002,6360.940000000002,6356.440000000002,6359.420000000002,162.99565976453727
2026-07-01T19:00:00+00:00,6359.420000000002,6366.940000000002,6359.420000000002,6364.430000000002,184.0193192272309
2026-07-01T19:30:00+00:00,6364.430000000002,6366.440000000002,6357.920000000002,6362.490000000002,294.5037243947859
2026-07-02T06:00:00+00:00,6362.490000000002,6364.490000000002,6350.550000000002,6350.550000000002,455.08920815235547
2026-07-02T06:30:00+00:00,6350.550000000002,6356.5700000000015,6342.5700000000015,6343.050000000002,502
2026-07-02T07:00:00+00:00,6343.050000000002,6369.060000000002,6342.050000000002,6364.0700000000015,1470
2026-07-02T07:30:00+00:00,6364.0700000000015,6375.5700000000015,6360.560000000002,6369.0700000000015,872
2026-07-02T08:00:00+00:00,6369.0700000000015,6375.0700000000015,6363.550000000002,6372.5700000000015,913
2026-07-02T08:30:00+00:00,6372.5700000000015,6383.5700000000015,6370.5700000000015,6379.550000000002,675
2026-07-02T09:00:00+00:00,6379.550000000002,6381.5700000000015,6373.550000000002,6380.050000000002,519
2026-07-02T09:30:00+00:00,6380.050000000002,6389.5700000000015,6378.550000000002,6389.0700000000015,436
2026-07-02T10:00:00+00:00,6389.0700000000015,6389.560000000002,6382.550000000002,6386.0700000000015,433.26325088339223
2026-07-02T10:30:00+00:00,6386.0700000000015,6401.050000000002,6386.0700000000015,6398.550000000002,381
2026-07-02T11:00:00+00:00,6398.550000000002,6402.560000000002,6396.550000000002,6400.560000000002,369
2026-07-02T11:30:00+00:00,6400.560000000002,6410.5700000000015,6398.550000000002,6409.5700000000015,251
2026-07-02T12:00:00+00:00,6409.5700000000015,6427.5700000000015,6408.550000000002,6423.620000000002,696
2026-07-02T12:30:00+00:00,6423.620000000002,6447.5700000000015,6422.600000000002,6441.0700000000015,1967
2026-07-02T13:00:00+00:00,6441.0700000000015,6451.5700000000015,6439.550000000002,6449.050000000002,578
2026-07-02T13:30:00+00:00,6449.050000000002,6476.550000000002,6443.550000000002,6466.560000000002,1299
2026-07-02T14:00:00+00:00,6466.560000000002,6468.560000000002,6447.550000000002,6450.560000000002,1293
2026-07-02T14:30:00+00:00,6450.560000000002,6462.5700000000015,6447.550000000002,6462.5700000000015,1712
2026-07-02T15:00:00+00:00,6462.5700000000015,6465.560000000002,6435.060000000002,6436.0700000000015,1375
2026-07-02T15:30:00+00:00,6436.0700000000015,6449.5700000000015,6433.060000000002,6435.550000000002,1517
2026-07-02T16:00:00+00:00,6435.550000000002,6443.5700000000015,6433.550000000002,6434.0700000000015,1220
2026-07-02T16:30:00+00:00,6434.0700000000015,6434.5700000000015,6423.550000000002,6425.560000000002,809
2026-07-02T17:00:00+00:00,6425.560000000002,6426.560000000002,6415.560000000002,6419.0700000000015,848
2026-07-02T17:30:00+00:00,6419.0700000000015,6420.5700000000015,6408.550000000002,6409.0700000000015,729
2026-07-02T18:00:00+00:00,6409.0700000000015,6418.5700000000015,6407.5700000000015,6416.060000000002,656
2026-07-02T18:30:00+00:00,6416.060000000002,6424.060000000002,6415.550000000002,6422.0700000000015,540
2026-07-02T19:00:00+00:00,6422.0700000000015,6423.5700000000015,6411.550000000002,6416.550000000002,640
2026-07-02T19:30:00+00:00,6416.550000000002,6443.5700000000015,6416.550000000002,6440.6100000000015,763
2026-07-03T06:00:00+00:00,6440.6100000000015,6472.160000000002,6440.1100000000015,6469.650000000002,208.69674952198852
2026-07-03T06:30:00+00:00,6469.650000000002,6474.660000000002,6466.160000000002,6466.650000000002,275
2026-07-03T07:00:00+00:00,6466.650000000002,6487.150000000002,6464.140000000002,6469.640000000002,963
2026-07-03T07:30:00+00:00,6469.640000000002,6471.160000000002,6456.140000000002,6459.660000000002,543
2026-07-03T08:00:00+00:00,6459.660000000002,6469.160000000002,6455.140000000002,6465.140000000002,615.4381188118812
2026-07-03T08:30:00+00:00,6465.140000000002,6466.160000000002,6450.140000000002,6452.160000000002,678
2026-07-03T09:00:00+00:00,6452.160000000002,6461.160000000002,6448.150000000002,6456.160000000002,574
2026-07-03T09:30:00+00:00,6456.160000000002,6465.660000000002,6455.160000000002,6462.150000000002,572
2026-07-03T10:00:00+00:00,6462.150000000002,6467.160000000002,6459.150000000002,6465.650000000002,252
2026-07-03T10:30:00+00:00,6465.650000000002,6470.160000000002,6465.640000000002,6469.140000000002,263
2026-07-03T11:00:00+00:00,6469.140000000002,6469.150000000002,6460.140000000002,6461.660000000002,255
2026-07-03T11:30:00+00:00,6461.660000000002,6474.140000000002,6461.160000000002,6473.640000000002,345
2026-07-03T12:00:00+00:00,6473.640000000002,6480.160000000002,6473.640000000002,6476.640000000002,286.39741619390304
2026-07-03T12:30:00+00:00,6476.640000000002,6484.160000000002,6476.150000000002,6484.140000000002,226
2026-07-03T13:00:00+00:00,6484.140000000002,6489.160000000002,6483.140000000002,6486.140000000002,251.20633441160882
2026-07-03T13:30:00+00:00,6486.140000000002,6494.160000000002,6482.640000000002,6493.150000000002,306.3489583333333
2026-07-03T14:00:00+00:00,6493.150000000002,6495.160000000002,6489.130000000002,6491.6500000000015,237.2183113345904
2026-07-03T14:30:00+00:00,6491.6500000000015,6505.6500000000015,6491.140000000002,6504.6500000000015,183
2026-07-03T15:00:00+00:00,6504.6500000000015,6506.1500000000015,6499.130000000002,6500.6500000000015,223.69206349206348
2026-07-03T15:30:00+00:00,6500.6500000000015,6503.1500000000015,6494.130000000002,6495.140000000002,349.7790322580645
2026-07-03T16:00:00+00:00,6495.140000000002,6501.1500000000015,6495.130000000002,6499.140000000002,152.4636048526863
2026-07-03T16:30:00+00:00,6499.140000000002,6500.1500000000015,6496.130000000002,6496.130000000002,132.95490320673983
2026-07-03T17:00:00+00:00,6496.130000000002,6496.1500000000015,6493.6500000000015,6495.130000000002,56.79695065998138
2026-07-03T17:30:00+00:00,6495.130000000002,6496.140000000002,6495.130000000002,6495.1500000000015,41.916759010372196
2026-07-03T18:00:00+00:00,6495.1500000000015,6495.6500000000015,6495.130000000002,6495.130000000002,55.08590121136773
2026-07-03T18:30:00+00:00,6495.130000000002,6496.1500000000015,6495.130000000002,6496.1500000000015,60.41913279615588
2026-07-03T19:00:00+00:00,6496.1500000000015,6498.140000000002,6495.1500000000015,6497.140000000002,67.57504548801816
2026-07-03T19:30:00+00:00,6497.140000000002,6499.1500000000015,6495.640000000002,6497.6500000000015,122
2026-07-06T06:00:00+00:00,6497.6500000000015,6498.1500000000015,6485.700000000002,6489.700000000002,158.47536982926925
2026-07-06T06:30:00+00:00,6489.700000000002,6497.210000000002,6487.700000000002,6494.700000000002,210
2026-07-06T07:00:00+00:00,6494.700000000002,6505.220000000002,6489.700000000002,6503.700000000002,1013
2026-07-06T07:30:00+00:00,6503.700000000002,6516.720000000002,6501.200000000002,6514.700000000002,476
2026-07-06T08:00:00+00:00,6514.700000000002,6517.700000000002,6504.200000000002,6512.220000000002,461
2026-07-06T08:30:00+00:00,6512.220000000002,6513.720000000002,6498.700000000002,6498.710000000002,353
2026-07-06T09:00:00+00:00,6498.710000000002,6499.710000000002,6489.700000000002,6497.700000000002,374.2610153256705
2026-07-06T09:30:00+00:00,6497.700000000002,6498.710000000002,6492.700000000002,6494.220000000002,289.44733044733044
2026-07-06T10:00:00+00:00,6494.220000000002,6494.720000000002,6488.700000000002,6489.220000000002,251
2026-07-06T10:30:00+00:00,6489.220000000002,6490.720000000002,6483.700000000002,6487.700000000002,193
2026-07-06T11:00:00+00:00,6487.700000000002,6487.710000000002,6481.700000000002,6482.200000000002,216
2026-07-06T11:30:00+00:00,6482.200000000002,6488.720000000002,6480.200000000002,6481.700000000002,243
2026-07-06T12:00:00+00:00,6481.700000000002,6483.720000000002,6478.200000000002,6478.710000000002,269.03915063039153
2026-07-06T12:30:00+00:00,6478.710000000002,6481.710000000002,6477.200000000002,6477.720000000002,266.7180675049636
2026-07-06T13:00:00+00:00,6477.720000000002,6478.700000000002,6466.700000000002,6469.720000000002,381
2026-07-06T13:30:00+00:00,6469.720000000002,6472.720000000002,6461.700000000002,6471.710000000002,1040
2026-07-06T14:00:00+00:00,6471.710000000002,6480.720000000002,6470.700000000002,6475.710000000002,615
2026-07-06T14:30:00+00:00,6475.710000000002,6481.220000000002,6468.700000000002,6480.200000000002,400.96558317399615
2026-07-06T15:00:00+00:00,6480.200000000002,6485.700000000002,6469.700000000002,6484.720000000002,375
2026-07-06T15:30:00+00:00,6484.720000000002,6487.220000000002,6480.220000000002,6482.200000000002,343
2026-07-06T16:00:00+00:00,6482.200000000002,6482.720000000002,6478.720000000002,6481.220000000002,150.32615787275319
2026-07-06T16:30:00+00:00,6481.220000000002,6482.720000000002,6478.210000000002,6479.720000000002,106
2026-07-06T17:00:00+00:00,6479.720000000002,6485.720000000002,6477.720000000002,6482.700000000002,147.6160118606375
2026-07-06T17:30:00+00:00,6482.700000000002,6482.710000000002,6476.700000000002,6480.700000000002,133
2026-07-06T18:00:00+00:00,6480.700000000002,6484.720000000002,6480.700000000002,6483.700000000002,91.76842105263158
2026-07-06T18:30:00+00:00,6483.700000000002,6484.710000000002,6481.700000000002,6483.700000000002,98.19969969969969
2026-07-06T19:00:00+00:00,6483.700000000002,6488.710000000002,6481.700000000002,6487.710000000002,159.39327296248382
2026-07-06T19:30:00+00:00,6487.710000000002,6487.720000000002,6481.710000000002,6484.260000000002,225
2026-07-07T06:00:00+00:00,6484.260000000002,6486.260000000002,6458.640000000002,6465.6500000000015,370.36190072206284
2026-07-07T06:30:00+00:00,6465.6500000000015,6474.1500000000015,6464.640000000002,6473.1500000000015,157
2026-07-07T07:00:00+00:00,6473.1500000000015,6480.660000000002,6462.640000000002,6480.160000000002,1054
2026-07-07T07:30:00+00:00,6480.160000000002,6481.640000000002,6472.660000000002,6479.1500000000015,659
2026-07-07T08:00:00+00:00,6479.1500000000015,6483.6500000000015,6473.640000000002,6477.640000000002,451
2026-07-07T08:30:00+00:00,6477.640000000002,6478.6500000000015,6466.1500000000015,6466.1500000000015,432
2026-07-07T09:00:00+00:00,6466.1500000000015,6468.660000000002,6460.640000000002,6463.660000000002,437
2026-07-07T09:30:00+00:00,6463.660000000002,6464.6500000000015,6457.640000000002,6461.6500000000015,334
2026-07-07T10:00:00+00:00,6461.6500000000015,6465.6500000000015,6455.640000000002,6457.160000000002,265
2026-07-07T10:30:00+00:00,6457.160000000002,6458.660000000002,6453.640000000002,6458.660000000002,301
2026-07-07T11:00:00+00:00,6458.660000000002,6459.660000000002,6452.640000000002,6453.640000000002,352.4402304368699
2026-07-07T11:30:00+00:00,6453.640000000002,6455.640000000002,6444.660000000002,6450.660000000002,419
2026-07-07T12:00:00+00:00,6450.660000000002,6460.660000000002,6446.640000000002,6459.660000000002,331
2026-07-07T12:30:00+00:00,6459.660000000002,6462.660000000002,6452.640000000002,6456.6500000000015,248
2026-07-07T13:00:00+00:00,6456.6500000000015,6456.6500000000015,6449.640000000002,6451.660000000002,351
2026-07-07T13:30:00+00:00,6451.660000000002,6457.660000000002,6431.640000000002,6436.640000000002,1010
2026-07-07T14:00:00+00:00,6436.640000000002,6437.660000000002,6419.640000000002,6427.140000000002,1228
2026-07-07T14:30:00+00:00,6427.140000000002,6428.660000000002,6419.140000000002,6425.1500000000015,1004
2026-07-07T15:00:00+00:00,6425.1500000000015,6425.1500000000015,6413.640000000002,6419.640000000002,631
2026-07-07T15:30:00+00:00,6419.640000000002,6422.660000000002,6407.640000000002,6419.640000000002,634
2026-07-07T16:00:00+00:00,6419.640000000002,6432.660000000002,6419.640000000002,6430.640000000002,426
2026-07-07T16:30:00+00:00,6430.640000000002,6432.660000000002,6425.640000000002,6430.6500000000015,365.7076980290071
2026-07-07T17:00:00+00:00,6430.6500000000015,6433.660000000002,6426.6500000000015,6429.660000000002,139
2026-07-07T17:30:00+00:00,6429.660000000002,6433.660000000002,6429.640000000002,6433.6500000000015,164
2026-07-07T18:00:00+00:00,6433.6500000000015,6434.6500000000015,6431.6500000000015,6432.660000000002,218
2026-07-07T18:30:00+00:00,6432.660000000002,6433.6500000000015,6416.640000000002,6417.660000000002,752.5960410557185
2026-07-07T19:00:00+00:00,6417.660000000002,6418.6500000000015,6395.6500000000015,6406.660000000002,898
2026-07-07T19:30:00+00:00,6406.660000000002,6416.710000000002,6406.640000000002,6416.190000000001,798
2026-07-08T06:00:00+00:00,6416.190000000001,6416.190000000001,6386.850000000001,6388.8600000000015,426.98342764753437
2026-07-08T06:30:00+00:00,6388.8600000000015,6390.3600000000015,6375.840000000002,6385.8600000000015,481
2026-07-08T07:00:00+00:00,6385.8600000000015,6385.8600000000015,6347.840000000002,6361.840000000002,1992
2026-07-08T07:30:00+00:00,6361.840000000002,6367.8600000000015,6356.340000000002,6356.840000000002,944
2026-07-08T08:00:00+00:00,6356.840000000002,6360.8600000000015,6302.850000000001,6303.3600000000015,3453
2026-07-08T08:30:00+00:00,6303.3600000000015,6304.8600000000015,6279.840000000002,6281.3600000000015,2478
2026-07-08T09:00:00+00:00,6281.3600000000015,6283.850000000001,6263.850000000001,6271.3600000000015,1695
2026-07-08T09:30:00+00:00,6271.3600000000015,6284.8600000000015,6265.340000000002,6268.8600000000015,1245
2026-07-08T10:00:00+00:00,6268.8600000000015,6277.850000000001,6263.8600000000015,6274.8600000000015,949
2026-07-08T10:30:00+00:00,6274.8600000000015,6291.8600000000015,6271.840000000002,6285.340000000002,1099
2026-07-08T11:00:00+00:00,6285.340000000002,6290.3600000000015,6279.8600000000015,6284.3600000000015,612
2026-07-08T11:30:00+00:00,6284.3600000000015,6320.850000000001,6281.840000000002,6297.850000000001,1592
2026-07-08T12:00:00+00:00,6297.850000000001,6311.850000000001,6290.840000000002,6308.3600000000015,901
2026-07-08T12:30:00+00:00,6308.3600000000015,6317.840000000002,6300.8600000000015,6301.850000000001,917
2026-07-08T13:00:00+00:00,6301.850000000001,6318.3600000000015,6299.850000000001,6301.850000000001,1005
2026-07-08T13:30:00+00:00,6301.850000000001,6325.850000000001,6301.840000000002,6319.8600000000015,2307
2026-07-08T14:00:00+00:00,6319.8600000000015,6323.8600000000015,6303.850000000001,6306.840000000002,2432
2026-07-08T14:30:00+00:00,6306.840000000002,6308.8600000000015,6292.840000000002,6299.840000000002,1968.5415115225924
2026-07-08T15:00:00+00:00,6299.840000000002,6300.820000000002,6270.820000000002,6275.340000000002,1159
2026-07-08T15:30:00+00:00,6275.340000000002,6293.340000000002,6274.820000000002,6286.340000000002,899
2026-07-08T16:00:00+00:00,6286.340000000002,6312.840000000002,6285.340000000002,6310.830000000002,717
2026-07-08T16:30:00+00:00,6310.830000000002,6326.830000000002,6305.820000000002,6326.320000000002,1177
2026-07-08T17:00:00+00:00,6326.320000000002,6328.320000000002,6317.820000000002,6325.820000000002,466
2026-07-08T17:30:00+00:00,6325.820000000002,6327.830000000002,6316.340000000002,6318.820000000002,302
2026-07-08T18:00:00+00:00,6318.820000000002,6329.820000000002,6316.330000000002,6324.830000000002,750
2026-07-08T18:30:00+00:00,6324.830000000002,6326.830000000002,6320.330000000002,6323.820000000002,396
2026-07-08T19:00:00+00:00,6323.820000000002,6326.840000000002,6322.820000000002,6325.830000000002,400
2026-07-08T19:30:00+00:00,6325.830000000002,6331.840000000002,6317.820000000002,6329.880000000002,735
2026-07-09T06:00:00+00:00,6329.880000000002,6355.350000000002,6329.380000000002,6350.330000000002,366.30370087752766
2026-07-09T06:30:00+00:00,6350.330000000002,6352.350000000002,6340.830000000002,6340.830000000002,320.88856476079343
2026-07-09T07:00:00+00:00,6340.830000000002,6350.350000000002,6330.350000000002,6333.340000000002,1115
2026-07-09T07:30:00+00:00,6333.340000000002,6346.350000000002,6330.330000000002,6334.350000000002,583
2026-07-09T08:00:00+00:00,6334.350000000002,6342.840000000002,6328.340000000002,6330.840000000002,575
2026-07-09T08:30:00+00:00,6330.840000000002,6331.340000000002,6319.330000000002,6323.330000000002,624
2026-07-09T09:00:00+00:00,6323.330000000002,6326.330000000002,6319.340000000002,6322.350000000002,548
2026-07-09T09:30:00+00:00,6322.350000000002,6326.350000000002,6311.330000000002,6325.350000000002,501
2026-07-09T10:00:00+00:00,6325.350000000002,6330.350000000002,6322.350000000002,6325.340000000002,389
2026-07-09T10:30:00+00:00,6325.340000000002,6325.350000000002,6310.330000000002,6318.850000000002,746
2026-07-09T11:00:00+00:00,6318.850000000002,6327.350000000002,6316.330000000002,6321.330000000002,598
2026-07-09T11:30:00+00:00,6321.330000000002,6335.840000000002,6318.840000000002,6333.340000000002,376
2026-07-09T12:00:00+00:00,6333.340000000002,6339.350000000002,6330.330000000002,6338.350000000002,457
2026-07-09T12:30:00+00:00,6338.350000000002,6347.350000000002,6336.330000000002,6341.850000000002,428
2026-07-09T13:00:00+00:00,6341.850000000002,6354.350000000002,6341.850000000002,6353.350000000002,312
2026-07-09T13:30:00+00:00,6353.350000000002,6364.350000000002,6348.330000000002,6358.850000000002,1043
2026-07-09T14:00:00+00:00,6358.850000000002,6363.340000000002,6346.330000000002,6354.830000000002,1286
2026-07-09T14:30:00+00:00,6354.830000000002,6360.350000000002,6351.330000000002,6359.340000000002,979
2026-07-09T15:00:00+00:00,6359.340000000002,6370.830000000002,6358.340000000002,6364.830000000002,388
2026-07-09T15:30:00+00:00,6364.830000000002,6369.340000000002,6359.330000000002,6362.850000000002,472
2026-07-09T16:00:00+00:00,6362.850000000002,6369.350000000002,6362.830000000002,6365.340000000002,146.41463414634146
2026-07-09T16:30:00+00:00,6365.340000000002,6366.840000000002,6362.330000000002,6364.330000000002,206
2026-07-09T17:00:00+00:00,6364.330000000002,6371.350000000002,6364.330000000002,6371.350000000002,171.9916094302997
2026-07-09T17:30:00+00:00,6371.350000000002,6376.350000000002,6370.330000000002,6373.340000000002,144.2632944228275
2026-07-09T18:00:00+00:00,6373.340000000002,6374.840000000002,6364.330000000002,6364.830000000002,120.17366136034732
2026-07-09T18:30:00+00:00,6364.830000000002,6366.350000000002,6362.330000000002,6365.350000000002,172.84023668639054
2026-07-09T19:00:00+00:00,6365.350000000002,6365.840000000002,6359.340000000002,6361.340000000002,108.13465748375896
2026-07-09T19:30:00+00:00,6361.340000000002,6362.390000000002,6354.340000000002,6361.900000000002,271.6022031823745
2026-07-10T06:00:00+00:00,6361.900000000002,6367.140000000002,6355.120000000003,6360.130000000002,295.30375939849625
2026-07-10T06:30:00+00:00,6360.130000000002,6366.130000000002,6357.120000000003,6360.120000000003,241
2026-07-10T07:00:00+00:00,6360.120000000003,6371.140000000002,6350.620000000003,6367.640000000002,1092
2026-07-10T07:30:00+00:00,6367.640000000002,6373.140000000002,6350.120000000003,6357.620000000003,562
2026-07-10T08:00:00+00:00,6357.620000000003,6367.640000000002,6354.130000000002,6357.630000000002,481
2026-07-10T08:30:00+00:00,6357.630000000002,6357.630000000002,6345.630000000002,6349.140000000002,336
2026-07-10T09:00:00+00:00,6349.140000000002,6362.130000000002,6344.120000000003,6356.120000000003,459
2026-07-10T09:30:00+00:00,6356.120000000003,6364.130000000002,6353.120000000003,6357.640000000002,363
2026-07-10T10:00:00+00:00,6357.640000000002,6366.120000000003,6357.140000000002,6365.140000000002,293
2026-07-10T10:30:00+00:00,6365.140000000002,6369.640000000002,6360.130000000002,6362.640000000002,287
2026-07-10T11:00:00+00:00,6362.640000000002,6367.140000000002,6361.120000000003,6361.140000000002,298
2026-07-10T11:30:00+00:00,6361.140000000002,6361.140000000002,6353.120000000003,6356.120000000003,223
2026-07-10T12:00:00+00:00,6356.120000000003,6378.640000000002,6349.120000000003,6360.640000000002,863
2026-07-10T12:30:00+00:00,6360.640000000002,6362.140000000002,6355.630000000002,6358.640000000002,300
2026-07-10T13:00:00+00:00,6358.640000000002,6363.140000000002,6355.620000000003,6361.630000000002,246.7483282674772
2026-07-10T13:30:00+00:00,6361.630000000002,6368.140000000002,6352.620000000003,6359.130000000002,994
2026-07-10T14:00:00+00:00,6359.130000000002,6365.130000000002,6357.130000000002,6359.620000000003,671
2026-07-10T14:30:00+00:00,6359.620000000003,6364.130000000002,6320.130000000002,6350.120000000003,2362.062229548733
2026-07-10T15:00:00+00:00,6350.120000000003,6356.110000000002,6343.600000000003,6356.110000000002,717
2026-07-10T15:30:00+00:00,6356.110000000002,6357.620000000003,6347.600000000003,6354.600000000003,606
2026-07-10T16:00:00+00:00,6354.600000000003,6361.610000000002,6354.600000000003,6358.600000000003,198
2026-07-10T16:30:00+00:00,6358.600000000003,6367.610000000002,6356.600000000003,6366.600000000003,155
2026-07-10T17:00:00+00:00,6366.600000000003,6369.620000000003,6364.620000000003,6369.610000000002,91.11595440836061
2026-07-10T17:30:00+00:00,6369.610000000002,6372.620000000003,6368.600000000003,6368.620000000003,95.34718117920025
2026-07-10T18:00:00+00:00,6368.620000000003,6371.620000000003,6367.600000000003,6370.610000000002,156.82946272356145
2026-07-10T18:30:00+00:00,6370.610000000002,6372.620000000003,6369.120000000003,6369.600000000003,75.87330734241893
2026-07-10T19:00:00+00:00,6369.600000000003,6371.120000000003,6365.600000000003,6366.620000000003,84.05408805031446
2026-07-10T19:30:00+00:00,6366.620000000003,6370.620000000003,6363.600000000003,6364.660000000003,218.18129496402878
2026-07-13T06:00:00+00:00,6364.660000000003,6369.660000000003,6303.330000000003,6312.830000000003,690.5853379152348
2026-07-13T06:30:00+00:00,6312.830000000003,6325.330000000003,6309.330000000003,6324.850000000003,358
2026-07-13T07:00:00+00:00,6324.850000000003,6353.350000000003,6324.830000000003,6347.340000000003,1478
2026-07-13T07:30:00+00:00,6347.340000000003,6350.350000000003,6338.330000000003,6349.840000000003,895
2026-07-13T08:00:00+00:00,6349.840000000003,6360.350000000003,6346.340000000003,6356.850000000003,979
2026-07-13T08:30:00+00:00,6356.850000000003,6369.350000000003,6356.850000000003,6369.350000000003,452
2026-07-13T09:00:00+00:00,6369.350000000003,6371.330000000003,6360.330000000003,6368.350000000003,346
2026-07-13T09:30:00+00:00,6368.350000000003,6374.350000000003,6367.830000000003,6371.850000000003,298
2026-07-13T10:00:00+00:00,6371.850000000003,6372.850000000003,6355.340000000003,6357.330000000003,284
2026-07-13T10:30:00+00:00,6357.330000000003,6367.340000000003,6354.850000000003,6362.340000000003,365
2026-07-13T11:00:00+00:00,6362.340000000003,6373.350000000003,6362.340000000003,6372.340000000003,559
2026-07-13T11:30:00+00:00,6372.340000000003,6375.830000000003,6362.330000000003,6363.340000000003,372
2026-07-13T12:00:00+00:00,6363.340000000003,6366.350000000003,6354.330000000003,6354.340000000003,595
2026-07-13T12:30:00+00:00,6354.340000000003,6367.350000000003,6347.340000000003,6366.350000000003,351
2026-07-13T13:00:00+00:00,6366.350000000003,6369.350000000003,6356.330000000003,6364.350000000003,394
2026-07-13T13:30:00+00:00,6364.350000000003,6373.350000000003,6357.330000000003,6371.840000000003,1569
2026-07-13T14:00:00+00:00,6371.840000000003,6374.340000000003,6330.330000000003,6358.850000000003,3225
2026-07-13T14:30:00+00:00,6358.850000000003,6365.350000000003,6350.830000000003,6365.350000000003,1287
2026-07-13T15:00:00+00:00,6365.350000000003,6366.350000000003,6354.330000000003,6358.850000000003,705
2026-07-13T15:30:00+00:00,6358.850000000003,6366.340000000003,6354.330000000003,6355.350000000003,705
2026-07-13T16:00:00+00:00,6355.350000000003,6359.350000000003,6342.340000000003,6344.340000000003,796
2026-07-13T16:30:00+00:00,6344.340000000003,6348.350000000003,6334.330000000003,6340.340000000003,1210
2026-07-13T17:00:00+00:00,6340.340000000003,6349.350000000003,6340.330000000003,6342.330000000003,472
2026-07-13T17:30:00+00:00,6342.330000000003,6345.350000000003,6332.330000000003,6332.330000000003,505
2026-07-13T18:00:00+00:00,6332.330000000003,6337.350000000003,6326.340000000003,6328.830000000003,547
2026-07-13T18:30:00+00:00,6328.830000000003,6335.350000000003,6326.330000000003,6333.350000000003,467
2026-07-13T19:00:00+00:00,6333.350000000003,6336.350000000003,6322.350000000003,6324.340000000003,415.44009681323115
2026-07-13T19:30:00+00:00,6324.340000000003,6334.350000000003,6323.330000000003,6332.380000000003,590
2026-07-14T06:00:00+00:00,6332.380000000003,6345.020000000002,6328.010000000003,6329.020000000002,366.1243329054921
2026-07-14T06:30:00+00:00,6329.020000000002,6333.020000000002,6316.500000000003,6317.020000000002,450
2026-07-14T07:00:00+00:00,6317.020000000002,6343.020000000002,6313.000000000003,6333.020000000002,2297
2026-07-14T07:30:00+00:00,6333.020000000002,6334.020000000002,6309.500000000003,6325.000000000003,1763
2026-07-14T08:00:00+00:00,6325.000000000003,6333.020000000002,6316.000000000003,6328.000000000003,1704
2026-07-14T08:30:00+00:00,6328.000000000003,6330.010000000003,6314.010000000003,6317.020000000002,956
2026-07-14T09:00:00+00:00,6317.020000000002,6333.020000000002,6315.000000000003,6326.010000000003,982
2026-07-14T09:30:00+00:00,6326.010000000003,6339.020000000002,6324.020000000002,6334.500000000003,639
2026-07-14T10:00:00+00:00,6334.500000000003,6340.010000000003,6331.000000000003,6332.500000000003,436
2026-07-14T10:30:00+00:00,6332.500000000003,6338.020000000002,6320.500000000003,6326.510000000003,1055
2026-07-14T11:00:00+00:00,6326.510000000003,6339.020000000002,6318.000000000003,6336.010000000003,1523
2026-07-14T11:30:00+00:00,6336.010000000003,6340.000000000003,6328.020000000002,6332.020000000002,1097
2026-07-14T12:00:00+00:00,6332.020000000002,6337.020000000002,6322.500000000003,6336.510000000003,991
2026-07-14T12:30:00+00:00,6336.510000000003,6372.020000000002,6335.060000000002,6347.010000000003,2753
2026-07-14T13:00:00+00:00,6347.010000000003,6362.020000000002,6345.000000000003,6360.520000000002,1151
2026-07-14T13:30:00+00:00,6360.520000000002,6380.020000000002,6357.000000000003,6379.020000000002,2711
2026-07-14T14:00:00+00:00,6379.020000000002,6379.020000000002,6356.010000000003,6371.020000000002,2731
2026-07-14T14:30:00+00:00,6371.020000000002,6398.520000000002,6367.000000000003,6373.010000000003,2539
2026-07-14T15:00:00+00:00,6373.010000000003,6389.020000000002,6367.510000000003,6381.010000000003,1777
2026-07-14T15:30:00+00:00,6381.010000000003,6388.010000000003,6364.000000000003,6367.000000000003,1078
2026-07-14T16:00:00+00:00,6367.000000000003,6371.010000000003,6363.000000000003,6369.520000000002,1015
2026-07-14T16:30:00+00:00,6369.520000000002,6372.010000000003,6364.000000000003,6372.000000000003,530
2026-07-14T17:00:00+00:00,6372.000000000003,6374.520000000002,6370.000000000003,6374.000000000003,263
2026-07-14T17:30:00+00:00,6374.000000000003,6375.020000000002,6368.000000000003,6368.010000000003,210
2026-07-14T18:00:00+00:00,6368.010000000003,6370.020000000002,6365.000000000003,6369.010000000003,154.98724681170293
2026-07-14T18:30:00+00:00,6369.010000000003,6369.020000000002,6360.000000000003,6364.010000000003,307
2026-07-14T19:00:00+00:00,6364.010000000003,6364.020000000002,6359.000000000003,6360.000000000003,294
2026-07-14T19:30:00+00:00,6360.000000000003,6362.520000000002,6355.500000000003,6359.550000000003,456
2026-07-15T06:00:00+00:00,6359.550000000003,6393.580000000003,6358.550000000003,6389.370000000003,380.14802257431194
2026-07-15T06:30:00+00:00,6389.370000000003,6396.380000000003,6384.370000000003,6395.870000000003,567
2026-07-15T07:00:00+00:00,6395.870000000003,6397.360000000002,6362.360000000002,6366.880000000003,1686
2026-07-15T07:30:00+00:00,6366.880000000003,6386.380000000003,6363.360000000002,6381.380000000003,952
2026-07-15T08:00:00+00:00,6381.380000000003,6384.380000000003,6371.370000000003,6384.380000000003,800
2026-07-15T08:30:00+00:00,6384.380000000003,6386.380000000003,6378.360000000002,6383.370000000003,602
2026-07-15T09:00:00+00:00,6383.370000000003,6395.380000000003,6382.370000000003,6389.860000000002,432
2026-07-15T09:30:00+00:00,6389.860000000002,6390.380000000003,6372.860000000002,6374.360000000002,360
2026-07-15T10:00:00+00:00,6374.360000000002,6383.380000000003,6369.870000000003,6371.370000000003,478
2026-07-15T10:30:00+00:00,6371.370000000003,6374.880000000003,6367.380000000003,6368.880000000003,557
2026-07-15T11:00:00+00:00,6368.880000000003,6372.380000000003,6361.360000000002,6364.370000000003,423
2026-07-15T11:30:00+00:00,6364.370000000003,6378.880000000003,6363.360000000002,6376.360000000002,353
2026-07-15T12:00:00+00:00,6376.360000000002,6381.360000000002,6370.370000000003,6374.360000000002,390
2026-07-15T12:30:00+00:00,6374.360000000002,6387.360000000002,6374.360000000002,6383.880000000003,672
2026-07-15T13:00:00+00:00,6383.880000000003,6389.370000000003,6373.370000000003,6381.880000000003,538
2026-07-15T13:30:00+00:00,6381.880000000003,6385.880000000003,6358.380000000003,6376.380000000003,2085
2026-07-15T14:00:00+00:00,6376.380000000003,6379.380000000003,6369.360000000002,6374.880000000003,1342
2026-07-15T14:30:00+00:00,6374.880000000003,6378.380000000003,6361.360000000002,6374.870000000003,1329.2138992221846
2026-07-15T15:00:00+00:00,6374.870000000003,6375.850000000002,6359.860000000002,6366.360000000002,1002
2026-07-15T15:30:00+00:00,6366.360000000002,6375.370000000003,6359.850000000002,6360.360000000002,769
2026-07-15T16:00:00+00:00,6360.360000000002,6360.870000000003,6340.850000000002,6345.870000000003,628
2026-07-15T16:30:00+00:00,6345.870000000003,6355.860000000002,6336.360000000002,6351.870000000003,751
2026-07-15T17:00:00+00:00,6351.870000000003,6365.850000000002,6351.850000000002,6365.850000000002,279
2026-07-15T17:30:00+00:00,6365.850000000002,6376.870000000003,6365.850000000002,6373.850000000002,215.58945686900958
2026-07-15T18:00:00+00:00,6373.850000000002,6378.870000000003,6372.870000000003,6376.850000000002,191.75331338178708
2026-07-15T18:30:00+00:00,6376.850000000002,6378.850000000002,6369.870000000003,6370.850000000002,147
2026-07-15T19:00:00+00:00,6370.850000000002,6376.870000000003,6368.850000000002,6371.860000000002,269
2026-07-15T19:30:00+00:00,6371.860000000002,6379.920000000003,6367.350000000002,6379.920000000003,430
2026-07-16T06:00:00+00:00,6379.920000000003,6400.460000000003,6377.970000000003,6397.980000000002,1131.803146430012
2026-07-16T06:30:00+00:00,6397.980000000002,6397.980000000002,6386.960000000003,6392.960000000003,400
2026-07-16T07:00:00+00:00,6392.960000000003,6394.480000000002,6361.460000000003,6368.480000000002,1173
2026-07-16T07:30:00+00:00,6368.480000000002,6371.460000000003,6342.460000000003,6346.970000000003,884
2026-07-16T08:00:00+00:00,6346.970000000003,6354.470000000003,6338.960000000003,6352.980000000002,1118
2026-07-16T08:30:00+00:00,6352.980000000002,6362.980000000002,6351.470000000003,6360.960000000003,777
2026-07-16T09:00:00+00:00,6360.960000000003,6372.460000000003,6355.460000000003,6355.970000000003,569
2026-07-16T09:30:00+00:00,6355.970000000003,6361.460000000003,6346.460000000003,6350.480000000002,472
2026-07-16T10:00:00+00:00,6350.480000000002,6351.970000000003,6337.470000000003,6344.470000000003,484
2026-07-16T10:30:00+00:00,6344.470000000003,6347.480000000002,6341.460000000003,6343.480000000002,637
2026-07-16T11:00:00+00:00,6343.480000000002,6344.480000000002,6329.460000000003,6333.470000000003,650
2026-07-16T11:30:00+00:00,6333.470000000003,6334.460000000003,6306.960000000003,6329.470000000003,1362
2026-07-16T12:00:00+00:00,6329.470000000003,6334.980000000002,6314.470000000003,6318.960000000003,988
2026-07-16T12:30:00+00:00,6318.960000000003,6326.970000000003,6313.460000000003,6320.470000000003,735
2026-07-16T13:00:00+00:00,6320.470000000003,6334.480000000002,6318.480000000002,6332.980000000002,450
2026-07-16T13:30:00+00:00,6332.980000000002,6345.460000000003,6328.460000000003,6343.470000000003,1861
2026-07-16T14:00:00+00:00,6343.470000000003,6360.480000000002,6342.960000000003,6352.980000000002,1200
2026-07-16T14:30:00+00:00,6352.980000000002,6362.480000000002,6349.460000000003,6361.460000000003,782
2026-07-16T15:00:00+00:00,6361.460000000003,6374.480000000002,6360.460000000003,6371.980000000002,655
2026-07-16T15:30:00+00:00,6371.980000000002,6389.460000000003,6369.470000000003,6377.980000000002,619
2026-07-16T16:00:00+00:00,6377.980000000002,6377.980000000002,6361.460000000003,6365.460000000003,818
2026-07-16T16:30:00+00:00,6365.460000000003,6377.480000000002,6364.970000000003,6376.970000000003,553
2026-07-16T17:00:00+00:00,6376.970000000003,6376.980000000002,6370.480000000002,6375.480000000002,304
2026-07-16T17:30:00+00:00,6375.480000000002,6375.980000000002,6364.960000000003,6366.470000000003,256
2026-07-16T18:00:00+00:00,6366.470000000003,6371.480000000002,6360.460000000003,6368.470000000003,438
2026-07-16T18:30:00+00:00,6368.470000000003,6368.470000000003,6360.480000000002,6362.480000000002,425
2026-07-16T19:00:00+00:00,6362.480000000002,6365.480000000002,6358.460000000003,6360.460000000003,438
2026-07-16T19:30:00+00:00,6360.460000000003,6363.480000000002,6349.460000000003,6362.520000000002,709
2026-07-17T06:00:00+00:00,6362.520000000002,6365.520000000002,6312.680000000003,6332.680000000003,637.7375
2026-07-17T06:30:00+00:00,6332.680000000003,6335.690000000002,6323.680000000003,6327.180000000003,527
2026-07-17T07:00:00+00:00,6327.180000000003,6341.700000000003,6318.680000000003,6340.680000000003,1500
2026-07-17T07:30:00+00:00,6340.680000000003,6343.700000000003,6334.690000000002,6336.200000000003,687
2026-07-17T08:00:00+00:00,6336.200000000003,6346.700000000003,6315.680000000003,6319.190000000002,1640
2026-07-17T08:30:00+00:00,6319.190000000002,6323.200000000003,6306.200000000003,6318.680000000003,1153
2026-07-17T09:00:00+00:00,6318.680000000003,6320.680000000003,6307.180000000003,6320.680000000003,898
2026-07-17T09:30:00+00:00,6320.680000000003,6321.190000000002,6303.680000000003,6315.200000000003,765
2026-07-17T10:00:00+00:00,6315.200000000003,6332.180000000003,6311.190000000002,6330.690000000002,792
2026-07-17T10:30:00+00:00,6330.690000000002,6343.690000000002,6330.680000000003,6333.680000000003,434
2026-07-17T11:00:00+00:00,6333.680000000003,6337.700000000003,6322.680000000003,6323.190000000002,530
2026-07-17T11:30:00+00:00,6323.190000000002,6334.180000000003,6321.680000000003,6332.680000000003,390
2026-07-17T12:00:00+00:00,6332.680000000003,6334.690000000002,6319.180000000003,6323.690000000002,382
2026-07-17T12:30:00+00:00,6323.690000000002,6333.700000000003,6322.180000000003,6322.680000000003,375
2026-07-17T13:00:00+00:00,6322.680000000003,6322.690000000002,6299.680000000003,6306.680000000003,870
2026-07-17T13:30:00+00:00,6306.680000000003,6323.700000000003,6297.680000000003,6323.700000000003,2779
2026-07-17T14:00:00+00:00,6323.700000000003,6325.700000000003,6314.680000000003,6317.680000000003,1579
2026-07-17T14:30:00+00:00,6317.680000000003,6327.700000000003,6312.180000000003,6322.190000000002,1271
2026-07-17T15:00:00+00:00,6322.190000000002,6334.700000000003,6315.690000000002,6334.200000000003,844
2026-07-17T15:30:00+00:00,6334.200000000003,6351.700000000003,6326.700000000003,6351.680000000003,763
2026-07-17T16:00:00+00:00,6351.680000000003,6352.690000000002,6334.680000000003,6340.180000000003,961
2026-07-17T16:30:00+00:00,6340.180000000003,6350.700000000003,6336.680000000003,6345.200000000003,626
2026-07-17T17:00:00+00:00,6345.200000000003,6353.700000000003,6344.690000000002,6350.690000000002,360
2026-07-17T17:30:00+00:00,6350.690000000002,6350.690000000002,6333.680000000003,6334.680000000003,414
2026-07-17T18:00:00+00:00,6334.680000000003,6337.700000000003,6329.690000000002,6331.690000000002,491
2026-07-17T18:30:00+00:00,6331.690000000002,6336.200000000003,6325.700000000003,6331.700000000003,532
2026-07-17T19:00:00+00:00,6331.700000000003,6332.200000000003,6315.690000000002,6323.180000000003,532
2026-07-17T19:30:00+00:00,6323.180000000003,6340.700000000003,6323.180000000003,6334.2400000000025,747
2026-07-20T06:00:00+00:00,6334.2400000000025,6335.2400000000025,6310.890000000003,6313.400000000002,445.6910435497124
2026-07-20T06:30:00+00:00,6313.400000000002,6316.390000000003,6306.380000000003,6316.390000000003,401
2026-07-20T07:00:00+00:00,6316.390000000003,6336.900000000002,6314.890000000003,6336.900000000002,1828
2026-07-20T07:30:00+00:00,6336.900000000002,6356.900000000002,6333.880000000003,6345.390000000003,1497
2026-07-20T08:00:00+00:00,6345.390000000003,6355.900000000002,6339.890000000003,6353.380000000003,665.2937931034483
2026-07-20T08:30:00+00:00,6353.380000000003,6353.900000000002,6340.380000000003,6347.880000000003,599
2026-07-20T09:00:00+00:00,6347.880000000003,6353.890000000003,6338.880000000003,6352.380000000003,382.00256245996155
2026-07-20T09:30:00+00:00,6352.380000000003,6359.400000000002,6348.390000000003,6350.900000000002,469.0316742081448
2026-07-20T10:00:00+00:00,6350.900000000002,6351.890000000003,6337.880000000003,6340.380000000003,398
2026-07-20T10:30:00+00:00,6340.380000000003,6341.900000000002,6324.880000000003,6337.900000000002,595
2026-07-20T11:00:00+00:00,6337.900000000002,6345.880000000003,6336.880000000003,6343.880000000003,677
2026-07-20T11:30:00+00:00,6343.880000000003,6369.380000000003,6341.890000000003,6362.400000000002,2323
2026-07-20T12:00:00+00:00,6362.400000000002,6362.880000000003,6337.380000000003,6351.380000000003,1454
2026-07-20T12:30:00+00:00,6351.380000000003,6355.880000000003,6333.880000000003,6336.380000000003,555
2026-07-20T13:00:00+00:00,6336.380000000003,6338.900000000002,6326.880000000003,6336.880000000003,525
2026-07-20T13:30:00+00:00,6336.880000000003,6344.900000000002,6318.890000000003,6324.890000000003,1393
2026-07-20T14:00:00+00:00,6324.890000000003,6334.900000000002,6319.900000000002,6334.900000000002,1370
2026-07-20T14:30:00+00:00,6334.900000000002,6338.900000000002,6324.880000000003,6330.880000000003,1140
2026-07-20T15:00:00+00:00,6330.880000000003,6343.900000000002,6324.880000000003,6340.880000000003,1311
2026-07-20T15:30:00+00:00,6340.880000000003,6341.900000000002,6323.880000000003,6333.400000000002,693
2026-07-20T16:00:00+00:00,6333.400000000002,6341.900000000002,6332.880000000003,6336.380000000003,521
2026-07-20T16:30:00+00:00,6336.380000000003,6337.880000000003,6315.890000000003,6324.880000000003,1148
2026-07-20T17:00:00+00:00,6324.880000000003,6326.900000000002,6316.380000000003,6319.390000000003,484
2026-07-20T17:30:00+00:00,6319.390000000003,6321.900000000002,6313.880000000003,6317.890000000003,473
2026-07-20T18:00:00+00:00,6317.890000000003,6322.900000000002,6313.880000000003,6315.900000000002,598
2026-07-20T18:30:00+00:00,6315.900000000002,6315.900000000002,6299.880000000003,6303.880000000003,687
2026-07-20T19:00:00+00:00,6303.880000000003,6306.900000000002,6290.380000000003,6299.880000000003,690
2026-07-20T19:30:00+00:00,6299.880000000003,6305.390000000003,6294.880000000003,6295.950000000003,761
2026-07-21T06:00:00+00:00,6295.950000000003,6347.340000000003,6294.950000000003,6340.320000000002,390.4951856946355
2026-07-21T06:30:00+00:00,6340.320000000002,6347.340000000003,6339.320000000002,6346.330000000003,453
2026-07-21T07:00:00+00:00,6346.330000000003,6372.340000000003,6344.330000000003,6349.320000000002,2004
2026-07-21T07:30:00+00:00,6349.320000000002,6361.340000000003,6343.320000000002,6358.340000000003,838
2026-07-21T08:00:00+00:00,6358.340000000003,6364.340000000003,6352.320000000002,6357.840000000003,953
2026-07-21T08:30:00+00:00,6357.840000000003,6368.330000000003,6357.320000000002,6362.840000000003,506
2026-07-21T09:00:00+00:00,6362.840000000003,6379.320000000002,6362.320000000002,6368.830000000003,515.7698630136986
2026-07-21T09:30:00+00:00,6368.830000000003,6381.820000000002,6367.320000000002,6374.340000000003,494
2026-07-21T10:00:00+00:00,6374.340000000003,6385.340000000003,6374.320000000002,6378.320000000002,1127
2026-07-21T10:30:00+00:00,6378.320000000002,6384.330000000003,6373.320000000002,6373.330000000003,377
2026-07-21T11:00:00+00:00,6373.330000000003,6376.330000000003,6359.320000000002,6363.320000000002,509
2026-07-21T11:30:00+00:00,6363.320000000002,6369.330000000003,6360.320000000002,6362.340000000003,461
2026-07-21T12:00:00+00:00,6362.340000000003,6366.340000000003,6350.320000000002,6351.320000000002,700
2026-07-21T12:30:00+00:00,6351.320000000002,6362.840000000003,6345.320000000002,6361.320000000002,784
2026-07-21T13:00:00+00:00,6361.320000000002,6362.330000000003,6354.320000000002,6356.330000000003,704.6699629171817
2026-07-21T13:30:00+00:00,6356.330000000003,6360.340000000003,6342.320000000002,6345.820000000002,1614
2026-07-21T14:00:00+00:00,6345.820000000002,6367.340000000003,6345.320000000002,6365.330000000003,1046
2026-07-21T14:30:00+00:00,6365.330000000003,6376.340000000003,6365.320000000002,6375.820000000002,723
2026-07-21T15:00:00+00:00,6375.820000000002,6387.320000000002,6371.320000000002,6385.320000000002,598
2026-07-21T15:30:00+00:00,6385.320000000002,6393.320000000002,6383.320000000002,6388.340000000003,575
2026-07-21T16:00:00+00:00,6388.340000000003,6395.840000000003,6388.320000000002,6395.340000000003,266
2026-07-21T16:30:00+00:00,6395.340000000003,6398.320000000002,6393.320000000002,6394.320000000002,176.95508637236085
2026-07-21T17:00:00+00:00,6394.320000000002,6397.340000000003,6392.820000000002,6393.340000000003,309
2026-07-21T17:30:00+00:00,6393.340000000003,6396.340000000003,6393.320000000002,6395.340000000003,198.3016069221261
2026-07-21T18:00:00+00:00,6395.340000000003,6397.340000000003,6393.320000000002,6396.320000000002,266
2026-07-21T18:30:00+00:00,6396.320000000002,6399.330000000003,6395.320000000002,6396.330000000003,131.58590224871136
2026-07-21T19:00:00+00:00,6396.330000000003,6397.330000000003,6393.320000000002,6395.340000000003,150
2026-07-21T19:30:00+00:00,6395.340000000003,6400.340000000003,6394.320000000002,6399.390000000003,283
2026-07-22T06:00:00+00:00,6399.390000000003,6400.890000000003,6379.480000000002,6380.9900000000025,528.6882661996498
2026-07-22T06:30:00+00:00,6380.9900000000025,6383.4900000000025,6367.480000000002,6367.980000000002,356
2026-07-22T07:00:00+00:00,6367.980000000002,6384.4900000000025,6356.4900000000025,6381.480000000002,1610
2026-07-22T07:30:00+00:00,6381.480000000002,6382.4900000000025,6363.500000000003,6378.980000000002,1082
2026-07-22T08:00:00+00:00,6378.980000000002,6403.4900000000025,6378.480000000002,6402.9900000000025,1037
2026-07-22T08:30:00+00:00,6402.9900000000025,6417.500000000003,6401.4900000000025,6417.500000000003,615
2026-07-22T09:00:00+00:00,6417.500000000003,6433.000000000003,6416.480000000002,6422.4900000000025,730
2026-07-22T09:30:00+00:00,6422.4900000000025,6422.4900000000025,6398.480000000002,6408.480000000002,733
2026-07-22T10:00:00+00:00,6408.480000000002,6430.500000000003,6407.980000000002,6428.4900000000025,831
2026-07-22T10:30:00+00:00,6428.4900000000025,6429.500000000003,6412.4900000000025,6413.000000000003,677
2026-07-22T11:00:00+00:00,6413.000000000003,6413.000000000003,6398.480000000002,6403.480000000002,867
2026-07-22T11:30:00+00:00,6403.480000000002,6409.9900000000025,6392.4900000000025,6399.500000000003,1199
2026-07-22T12:00:00+00:00,6399.500000000003,6411.500000000003,6396.500000000003,6411.000000000003,489
2026-07-22T12:30:00+00:00,6411.000000000003,6420.4900000000025,6399.480000000002,6411.980000000002,973
2026-07-22T13:00:00+00:00,6411.980000000002,6426.4900000000025,6411.500000000003,6425.4900000000025,480
2026-07-22T13:30:00+00:00,6425.4900000000025,6433.500000000003,6411.4900000000025,6430.9900000000025,1131
2026-07-22T14:00:00+00:00,6430.9900000000025,6431.500000000003,6419.4900000000025,6427.000000000003,763
2026-07-22T14:30:00+00:00,6427.000000000003,6429.480000000002,6420.000000000003,6424.4900000000025,668
2026-07-22T15:00:00+00:00,6424.4900000000025,6427.4900000000025,6419.000000000003,6426.480000000002,356
2026-07-22T15:30:00+00:00,6426.480000000002,6434.500000000003,6422.4900000000025,6433.480000000002,455
2026-07-22T16:00:00+00:00,6433.480000000002,6434.4900000000025,6420.480000000002,6424.500000000003,223
2026-07-22T16:30:00+00:00,6424.500000000003,6433.500000000003,6422.480000000002,6432.500000000003,242
2026-07-22T17:00:00+00:00,6432.500000000003,6433.9900000000025,6429.480000000002,6432.4900000000025,323
2026-07-22T17:30:00+00:00,6432.4900000000025,6434.4900000000025,6426.500000000003,6426.500000000003,236
2026-07-22T18:00:00+00:00,6426.500000000003,6427.500000000003,6418.480000000002,6420.500000000003,317
2026-07-22T18:30:00+00:00,6420.500000000003,6423.500000000003,6418.000000000003,6421.480000000002,205.98845393629716
2026-07-22T19:00:00+00:00,6421.480000000002,6421.4900000000025,6417.480000000002,6420.4900000000025,155.88258677472902
2026-07-22T19:30:00+00:00,6420.4900000000025,6423.500000000003,6414.980000000002,6415.540000000003,307.4991212653779
2026-07-23T06:00:00+00:00,6415.540000000003,6416.540000000003,6402.720000000003,6408.710000000003,297.4829344841114
2026-07-23T06:30:00+00:00,6408.710000000003,6408.720000000003,6398.700000000003,6399.720000000003,348.27465701999864
2026-07-23T07:00:00+00:00,6399.720000000003,6402.220000000003,6354.200000000003,6371.200000000003,2306
2026-07-23T07:30:00+00:00,6371.200000000003,6375.710000000003,6360.700000000003,6374.710000000003,1311
2026-07-23T08:00:00+00:00,6374.710000000003,6388.200000000003,6367.700000000003,6386.720000000003,1243
2026-07-23T08:30:00+00:00,6386.720000000003,6389.710000000003,6371.700000000003,6381.200000000003,816
2026-07-23T09:00:00+00:00,6381.200000000003,6394.720000000003,6365.700000000003,6368.710000000003,910
2026-07-23T09:30:00+00:00,6368.710000000003,6373.710000000003,6361.200000000003,6362.720000000003,617
2026-07-23T10:00:00+00:00,6362.720000000003,6366.220000000003,6353.700000000003,6355.720000000003,648
2026-07-23T10:30:00+00:00,6355.720000000003,6374.710000000003,6355.700000000003,6370.710000000003,664
2026-07-23T11:00:00+00:00,6370.710000000003,6371.220000000003,6352.700000000003,6355.710000000003,547
2026-07-23T11:30:00+00:00,6355.710000000003,6368.720000000003,6345.710000000003,6359.710000000003,1042
2026-07-23T12:00:00+00:00,6359.710000000003,6360.710000000003,6337.760000000003,6341.200000000003,1267
2026-07-23T12:30:00+00:00,6341.200000000003,6341.720000000003,6319.700000000003,6322.210000000003,1275
2026-07-23T13:00:00+00:00,6322.210000000003,6322.710000000003,6305.210000000003,6307.720000000003,1589
2026-07-23T13:30:00+00:00,6307.720000000003,6333.720000000003,6305.700000000003,6316.720000000003,2242
2026-07-23T14:00:00+00:00,6316.720000000003,6331.720000000003,6313.700000000003,6327.720000000003,2482
2026-07-23T14:30:00+00:00,6327.720000000003,6329.720000000003,6309.710000000003,6319.210000000003,1740
2026-07-23T15:00:00+00:00,6319.210000000003,6319.720000000003,6296.700000000003,6300.700000000003,1566
2026-07-23T15:30:00+00:00,6300.700000000003,6319.200000000003,6295.700000000003,6318.710000000003,1199
2026-07-23T16:00:00+00:00,6318.710000000003,6334.700000000003,6317.700000000003,6332.700000000003,972
2026-07-23T16:30:00+00:00,6332.700000000003,6333.700000000003,6317.720000000003,6322.710000000003,724
2026-07-23T17:00:00+00:00,6322.710000000003,6323.710000000003,6313.700000000003,6317.720000000003,769
2026-07-23T17:30:00+00:00,6317.720000000003,6318.710000000003,6308.710000000003,6308.720000000003,760
2026-07-23T18:00:00+00:00,6308.720000000003,6310.720000000003,6303.700000000003,6310.720000000003,760
2026-07-23T18:30:00+00:00,6310.720000000003,6311.720000000003,6305.700000000003,6307.710000000003,685
2026-07-23T19:00:00+00:00,6307.710000000003,6312.720000000003,6303.700000000003,6311.220000000003,263
2026-07-23T19:30:00+00:00,6311.220000000003,6314.720000000003,6299.210000000003,6312.760000000003,629
2026-07-24T06:00:00+00:00,6312.760000000003,6315.480000000002,6302.470000000003,6305.980000000002,391.3143451143451
2026-07-24T06:30:00+00:00,6305.980000000002,6310.4900000000025,6292.470000000003,6306.4900000000025,600
2026-07-24T07:00:00+00:00,6306.4900000000025,6353.480000000002,6304.470000000003,6346.980000000002,1590
2026-07-24T07:30:00+00:00,6346.980000000002,6351.980000000002,6339.480000000002,6341.9900000000025,869
2026-07-24T08:00:00+00:00,6341.9900000000025,6353.9900000000025,6335.470000000003,6353.970000000003,745
2026-07-24T08:30:00+00:00,6353.970000000003,6361.4900000000025,6350.480000000002,6352.9900000000025,613
2026-07-24T09:00:00+00:00,6352.9900000000025,6363.4900000000025,6350.470000000003,6358.480000000002,607
2026-07-24T09:30:00+00:00,6358.480000000002,6367.4900000000025,6356.470000000003,6363.9900000000025,607
2026-07-24T10:00:00+00:00,6363.9900000000025,6365.470000000003,6353.480000000002,6359.4900000000025,322
2026-07-24T10:30:00+00:00,6359.4900000000025,6363.480000000002,6355.470000000003,6355.980000000002,366
2026-07-24T11:00:00+00:00,6355.980000000002,6359.480000000002,6345.480000000002,6348.9900000000025,434
2026-07-24T11:30:00+00:00,6348.9900000000025,6362.4900000000025,6342.470000000003,6357.4900000000025,856
2026-07-24T12:00:00+00:00,6357.4900000000025,6364.480000000002,6350.4900000000025,6356.480000000002,766
2026-07-24T12:30:00+00:00,6356.480000000002,6358.4900000000025,6343.970000000003,6345.4900000000025,361
2026-07-24T13:00:00+00:00,6345.4900000000025,6359.4900000000025,6345.4900000000025,6358.4900000000025,387
2026-07-24T13:30:00+00:00,6358.4900000000025,6362.4900000000025,6343.470000000003,6347.480000000002,1504
2026-07-24T14:00:00+00:00,6347.480000000002,6360.4900000000025,6345.470000000003,6352.4900000000025,1575
2026-07-24T14:30:00+00:00,6352.4900000000025,6361.4900000000025,6343.470000000003,6359.4900000000025,1215
2026-07-24T15:00:00+00:00,6359.4900000000025,6383.4900000000025,6353.470000000003,6382.470000000003,1691
2026-07-24T15:30:00+00:00,6382.470000000003,6392.4900000000025,6379.480000000002,6389.970000000003,864
2026-07-24T16:00:00+00:00,6389.970000000003,6395.4900000000025,6389.470000000003,6390.470000000003,403
2026-07-24T16:30:00+00:00,6390.470000000003,6391.4900000000025,6379.970000000003,6386.470000000003,529
2026-07-24T17:00:00+00:00,6386.470000000003,6388.4900000000025,6372.470000000003,6388.470000000003,725
2026-07-24T17:30:00+00:00,6388.470000000003,6390.480000000002,6381.470000000003,6381.470000000003,425
2026-07-24T18:00:00+00:00,6381.470000000003,6384.480000000002,6370.970000000003,6371.4900000000025,284
2026-07-24T18:30:00+00:00,6371.4900000000025,6371.4900000000025,6362.4900000000025,6367.470000000003,696
2026-07-24T19:00:00+00:00,6367.470000000003,6368.9900000000025,6356.470000000003,6358.4900000000025,454
2026-07-24T19:30:00+00:00,6358.4900000000025,6369.4900000000025,6358.470000000003,6368.520000000002,658
2026-07-27T06:00:00+00:00,6368.520000000002,6453.180000000003,6368.020000000002,6451.160000000003,280.0073610599926
2026-07-27T06:30:00+00:00,6451.160000000003,6455.180000000003,6443.680000000003,6443.680000000003,390.06543385490755
2026-07-27T07:00:00+00:00,6443.680000000003,6454.680000000003,6438.160000000003,6442.180000000003,1128
2026-07-27T07:30:00+00:00,6442.180000000003,6453.670000000003,6436.660000000003,6436.660000000003,700
2026-07-27T08:00:00+00:00,6436.660000000003,6448.180000000003,6431.160000000003,6447.180000000003,727
2026-07-27T08:30:00+00:00,6447.180000000003,6466.660000000003,6445.160000000003,6465.680000000003,496
2026-07-27T09:00:00+00:00,6465.680000000003,6466.180000000003,6458.170000000003,6460.670000000003,427
2026-07-27T09:30:00+00:00,6460.670000000003,6466.680000000003,6458.160000000003,6461.670000000003,341.2429378531074
2026-07-27T10:00:00+00:00,6461.670000000003,6468.180000000003,6457.160000000003,6467.160000000003,475
2026-07-27T10:30:00+00:00,6467.160000000003,6473.180000000003,6465.160000000003,6469.170000000003,203
2026-07-27T11:00:00+00:00,6469.170000000003,6473.660000000003,6465.160000000003,6470.160000000003,256
2026-07-27T11:30:00+00:00,6470.160000000003,6473.180000000003,6466.180000000003,6468.660000000003,492
2026-07-27T12:00:00+00:00,6468.660000000003,6470.660000000003,6456.160000000003,6459.180000000003,559
2026-07-27T12:30:00+00:00,6459.180000000003,6466.180000000003,6457.160000000003,6464.680000000003,421
2026-07-27T13:00:00+00:00,6464.680000000003,6466.680000000003,6443.180000000003,6443.180000000003,537
2026-07-27T13:30:00+00:00,6443.180000000003,6447.160000000003,6425.170000000003,6427.180000000003,945
2026-07-27T14:00:00+00:00,6427.180000000003,6431.170000000003,6406.170000000003,6406.170000000003,972
2026-07-27T14:30:00+00:00,6406.170000000003,6420.670000000003,6400.160000000003,6420.180000000003,1373
2026-07-27T15:00:00+00:00,6420.180000000003,6421.180000000003,6398.170000000003,6402.170000000003,1052
2026-07-27T15:30:00+00:00,6402.170000000003,6402.170000000003,6386.170000000003,6391.670000000003,704
2026-07-27T16:00:00+00:00,6391.670000000003,6410.660000000003,6388.660000000003,6406.670000000003,940
2026-07-27T16:30:00+00:00,6406.670000000003,6412.170000000003,6391.180000000003,6392.170000000003,702
2026-07-27T17:00:00+00:00,6392.170000000003,6398.180000000003,6387.180000000003,6395.680000000003,421
2026-07-27T17:30:00+00:00,6395.680000000003,6404.180000000003,6395.680000000003,6403.670000000003,460
2026-07-27T18:00:00+00:00,6403.670000000003,6404.180000000003,6397.160000000003,6401.680000000003,475
2026-07-27T18:30:00+00:00,6401.680000000003,6412.180000000003,6396.670000000003,6411.680000000003,564
2026-07-27T19:00:00+00:00,6411.680000000003,6418.170000000003,6410.160000000003,6417.180000000003,370
2026-07-27T19:30:00+00:00,6417.180000000003,6420.680000000003,6413.170000000003,6415.710000000003,306
2026-07-28T06:00:00+00:00,6415.710000000003,6418.710000000003,6390.540000000003,6398.540000000003,575.1547344110854
2026-07-28T06:30:00+00:00,6398.540000000003,6409.560000000002,6394.550000000003,6401.550000000003,392
2026-07-28T07:00:00+00:00,6401.550000000003,6423.560000000002,6399.540000000003,6412.550000000003,1615
2026-07-28T07:30:00+00:00,6412.550000000003,6413.550000000003,6391.560000000002,6396.050000000003,1066
2026-07-28T08:00:00+00:00,6396.050000000003,6405.540000000003,6390.050000000003,6404.040000000003,1312
2026-07-28T08:30:00+00:00,6404.040000000003,6414.550000000003,6396.560000000002,6403.540000000003,728
2026-07-28T09:00:00+00:00,6403.540000000003,6414.560000000002,6400.550000000003,6414.560000000002,473
2026-07-28T09:30:00+00:00,6414.560000000002,6414.560000000002,6406.540000000003,6407.540000000003,305
2026-07-28T10:00:00+00:00,6407.540000000003,6409.550000000003,6393.540000000003,6398.560000000002,461
2026-07-28T10:30:00+00:00,6398.560000000002,6399.560000000002,6386.540000000003,6390.040000000003,657
2026-07-28T11:00:00+00:00,6390.040000000003,6392.550000000003,6377.550000000003,6378.540000000003,918
2026-07-28T11:30:00+00:00,6378.540000000003,6381.550000000003,6369.540000000003,6380.540000000003,554
2026-07-28T12:00:00+00:00,6380.540000000003,6386.550000000003,6373.540000000003,6375.560000000002,616
2026-07-28T12:30:00+00:00,6375.560000000002,6378.560000000002,6368.540000000003,6370.560000000002,550
2026-07-28T13:00:00+00:00,6370.560000000002,6370.560000000002,6361.050000000003,6366.560000000002,392
2026-07-28T13:30:00+00:00,6366.560000000002,6380.560000000002,6364.550000000003,6376.060000000002,1891
2026-07-28T14:00:00+00:00,6376.060000000002,6388.560000000002,6375.560000000002,6388.560000000002,1687
2026-07-28T14:30:00+00:00,6388.560000000002,6392.560000000002,6379.560000000002,6380.040000000003,1248
2026-07-28T15:00:00+00:00,6380.040000000003,6404.560000000002,6372.560000000002,6402.050000000003,1685
2026-07-28T15:30:00+00:00,6402.050000000003,6412.560000000002,6395.560000000002,6412.060000000002,531
2026-07-28T16:00:00+00:00,6412.060000000002,6412.560000000002,6406.540000000003,6407.060000000002,409
2026-07-28T16:30:00+00:00,6407.060000000002,6418.550000000003,6404.040000000003,6416.560000000002,389
2026-07-28T17:00:00+00:00,6416.560000000002,6418.540000000003,6406.540000000003,6409.040000000003,704
2026-07-28T17:30:00+00:00,6409.040000000003,6412.050000000003,6403.550000000003,6405.550000000003,504
2026-07-28T18:00:00+00:00,6405.550000000003,6408.560000000002,6402.540000000003,6405.050000000003,432.44448865897334
2026-07-28T18:30:00+00:00,6405.050000000003,6411.540000000003,6404.540000000003,6410.560000000002,395.44462452728254
2026-07-28T19:00:00+00:00,6410.560000000002,6419.560000000002,6410.560000000002,6418.560000000002,368
2026-07-28T19:30:00+00:00,6418.560000000002,6418.560000000002,6407.550000000003,6408.110000000002,189
2026-07-29T06:00:00+00:00,6408.110000000002,6408.610000000002,6379.410000000003,6390.900000000002,361.47242380261247
2026-07-29T06:30:00+00:00,6390.900000000002,6406.400000000002,6390.900000000002,6403.900000000002,403
2026-07-29T07:00:00+00:00,6403.900000000002,6409.400000000002,6384.900000000002,6391.420000000003,1340
2026-07-29T07:30:00+00:00,6391.420000000003,6392.420000000003,6366.400000000002,6370.400000000002,864
2026-07-29T08:00:00+00:00,6370.400000000002,6373.410000000003,6338.900000000002,6341.900000000002,1146
2026-07-29T08:30:00+00:00,6341.900000000002,6366.420000000003,6340.420000000003,6362.900000000002,932
2026-07-29T09:00:00+00:00,6362.900000000002,6365.910000000003,6350.400000000002,6352.410000000003,723
2026-07-29T09:30:00+00:00,6352.410000000003,6366.420000000003,6351.410000000003,6360.920000000003,935
2026-07-29T10:00:00+00:00,6360.920000000003,6367.420000000003,6355.410000000003,6366.930000000003,747
2026-07-29T10:30:00+00:00,6366.930000000003,6369.910000000003,6356.930000000003,6358.920000000003,705
2026-07-29T11:00:00+00:00,6358.920000000003,6376.420000000003,6357.420000000003,6375.930000000003,552
2026-07-29T11:30:00+00:00,6375.930000000003,6379.430000000003,6368.910000000003,6378.930000000003,535
2026-07-29T12:00:00+00:00,6378.930000000003,6383.420000000003,6350.420000000003,6359.930000000003,1671
2026-07-29T12:30:00+00:00,6359.930000000003,6368.430000000003,6355.420000000003,6365.420000000003,531
2026-07-29T13:00:00+00:00,6365.420000000003,6370.420000000003,6358.930000000003,6366.430000000003,648
2026-07-29T13:30:00+00:00,6366.430000000003,6375.430000000003,6354.410000000003,6363.410000000003,1870
2026-07-29T14:00:00+00:00,6363.410000000003,6370.430000000003,6352.410000000003,6353.410000000003,1695
2026-07-29T14:30:00+00:00,6353.410000000003,6357.410000000003,6340.920000000003,6348.930000000003,1345
2026-07-29T15:00:00+00:00,6348.930000000003,6358.420000000003,6345.410000000003,6348.430000000003,1191
2026-07-29T15:30:00+00:00,6348.430000000003,6355.410000000003,6338.420000000003,6340.930000000003,768
2026-07-29T16:00:00+00:00,6340.930000000003,6352.430000000003,6334.430000000003,6346.920000000003,1018
2026-07-29T16:30:00+00:00,6346.920000000003,6354.430000000003,6342.410000000003,6354.430000000003,1132
2026-07-29T17:00:00+00:00,6354.430000000003,6370.420000000003,6353.410000000003,6362.910000000003,733
2026-07-29T17:30:00+00:00,6362.910000000003,6368.430000000003,6360.420000000003,6367.930000000003,778
2026-07-29T18:00:00+00:00,6367.930000000003,6388.430000000003,6364.420000000003,6370.430000000003,2973
2026-07-29T18:30:00+00:00,6370.430000000003,6405.430000000003,6362.430000000003,6403.420000000003,3564
2026-07-29T19:00:00+00:00,6403.420000000003,6407.410000000003,6362.420000000003,6370.410000000003,3375
2026-07-29T19:30:00+00:00,6370.410000000003,6375.430000000003,6329.970000000003,6335.970000000003,2132
2026-07-30T06:00:00+00:00,6335.970000000003,6360.910000000003,6333.470000000003,6349.900000000002,860.6072793457407
2026-07-30T06:30:00+00:00,6349.900000000002,6352.420000000003,6337.900000000002,6350.900000000002,756
2026-07-30T07:00:00+00:00,6350.900000000002,6383.420000000003,6341.900000000002,6372.400000000002,2907
2026-07-30T07:30:00+00:00,6372.400000000002,6379.920000000003,6353.900000000002,6366.410000000003,1324
2026-07-30T08:00:00+00:00,6366.410000000003,6390.920000000003,6359.910000000003,6388.420000000003,1782
2026-07-30T08:30:00+00:00,6388.420000000003,6392.900000000002,6372.420000000003,6378.910000000003,1054
2026-07-30T09:00:00+00:00,6378.910000000003,6398.420000000003,6378.410000000003,6394.420000000003,1051
2026-07-30T09:30:00+00:00,6394.420000000003,6398.400000000002,6377.400000000002,6377.910000000003,620
2026-07-30T10:00:00+00:00,6377.910000000003,6391.420000000003,6374.900000000002,6387.900000000002,740
2026-07-30T10:30:00+00:00,6387.900000000002,6402.400000000002,6387.400000000002,6392.920000000003,633
2026-07-30T11:00:00+00:00,6392.920000000003,6412.410000000003,6392.400000000002,6409.910000000003,575
2026-07-30T11:30:00+00:00,6409.910000000003,6417.920000000003,6402.400000000002,6412.420000000003,448
2026-07-30T12:00:00+00:00,6412.420000000003,6417.410000000003,6408.400000000002,6410.920000000003,706
2026-07-30T12:30:00+00:00,6410.920000000003,6416.420000000003,6402.410000000003,6415.420000000003,1060
2026-07-30T13:00:00+00:00,6415.420000000003,6435.420000000003,6415.420000000003,6435.400000000002,909
2026-07-30T13:30:00+00:00,6435.400000000002,6447.420000000003,6420.400000000002,6444.420000000003,1513
2026-07-30T14:00:00+00:00,6444.420000000003,6456.420000000003,6437.410000000003,6456.420000000003,846
2026-07-30T14:30:00+00:00,6456.420000000003,6460.420000000003,6445.400000000002,6448.400000000002,779
2026-07-30T15:00:00+00:00,6448.400000000002,6450.410000000003,6435.400000000002,6435.420000000003,916
2026-07-30T15:30:00+00:00,6435.420000000003,6451.410000000003,6432.900000000002,6447.420000000003,763
2026-07-30T16:00:00+00:00,6447.420000000003,6452.420000000003,6444.400000000002,6449.920000000003,470
2026-07-30T16:30:00+00:00,6449.920000000003,6452.420000000003,6446.400000000002,6449.420000000003,435
2026-07-30T17:00:00+00:00,6449.420000000003,6458.410000000003,6449.420000000003,6455.420000000003,315
2026-07-30T17:30:00+00:00,6455.420000000003,6460.420000000003,6453.410000000003,6455.410000000003,346
2026-07-30T18:00:00+00:00,6455.410000000003,6457.420000000003,6452.400000000002,6456.410000000003,248
2026-07-30T18:30:00+00:00,6456.410000000003,6458.420000000003,6453.920000000003,6458.410000000003,137
2026-07-30T19:00:00+00:00,6458.410000000003,6467.910000000003,6458.410000000003,6464.420000000003,189
2026-07-30T19:30:00+00:00,6464.420000000003,6469.410000000003,6461.400000000002,6467.470000000003,378
2026-07-31T06:00:00+00:00,6467.470000000003,6494.670000000003,6466.470000000003,6492.150000000002,191.0487421383648
2026-07-31T06:30:00+00:00,6492.150000000002,6494.660000000003,6473.170000000003,6479.150000000002,367
2026-07-31T07:00:00+00:00,6479.150000000002,6522.160000000003,6470.650000000002,6518.660000000003,1963
2026-07-31T07:30:00+00:00,6518.660000000003,6524.670000000003,6515.170000000003,6520.170000000003,1056
2026-07-31T08:00:00+00:00,6520.170000000003,6526.670000000003,6509.660000000003,6520.160000000003,1361
2026-07-31T08:30:00+00:00,6520.160000000003,6520.170000000003,6510.150000000002,6515.160000000003,655
2026-07-31T09:00:00+00:00,6515.160000000003,6520.170000000003,6503.650000000002,6513.650000000002,660
2026-07-31T09:30:00+00:00,6513.650000000002,6515.660000000003,6502.160000000003,6507.650000000002,619
2026-07-31T10:00:00+00:00,6507.650000000002,6513.670000000003,6502.650000000002,6509.650000000002,535
2026-07-31T10:30:00+00:00,6509.650000000002,6513.660000000003,6504.650000000002,6507.150000000002,514
2026-07-31T11:00:00+00:00,6507.150000000002,6512.670000000003,6496.660000000003,6497.670000000003,755
2026-07-31T11:30:00+00:00,6497.670000000003,6497.670000000003,6486.150000000002,6494.650000000002,779
2026-07-31T12:00:00+00:00,6494.650000000002,6494.650000000002,6483.650000000002,6486.150000000002,490
2026-07-31T12:30:00+00:00,6486.150000000002,6490.660000000003,6474.650000000002,6476.150000000002,850
2026-07-31T13:00:00+00:00,6476.150000000002,6483.670000000003,6472.650000000002,6477.650000000002,698
2026-07-31T13:30:00+00:00,6477.650000000002,6477.650000000002,6445.660000000003,6448.670000000003,1995
2026-07-31T14:00:00+00:00,6448.670000000003,6464.650000000002,6435.650000000002,6463.160000000003,2042
2026-07-31T14:30:00+00:00,6463.160000000003,6475.170000000003,6459.670000000003,6475.170000000003,1500
2026-07-31T15:00:00+00:00,6475.170000000003,6481.660000000003,6456.650000000002,6458.170000000003,869.8975551709217
2026-07-31T15:30:00+00:00,6458.170000000003,6472.660000000003,6448.650000000002,6469.670000000003,994
2026-07-31T16:00:00+00:00,6469.670000000003,6470.660000000003,6460.170000000003,6469.670000000003,596.4962573336031
2026-07-31T16:30:00+00:00,6469.670000000003,6473.670000000003,6464.660000000003,6470.160000000003,569
2026-07-31T17:00:00+00:00,6470.160000000003,6479.650000000002,6468.670000000003,6478.160000000003,356
2026-07-31T17:30:00+00:00,6478.160000000003,6478.160000000003,6468.650000000002,6470.650000000002,466
2026-07-31T18:00:00+00:00,6470.650000000002,6476.670000000003,6469.650000000002,6475.170000000003,359
2026-07-31T18:30:00+00:00,6475.170000000003,6475.650000000002,6469.650000000002,6471.160000000003,201
2026-07-31T19:00:00+00:00,6471.160000000003,6479.670000000003,6467.650000000002,6475.650000000002,355
2026-07-31T19:30:00+00:00,6475.650000000002,6484.670000000003,6467.150000000002,6469.200000000003,509
